country,year,neo13
afg,2000,2867.83203125
afg,2001,2983.13232421875
afg,2002,3156.519287109375
afg,2003,3421.3388671875
afg,2004,3752.4443359375
afg,2005,3908.059814453125
afg,2006,3893.847412109375
afg,2007,3756.4365234375
afg,2008,3625.48828125
afg,2009,3468.94775390625
afg,2010,3260.76171875
afg,2011,3061.276123046875
afg,2012,2930.731689453125
afg,2013,2851.887451171875
afg,2014,2801.921142578125
afg,2015,2745.2763671875
afg,2016,2672.255615234375
afg,2017,2611.048828125
ago,2000,1770.5404052734375
ago,2001,1804.79833984375
ago,2002,1845.3824462890625
ago,2003,1921.099853515625
ago,2004,1999.8424072265625
ago,2005,2045.2716064453125
ago,2006,2022.3284912109375
ago,2007,1986.35546875
ago,2008,1946.66845703125
ago,2009,1906.6636962890625
ago,2010,1835.0462646484375
ago,2011,1769.8795166015625
ago,2012,1739.8377685546875
ago,2013,1756.4532470703125
ago,2014,1804.7674560546875
ago,2015,1853.3807373046875
ago,2016,1929.2930908203125
ago,2017,1923.135009765625
alb,2000,20.364248275756836
alb,2001,19.44148826599121
alb,2002,19.27936363220215
alb,2003,18.95452308654785
alb,2004,18.460344314575195
alb,2005,17.554323196411133
alb,2006,16.31608772277832
alb,2007,14.885371208190918
alb,2008,13.584683418273926
alb,2009,12.398163795471191
alb,2010,11.778592109680176
alb,2011,11.312849044799805
alb,2012,11.026260375976562
alb,2013,10.963362693786621
alb,2014,11.172674179077148
alb,2015,11.564105033874512
alb,2016,11.947920799255371
alb,2017,11.946478843688965
and,2000,0.0
and,2001,0.0
and,2002,0.0
and,2003,0.0
and,2004,0.0
and,2005,0.0
and,2006,0.0
and,2007,0.0
and,2008,0.0
and,2009,0.0
and,2010,0.0
and,2011,0.0
and,2012,0.0
and,2013,0.0
and,2014,0.0
and,2015,0.0
and,2016,0.0
and,2017,0.0
are,2000,43.48287582397461
are,2001,41.944583892822266
are,2002,40.82508087158203
are,2003,39.95652389526367
are,2004,39.3990478515625
are,2005,38.69367218017578
are,2006,38.106414794921875
are,2007,37.70292663574219
are,2008,37.30177688598633
are,2009,37.005767822265625
are,2010,36.76565170288086
are,2011,36.59272384643555
are,2012,36.77814483642578
are,2013,37.07494354248047
are,2014,37.649810791015625
are,2015,38.41565704345703
are,2016,38.88370895385742
are,2017,39.06867218017578
arg,2000,513.2582397460938
arg,2001,476.59130859375
arg,2002,374.7021789550781
arg,2003,392.8423156738281
arg,2004,390.1307373046875
arg,2005,383.6215515136719
arg,2006,369.458984375
arg,2007,366.7748718261719
arg,2008,371.42669677734375
arg,2009,365.7562561035156
arg,2010,341.9280090332031
arg,2011,380.44378662109375
arg,2012,428.8426513671875
arg,2013,435.5409851074219
arg,2014,435.472900390625
arg,2015,398.244873046875
arg,2016,372.1006774902344
arg,2017,350.6166076660156
arm,2000,21.67508888244629
arm,2001,22.315332412719727
arm,2002,23.240842819213867
arm,2003,24.111515045166016
arm,2004,24.88563346862793
arm,2005,25.719545364379883
arm,2006,26.206079483032227
arm,2007,26.368488311767578
arm,2008,26.163949966430664
arm,2009,25.89647674560547
arm,2010,25.326377868652344
arm,2011,24.631153106689453
arm,2012,23.627727508544922
arm,2013,22.653167724609375
arm,2014,21.548749923706055
arm,2015,20.534622192382812
arm,2016,19.40985679626465
arm,2017,18.06060218811035
atg,2000,0.8045976758003235
atg,2001,0.7463620901107788
atg,2002,0.7827699184417725
atg,2003,0.37576398253440857
atg,2004,0.6566213965415955
atg,2005,0.6397849321365356
atg,2006,1.7413493394851685
atg,2007,2.098447799682617
atg,2008,2.784858226776123
atg,2009,2.080357074737549
atg,2010,1.855769157409668
atg,2011,0.995555579662323
atg,2012,0.3864734470844269
atg,2013,0.5568181276321411
atg,2014,0.5833333134651184
atg,2015,0.8209876418113708
atg,2016,0.4634259343147278
atg,2017,0.611111044883728
aus,2000,200.28268432617188
aus,2001,224.99998474121094
aus,2002,224.05978393554688
aus,2003,252.13844299316406
aus,2004,140.46969604492188
aus,2005,143.5795440673828
aus,2006,146.00245666503906
aus,2007,140.68606567382812
aus,2008,167.02586364746094
aus,2009,193.19444274902344
aus,2010,159.41212463378906
aus,2011,142.98580932617188
aus,2012,143.35260009765625
aus,2013,139.03372192382812
aus,2014,128.09999084472656
aus,2015,131.44000244140625
aus,2016,125.88313293457031
aus,2017,122.25537872314453
aut,2000,21.823999404907227
aut,2001,35.27419662475586
aut,2002,3.334883689880371
aut,2003,9.237886428833008
aut,2004,7.662447929382324
aut,2005,0.9733333587646484
aut,2006,11.210526466369629
aut,2007,22.021276473999023
aut,2008,26.39000129699707
aut,2009,37.8532600402832
aut,2010,32.349517822265625
aut,2011,21.90322494506836
aut,2012,28.525714874267578
aut,2013,33.39890670776367
aut,2014,29.467742919921875
aut,2015,26.71428680419922
aut,2016,30.525001525878906
aut,2017,30.030000686645508
aze,2000,240.44361877441406
aze,2001,225.06967163085938
aze,2002,212.49447631835938
aze,2003,202.0281524658203
aze,2004,193.48046875
aze,2005,186.634521484375
aze,2006,181.98289489746094
aze,2007,178.9972381591797
aze,2008,176.15420532226562
aze,2009,173.82212829589844
aze,2010,171.290771484375
aze,2011,165.14613342285156
aze,2012,157.78025817871094
aze,2013,149.20077514648438
aze,2014,139.31268310546875
aze,2015,128.4856719970703
aze,2016,117.47968292236328
aze,2017,106.66768646240234
bdi,2000,431.509521484375
bdi,2001,442.27703857421875
bdi,2002,457.5609130859375
bdi,2003,470.1922607421875
bdi,2004,477.7102966308594
bdi,2005,481.663818359375
bdi,2006,486.4288635253906
bdi,2007,502.3396911621094
bdi,2008,529.23828125
bdi,2009,562.8662719726562
bdi,2010,573.0255126953125
bdi,2011,559.2638549804688
bdi,2012,542.6257934570312
bdi,2013,533.6995239257812
bdi,2014,532.2740478515625
bdi,2015,529.778564453125
bdi,2016,524.7218017578125
bdi,2017,519.7623291015625
bel,2000,44.9249267578125
bel,2001,45.0
bel,2002,56.09756088256836
bel,2003,50.156742095947266
bel,2004,46.041236877441406
bel,2005,47.07920837402344
bel,2006,64.2272720336914
bel,2007,58.62300109863281
bel,2008,60.085628509521484
bel,2009,48.36298751831055
bel,2010,51.65217590332031
bel,2011,51.340660095214844
bel,2012,49.48630142211914
bel,2013,49.06666564941406
bel,2014,54.329750061035156
bel,2015,50.22713851928711
bel,2016,49.3397331237793
bel,2017,48.27484893798828
ben,2000,468.421875
ben,2001,468.57415771484375
ben,2002,473.3663024902344
ben,2003,485.0409240722656
ben,2004,504.675048828125
ben,2005,518.9253540039062
ben,2006,523.8679809570312
ben,2007,524.47802734375
ben,2008,530.8512573242188
ben,2009,544.7144165039062
ben,2010,561.5400390625
ben,2011,575.8024291992188
ben,2012,585.4387817382812
ben,2013,586.626708984375
ben,2014,579.66259765625
ben,2015,571.6353149414062
ben,2016,563.8018798828125
ben,2017,565.4064331054688
bfa,2000,777.0064697265625
bfa,2001,789.0380249023438
bfa,2002,795.1942138671875
bfa,2003,800.0556640625
bfa,2004,795.5160522460938
bfa,2005,791.4423828125
bfa,2006,784.1490478515625
bfa,2007,780.5249633789062
bfa,2008,778.1602783203125
bfa,2009,778.8927001953125
bfa,2010,778.5440063476562
bfa,2011,777.3814697265625
bfa,2012,772.3635864257812
bfa,2013,770.16064453125
bfa,2014,768.0618286132812
bfa,2015,767.282470703125
bfa,2016,766.3076171875
bfa,2017,761.31396484375
bgd,2000,10057.4765625
bgd,2001,9539.41015625
bgd,2002,9012.2958984375
bgd,2003,8506.041015625
bgd,2004,8032.26708984375
bgd,2005,7584.4072265625
bgd,2006,7196.39111328125
bgd,2007,6783.27001953125
bgd,2008,6361.72607421875
bgd,2009,5939.53662109375
bgd,2010,5532.673828125
bgd,2011,5154.69091796875
bgd,2012,4803.93017578125
bgd,2013,4498.33544921875
bgd,2014,4241.79248046875
bgd,2015,3987.721435546875
bgd,2016,3722.052001953125
bgd,2017,3486.932861328125
bgr,2000,69.69924926757812
bgr,2001,47.652259826660156
bgr,2002,53.34193801879883
bgr,2003,39.551021575927734
bgr,2004,34.472225189208984
bgr,2005,19.624414443969727
bgr,2006,17.525772094726562
bgr,2007,22.454294204711914
bgr,2008,5.93684196472168
bgr,2009,14.057143211364746
bgr,2010,16.149999618530273
bgr,2011,19.909835815429688
bgr,2012,5.521885395050049
bgr,2013,8.895306587219238
bgr,2014,13.7619047164917
bgr,2015,8.5224027633667
bgr,2016,8.054139137268066
bgr,2017,7.617093086242676
bhr,2000,5.185185432434082
bhr,2001,3.1935484409332275
bhr,2002,0.0
bhr,2003,2.470588207244873
bhr,2004,2.7761194705963135
bhr,2005,2.1785712242126465
bhr,2006,1.605263113975525
bhr,2007,3.2727272510528564
bhr,2008,4.7058820724487305
bhr,2009,3.519230842590332
bhr,2010,3.024390459060669
bhr,2011,1.7999999523162842
bhr,2012,8.86363697052002
bhr,2013,2.9777779579162598
bhr,2014,1.721518874168396
bhr,2015,4.486785411834717
bhr,2016,4.486785411834717
bhr,2017,4.421759605407715
bhs,2000,1.7128677368164062
bhs,2001,2.579028844833374
bhs,2002,4.017684459686279
bhs,2003,3.9795989990234375
bhs,2004,2.933333158493042
bhs,2005,2.460533857345581
bhs,2006,3.1149048805236816
bhs,2007,4.3989667892456055
bhs,2008,4.372608184814453
bhs,2009,3.529500961303711
bhs,2010,2.922502279281616
bhs,2011,1.7602639198303223
bhs,2012,2.313363790512085
bhs,2013,1.7879650592803955
bhs,2014,2.007357120513916
bhs,2015,1.7353523969650269
bhs,2016,1.5965243577957153
bhs,2017,1.52711021900177
bih,2000,18.43378257751465
bih,2001,16.39266586303711
bih,2002,14.913981437683105
bih,2003,13.71334457397461
bih,2004,12.934691429138184
bih,2005,12.460092544555664
bih,2006,12.233443260192871
bih,2007,12.086606979370117
bih,2008,11.931771278381348
bih,2009,11.678770065307617
bih,2010,11.161148071289062
bih,2011,10.6128568649292
bih,2012,10.036065101623535
bih,2013,9.433732986450195
bih,2014,8.927303314208984
bih,2015,8.47183609008789
bih,2016,8.110148429870605
bih,2017,7.867891311645508
blr,2000,35.80506134033203
blr,2001,33.128631591796875
blr,2002,30.725631713867188
blr,2003,28.311891555786133
blr,2004,26.111480712890625
blr,2005,24.156436920166016
blr,2006,22.152355194091797
blr,2007,20.457483291625977
blr,2008,19.011009216308594
blr,2009,17.934480667114258
blr,2010,17.843019485473633
blr,2011,17.82858657836914
blr,2012,18.29149627685547
blr,2013,18.532991409301758
blr,2014,18.26395606994629
blr,2015,17.614343643188477
blr,2016,16.85131072998047
blr,2017,16.10576057434082
blz,2000,0.5058139562606812
blz,2001,1.280885100364685
blz,2002,1.6616121530532837
blz,2003,3.1430366039276123
blz,2004,3.081812620162964
blz,2005,5.07962703704834
blz,2006,6.2994537353515625
blz,2007,7.251818656921387
blz,2008,5.789907455444336
blz,2009,6.073456764221191
blz,2010,6.594659805297852
blz,2011,7.004683017730713
blz,2012,7.894258499145508
blz,2013,9.012643814086914
blz,2014,11.497627258300781
blz,2015,11.2813081741333
blz,2016,11.257426261901855
blz,2017,10.775815963745117
bol,2000,429.5992431640625
bol,2001,417.1215515136719
bol,2002,405.6767272949219
bol,2003,395.0954284667969
bol,2004,384.94976806640625
bol,2005,373.14361572265625
bol,2006,360.424560546875
bol,2007,344.5899353027344
bol,2008,327.1768798828125
bol,2009,308.9387512207031
bol,2010,294.12237548828125
bol,2011,281.6852722167969
bol,2012,274.582763671875
bol,2013,271.2950134277344
bol,2014,270.496337890625
bol,2015,268.940185546875
bol,2016,262.5321350097656
bol,2017,253.3621368408203
bra,2000,6315.16259765625
bra,2001,6075.2412109375
bra,2002,6214.26904296875
bra,2003,5869.24072265625
bra,2004,5769.36279296875
bra,2005,5639.5126953125
bra,2006,5633.53466796875
bra,2007,5497.3271484375
bra,2008,4994.49169921875
bra,2009,4889.83447265625
bra,2010,5204.2978515625
bra,2011,4996.2890625
bra,2012,5198.87841796875
bra,2013,5310.36181640625
bra,2014,5397.326171875
bra,2015,5271.32666015625
bra,2016,5218.619140625
bra,2017,4549.75439453125
brb,2000,2.017676830291748
brb,2001,2.6528100967407227
brb,2002,3.0527474880218506
brb,2003,2.4927804470062256
brb,2004,1.4326653480529785
brb,2005,1.1740955114364624
brb,2006,2.3129844665527344
brb,2007,3.387820243835449
brb,2008,3.311020612716675
brb,2009,2.2739315032958984
brb,2010,3.061110734939575
brb,2011,3.922473907470703
brb,2012,4.811276912689209
brb,2013,4.058863639831543
brb,2014,4.162201404571533
brb,2015,4.150010585784912
brb,2016,4.006906986236572
brb,2017,3.8638031482696533
brn,2000,1.743248462677002
brn,2001,1.6948249340057373
brn,2002,1.6464014053344727
brn,2003,1.597977876663208
brn,2004,1.597977876663208
brn,2005,1.5495542287826538
brn,2006,1.5011307001113892
brn,2007,1.5011308193206787
brn,2008,1.5011308193206787
brn,2009,1.5011308193206787
brn,2010,1.591230034828186
brn,2011,1.649411678314209
brn,2012,1.5623677968978882
brn,2013,2.2118918895721436
brn,2014,2.2220330238342285
brn,2015,2.622016429901123
brn,2016,2.115030288696289
brn,2017,2.2148852348327637
btn,2000,27.087934494018555
btn,2001,25.298057556152344
btn,2002,23.615982055664062
btn,2003,22.01880645751953
btn,2004,20.626296997070312
btn,2005,19.331260681152344
btn,2006,18.340803146362305
btn,2007,17.464763641357422
btn,2008,16.55621910095215
btn,2009,15.693615913391113
btn,2010,14.751480102539062
btn,2011,13.76436710357666
btn,2012,12.802741050720215
btn,2013,11.926680564880371
btn,2014,11.194090843200684
btn,2015,10.717944145202637
btn,2016,10.325836181640625
btn,2017,9.880407333374023
bwa,2000,52.66961669921875
bwa,2001,54.653690338134766
bwa,2002,56.693519592285156
bwa,2003,58.926177978515625
bwa,2004,61.190032958984375
bwa,2005,63.197601318359375
bwa,2006,64.77510833740234
bwa,2007,66.65571594238281
bwa,2008,68.68057250976562
bwa,2009,71.19635009765625
bwa,2010,72.8405532836914
bwa,2011,73.22745513916016
bwa,2012,72.3770523071289
bwa,2013,70.91754150390625
bwa,2014,69.28276062011719
bwa,2015,67.13423156738281
bwa,2016,64.79398345947266
bwa,2017,62.51805877685547
caf,2000,308.2520751953125
caf,2001,311.909423828125
caf,2002,313.6513366699219
caf,2003,315.5237121582031
caf,2004,318.1114196777344
caf,2005,323.32696533203125
caf,2006,332.5676574707031
caf,2007,347.5923156738281
caf,2008,369.7277526855469
caf,2009,384.9658508300781
caf,2010,383.25994873046875
caf,2011,370.5200500488281
caf,2012,354.22064208984375
caf,2013,344.325439453125
caf,2014,327.760986328125
caf,2015,315.81524658203125
caf,2016,305.1000061035156
caf,2017,299.5393371582031
can,2000,153.09596252441406
can,2001,175.15406799316406
can,2002,200.30084228515625
can,2003,220.43553161621094
can,2004,195.56410217285156
can,2005,222.06314086914062
can,2006,252.46868896484375
can,2007,242.9950408935547
can,2008,252.01446533203125
can,2009,263.8745422363281
can,2010,239.44357299804688
can,2011,256.37030029296875
can,2012,253.59405517578125
can,2013,269.594970703125
can,2014,268.0566101074219
can,2015,265.74908447265625
can,2016,262.4801025390625
can,2017,258.057373046875
che,2000,7.873321056365967
che,2001,10.189936637878418
che,2002,10.952470779418945
che,2003,11.001778602600098
che,2004,6.051844120025635
che,2005,9.710808753967285
che,2006,2.418297529220581
che,2007,6.070329666137695
che,2008,2.3395516872406006
che,2009,6.047621250152588
che,2010,5.604112148284912
che,2011,3.293394088745117
che,2012,2.962996244430542
che,2013,2.9791479110717773
che,2014,3.0078165531158447
che,2015,3.035172700881958
che,2016,3.049365997314453
che,2017,3.0493485927581787
chl,2000,38.97259521484375
chl,2001,67.35530853271484
chl,2002,67.51122283935547
chl,2003,92.90971374511719
chl,2004,97.89824676513672
chl,2005,67.95210266113281
chl,2006,78.67432403564453
chl,2007,96.43987274169922
chl,2008,106.88504028320312
chl,2009,85.78182983398438
chl,2010,96.97335815429688
chl,2011,70.32061004638672
chl,2012,93.6570053100586
chl,2013,94.57625579833984
chl,2014,119.31684875488281
chl,2015,101.78282165527344
chl,2016,101.81712341308594
chl,2017,99.08322143554688
chn,2000,26800.35546875
chn,2001,24887.095703125
chn,2002,23081.47265625
chn,2003,21057.8984375
chn,2004,18893.978515625
chn,2005,16340.8310546875
chn,2006,13900.1552734375
chn,2007,12297.7626953125
chn,2008,11623.8271484375
chn,2009,10923.341796875
chn,2010,10289.1123046875
chn,2011,9840.6982421875
chn,2012,9282.7314453125
chn,2013,8683.8095703125
chn,2014,8270.2333984375
chn,2015,7831.44580078125
chn,2016,7132.8154296875
chn,2017,6523.32177734375
civ,2000,1335.3189697265625
civ,2001,1358.2216796875
civ,2002,1372.1815185546875
civ,2003,1372.9376220703125
civ,2004,1368.4334716796875
civ,2005,1336.51416015625
civ,2006,1324.8358154296875
civ,2007,1320.608642578125
civ,2008,1347.7103271484375
civ,2009,1362.147705078125
civ,2010,1356.78271484375
civ,2011,1343.390869140625
civ,2012,1324.8990478515625
civ,2013,1334.6473388671875
civ,2014,1347.723876953125
civ,2015,1373.8177490234375
civ,2016,1383.0936279296875
civ,2017,1383.65185546875
cmr,2000,842.4521484375
cmr,2001,859.2515869140625
cmr,2002,891.4970092773438
cmr,2003,933.0870971679688
cmr,2004,976.3240966796875
cmr,2005,1015.6321411132812
cmr,2006,1054.5335693359375
cmr,2007,1107.3209228515625
cmr,2008,1163.2117919921875
cmr,2009,1196.7021484375
cmr,2010,1194.0609130859375
cmr,2011,1164.684814453125
cmr,2012,1152.6632080078125
cmr,2013,1155.6552734375
cmr,2014,1173.577880859375
cmr,2015,1185.879150390625
cmr,2016,1200.67578125
cmr,2017,1188.657470703125
cod,2000,3797.17333984375
cod,2001,3837.5009765625
cod,2002,3948.183349609375
cod,2003,4045.689208984375
cod,2004,4077.043212890625
cod,2005,4052.61865234375
cod,2006,4043.4814453125
cod,2007,4086.8515625
cod,2008,4167.158203125
cod,2009,4249.92919921875
cod,2010,4243.6884765625
cod,2011,4225.13525390625
cod,2012,4206.62158203125
cod,2013,4334.1279296875
cod,2014,4530.17919921875
cod,2015,4736.3759765625
cod,2016,4839.95849609375
cod,2017,4849.404296875
cog,2000,197.65463256835938
cog,2001,200.07899475097656
cog,2002,199.20220947265625
cog,2003,195.19985961914062
cog,2004,186.66114807128906
cog,2005,181.66253662109375
cog,2006,176.62818908691406
cog,2007,173.65878295898438
cog,2008,168.4283905029297
cog,2009,164.63819885253906
cog,2010,161.90391540527344
cog,2011,160.76268005371094
cog,2012,159.9605255126953
cog,2013,159.9701385498047
cog,2014,160.5572052001953
cog,2015,161.34706115722656
cog,2016,161.06326293945312
cog,2017,159.1883087158203
cok,2000,0.4510561227798462
cok,2001,0.3371100425720215
cok,2002,0.3364402949810028
cok,2003,0.3348086476325989
cok,2004,0.3333016335964203
cok,2005,0.22249965369701385
cok,2006,0.2223607450723648
cok,2007,0.2224969118833542
cok,2008,0.22286708652973175
cok,2009,0.22216495871543884
cok,2010,0.22225715219974518
cok,2011,0.22094003856182098
cok,2012,0.11045193672180176
cok,2013,0.11002538353204727
cok,2014,0.10966064780950546
cok,2015,0.10892605036497116
cok,2016,0.10838016867637634
cok,2017,0.10837682336568832
col,2000,946.8930053710938
col,2001,994.2792358398438
col,2002,1019.1368408203125
col,2003,1031.016357421875
col,2004,956.3450317382812
col,2005,903.7808227539062
col,2006,955.88671875
col,2007,1024.79541015625
col,2008,920.6256103515625
col,2009,925.1279907226562
col,2010,972.0418701171875
col,2011,684.173095703125
col,2012,694.44384765625
col,2013,718.163818359375
col,2014,641.7766723632812
col,2015,615.09619140625
col,2016,588.3193359375
col,2017,563.4689331054688
com,2000,34.858604431152344
com,2001,37.62240219116211
com,2002,41.7739372253418
com,2003,46.663177490234375
com,2004,49.3026008605957
com,2005,49.957820892333984
com,2006,48.757232666015625
com,2007,47.85427474975586
com,2008,46.92235565185547
com,2009,46.352481842041016
com,2010,46.256256103515625
com,2011,46.21785354614258
com,2012,45.238494873046875
com,2013,43.76271438598633
com,2014,42.359222412109375
com,2015,40.99968338012695
com,2016,39.961875915527344
com,2017,39.4416618347168
cpv,2000,27.16079330444336
cpv,2001,24.819820404052734
cpv,2002,22.442296981811523
cpv,2003,20.652128219604492
cpv,2004,19.255626678466797
cpv,2005,17.84661102294922
cpv,2006,16.995426177978516
cpv,2007,16.4049015045166
cpv,2008,16.073232650756836
cpv,2009,15.628969192504883
cpv,2010,15.19301700592041
cpv,2011,14.505250930786133
cpv,2012,13.781230926513672
cpv,2013,12.916646957397461
cpv,2014,12.061970710754395
cpv,2015,11.272107124328613
cpv,2016,10.535541534423828
cpv,2017,9.939651489257812
cri,2000,28.011049270629883
cri,2001,29.89266586303711
cri,2002,31.41176414489746
cri,2003,27.862274169921875
cri,2004,25.556678771972656
cri,2005,27.72222328186035
cri,2006,28.056337356567383
cri,2007,18.517578125
cri,2008,35.9420280456543
cri,2009,21.416057586669922
cri,2010,18.121150970458984
cri,2011,15.294005393981934
cri,2012,12.899297714233398
cri,2013,13.300493240356445
cri,2014,16.722089767456055
cri,2015,13.701539993286133
cri,2016,13.318280220031738
cri,2017,12.935020446777344
cub,2000,28.737579345703125
cub,2001,40.91215133666992
cub,2002,45.74446487426758
cub,2003,39.458648681640625
cub,2004,26.724138259887695
cub,2005,46.786598205566406
cub,2006,35.796607971191406
cub,2007,43.067848205566406
cub,2008,41.155494689941406
cub,2009,18.470932006835938
cub,2010,31.716867446899414
cub,2011,33.77777862548828
cub,2012,25.21518898010254
cub,2013,38.45098114013672
cub,2014,32.21052932739258
cub,2015,32.45000076293945
cub,2016,31.76211929321289
cub,2017,30.42005729675293
cyp,2000,18.10257339477539
cyp,2001,16.710065841674805
cyp,2002,15.317561149597168
cyp,2003,14.3892240524292
cyp,2004,13.925056457519531
cyp,2005,13.460887908935547
cyp,2006,12.996718406677246
cyp,2007,12.996719360351562
cyp,2008,12.532550811767578
cyp,2009,12.068382263183594
cyp,2010,10.176579475402832
cyp,2011,8.699624061584473
cyp,2012,11.501006126403809
cyp,2013,13.0042724609375
cyp,2014,14.0619478225708
cyp,2015,11.823692321777344
cyp,2016,11.275279998779297
cyp,2017,10.738362312316895
cze,2000,45.7292594909668
cze,2001,51.160972595214844
cze,2002,43.530364990234375
cze,2003,47.04545593261719
cze,2004,49.981651306152344
cze,2005,29.20197105407715
cze,2006,43.85593032836914
cze,2007,11.625
cze,2008,13.06310749053955
cze,2009,9.478723526000977
cze,2010,14.0
cze,2011,18.099449157714844
cze,2012,12.497041702270508
cze,2013,15.315067291259766
cze,2014,17.72121238708496
cze,2015,27.91411018371582
cze,2016,21.284149169921875
cze,2017,21.993621826171875
deu,2000,152.6046905517578
deu,2001,175.895751953125
deu,2002,153.23541259765625
deu,2003,149.51783752441406
deu,2004,151.94992065429688
deu,2005,125.99436950683594
deu,2006,178.05538940429688
deu,2007,132.22898864746094
deu,2008,150.18984985351562
deu,2009,140.30502319335938
deu,2010,199.0149383544922
deu,2011,168.4062957763672
deu,2012,182.4541473388672
deu,2013,229.12757873535156
deu,2014,245.96115112304688
deu,2015,261.0
deu,2016,247.99423217773438
deu,2017,247.22549438476562
dji,2000,61.24497604370117
dji,2001,59.3494987487793
dji,2002,57.02116775512695
dji,2003,54.86217498779297
dji,2004,52.85758972167969
dji,2005,51.27741241455078
dji,2006,50.00754165649414
dji,2007,48.56489181518555
dji,2008,47.249603271484375
dji,2009,45.986244201660156
dji,2010,44.89833450317383
dji,2011,44.12459945678711
dji,2012,43.32140350341797
dji,2013,42.36847686767578
dji,2014,41.44588088989258
dji,2015,40.77811050415039
dji,2016,40.24864196777344
dji,2017,39.46165466308594
dma,2000,0.8728572130203247
dma,2001,0.5444015860557556
dma,2002,1.1071429252624512
dma,2003,0.8571429252624512
dma,2004,1.0924370288848877
dma,2005,0.22893483936786652
dma,2006,0.7538126707077026
dma,2007,0.5185184478759766
dma,2008,0.5185185074806213
dma,2009,0.3541666567325592
dma,2010,0.9685095548629761
dma,2011,0.9875001311302185
dma,2012,1.4621621370315552
dma,2013,2.680680751800537
dma,2014,3.0840048789978027
dma,2015,3.572016716003418
dma,2016,2.866847276687622
dma,2017,3.695190906524658
dnk,2000,16.443923950195312
dnk,2001,19.596057891845703
dnk,2002,17.28643226623535
dnk,2003,16.328125
dnk,2004,13.128713607788086
dnk,2005,16.738317489624023
dnk,2006,14.672514915466309
dnk,2007,19.179485321044922
dnk,2008,15.625899314880371
dnk,2009,22.511627197265625
dnk,2010,20.829177856445312
dnk,2011,19.291032791137695
dnk,2012,24.210203170776367
dnk,2013,22.178955078125
dnk,2014,20.096851348876953
dnk,2015,15.264291763305664
dnk,2016,15.5145263671875
dnk,2017,15.764760971069336
dom,2000,169.96710205078125
dom,2001,164.80899047851562
dom,2002,170.62164306640625
dom,2003,174.23678588867188
dom,2004,177.87701416015625
dom,2005,172.3359375
dom,2006,171.1343231201172
dom,2007,169.69395446777344
dom,2008,168.18663024902344
dom,2009,164.00558471679688
dom,2010,160.0206298828125
dom,2011,156.7303466796875
dom,2012,152.82681274414062
dom,2013,150.13087463378906
dom,2014,146.16073608398438
dom,2015,141.66061401367188
dom,2016,136.67820739746094
dom,2017,132.11607360839844
dza,2000,545.1826782226562
dza,2001,542.7853393554688
dza,2002,547.3591918945312
dza,2003,554.896240234375
dza,2004,566.0377807617188
dza,2005,581.447265625
dza,2006,598.4736328125
dza,2007,617.5865478515625
dza,2008,642.813232421875
dza,2009,673.9207763671875
dza,2010,712.9757080078125
dza,2011,740.2904052734375
dza,2012,752.9281616210938
dza,2013,753.7965087890625
dza,2014,749.5639038085938
dza,2015,735.7259521484375
dza,2016,713.5845336914062
dza,2017,686.4344482421875
ecu,2000,344.35101318359375
ecu,2001,324.9793395996094
ecu,2002,309.1720275878906
ecu,2003,295.6893310546875
ecu,2004,284.29876708984375
ecu,2005,274.6904296875
ecu,2006,265.39202880859375
ecu,2007,256.55853271484375
ecu,2008,247.7250518798828
ecu,2009,239.27899169921875
ecu,2010,231.53033447265625
ecu,2011,224.47903442382812
ecu,2012,218.20260620117188
ecu,2013,212.54608154296875
ecu,2014,171.46185302734375
ecu,2015,236.17320251464844
ecu,2016,196.50633239746094
ecu,2017,190.9272918701172
egy,2000,1522.0299072265625
egy,2001,1522.1475830078125
egy,2002,1550.3843994140625
egy,2003,1588.5780029296875
egy,2004,1628.80908203125
egy,2005,1639.4813232421875
egy,2006,1634.314697265625
egy,2007,1641.3878173828125
egy,2008,1742.976806640625
egy,2009,1853.6009521484375
egy,2010,1967.623291015625
egy,2011,2091.203369140625
egy,2012,2207.8916015625
egy,2013,2302.64794921875
egy,2014,2372.655517578125
egy,2015,2421.148681640625
egy,2016,2445.861083984375
egy,2017,2333.72314453125
eri,2000,134.28179931640625
eri,2001,139.8659210205078
eri,2002,142.39068603515625
eri,2003,144.1065673828125
eri,2004,145.7543182373047
eri,2005,146.9522247314453
eri,2006,148.83570861816406
eri,2007,150.32327270507812
eri,2008,152.1559600830078
eri,2009,154.18167114257812
eri,2010,156.661865234375
eri,2011,157.6873321533203
eri,2012,157.5381622314453
eri,2013,155.6103515625
eri,2014,153.2743377685547
eri,2015,150.44097900390625
eri,2016,147.82916259765625
eri,2017,145.3907470703125
esp,2000,144.21546936035156
esp,2001,177.49574279785156
esp,2002,149.06080627441406
esp,2003,122.26956176757812
esp,2004,175.483642578125
esp,2005,152.42994689941406
esp,2006,167.5483856201172
esp,2007,144.85296630859375
esp,2008,149.8851776123047
esp,2009,141.3985137939453
esp,2010,145.2406005859375
esp,2011,133.6015625
esp,2012,157.7994842529297
esp,2013,155.0166015625
esp,2014,174.32843017578125
esp,2015,154.43089294433594
esp,2016,143.2484893798828
esp,2017,135.49484252929688
est,2000,2.756756544113159
est,2001,3.098360538482666
est,2002,0.0
est,2003,2.156862735748291
est,2004,2.689655303955078
est,2005,1.0652174949645996
est,2006,1.1842106580734253
est,2007,2.8636364936828613
est,2008,3.1020407676696777
est,2009,2.9583513736724854
est,2010,2.1379311084747314
est,2011,1.399999976158142
est,2012,0.8666667342185974
est,2013,0.0
est,2014,2.200000047683716
est,2015,0.0
est,2016,0.6212366223335266
est,2017,0.5558432936668396
eth,2000,5586.275390625
eth,2001,5696.9169921875
eth,2002,5798.79248046875
eth,2003,5873.78662109375
eth,2004,5907.06298828125
eth,2005,5880.31591796875
eth,2006,5805.65576171875
eth,2007,5696.31396484375
eth,2008,5594.18603515625
eth,2009,5477.67431640625
eth,2010,5254.25390625
eth,2011,4971.5263671875
eth,2012,4684.92529296875
eth,2013,4506.9306640625
eth,2014,4402.74267578125
eth,2015,4325.46533203125
eth,2016,4228.87451171875
eth,2017,4134.83984375
fin,2000,12.299811363220215
fin,2001,11.393180847167969
fin,2002,11.13277530670166
fin,2003,9.42324447631836
fin,2004,7.256261825561523
fin,2005,5.192692279815674
fin,2006,4.83444881439209
fin,2007,5.30873441696167
fin,2008,5.807377815246582
fin,2009,6.8422393798828125
fin,2010,8.391261100769043
fin,2011,7.250804901123047
fin,2012,8.3252592086792
fin,2013,7.86470365524292
fin,2014,10.838027954101562
fin,2015,11.269599914550781
fin,2016,12.880609512329102
fin,2017,12.221848487854004
fji,2000,17.9841251373291
fji,2001,18.084918975830078
fji,2002,18.4339542388916
fji,2003,19.149141311645508
fji,2004,19.753971099853516
fji,2005,20.126846313476562
fji,2006,20.051870346069336
fji,2007,19.257827758789062
fji,2008,18.220006942749023
fji,2009,17.22076988220215
fji,2010,16.497831344604492
fji,2011,15.972968101501465
fji,2012,15.684423446655273
fji,2013,15.501983642578125
fji,2014,15.522369384765625
fji,2015,15.659799575805664
fji,2016,15.872406005859375
fji,2017,16.047157287597656
fra,2000,196.63731384277344
fra,2001,262.9566650390625
fra,2002,319.3804931640625
fra,2003,297.33807373046875
fra,2004,298.8394775390625
fra,2005,326.10614013671875
fra,2006,317.09637451171875
fra,2007,352.6219177246094
fra,2008,346.24334716796875
fra,2009,347.9916076660156
fra,2010,315.41326904296875
fra,2011,349.74432373046875
fra,2012,346.81658935546875
fra,2013,407.70196533203125
fra,2014,358.24591064453125
fra,2015,383.3688049316406
fra,2016,385.0212707519531
fra,2017,383.78192138671875
fsm,2000,5.8339385986328125
fsm,2001,5.56960916519165
fsm,2002,5.1394429206848145
fsm,2003,4.714657306671143
fsm,2004,4.493287563323975
fsm,2005,4.2028279304504395
fsm,2006,3.9955923557281494
fsm,2007,3.7194900512695312
fsm,2008,3.5588974952697754
fsm,2009,3.413463592529297
fsm,2010,3.2434375286102295
fsm,2011,3.1948142051696777
fsm,2012,3.157334804534912
fsm,2013,3.064804792404175
fsm,2014,3.0119152069091797
fsm,2015,2.9402239322662354
fsm,2016,2.8433845043182373
fsm,2017,2.777259111404419
gab,2000,43.846397399902344
gab,2001,44.32540512084961
gab,2002,45.188167572021484
gab,2003,45.74564743041992
gab,2004,46.35140609741211
gab,2005,46.901424407958984
gab,2006,48.53728485107422
gab,2007,50.48686599731445
gab,2008,52.508235931396484
gab,2009,54.00040817260742
gab,2010,54.663246154785156
gab,2011,55.39227294921875
gab,2012,56.576133728027344
gab,2013,58.28546142578125
gab,2014,59.46422576904297
gab,2015,59.496238708496094
gab,2016,59.07672119140625
gab,2017,57.96556091308594
gbr,2000,74.08944702148438
gbr,2001,38.693565368652344
gbr,2002,72.58574676513672
gbr,2003,55.24546813964844
gbr,2004,61.01080322265625
gbr,2005,49.135398864746094
gbr,2006,51.04036331176758
gbr,2007,54.77978515625
gbr,2008,52.271484375
gbr,2009,60.739219665527344
gbr,2010,42.18436813354492
gbr,2011,47.67784881591797
gbr,2012,47.957908630371094
gbr,2013,89.37848663330078
gbr,2014,92.65373992919922
gbr,2015,95.80201721191406
gbr,2016,90.30230712890625
gbr,2017,89.29193115234375
geo,2000,39.943359375
geo,2001,40.15129852294922
geo,2002,40.519474029541016
geo,2003,40.484588623046875
geo,2004,39.784236907958984
geo,2005,38.88375473022461
geo,2006,37.93562698364258
geo,2007,37.4029541015625
geo,2008,37.06642532348633
geo,2009,36.95992660522461
geo,2010,36.826786041259766
geo,2011,36.32803726196289
geo,2012,35.576904296875
geo,2013,33.82438659667969
geo,2014,31.461952209472656
geo,2015,28.81283187866211
geo,2016,26.16223907470703
geo,2017,23.444204330444336
gha,2000,962.8411865234375
gha,2001,970.1768798828125
gha,2002,986.1453857421875
gha,2003,1012.2055053710938
gha,2004,1044.65380859375
gha,2005,1082.599609375
gha,2006,1114.0548095703125
gha,2007,1136.00390625
gha,2008,1146.028564453125
gha,2009,1147.944091796875
gha,2010,1145.408203125
gha,2011,1141.1832275390625
gha,2012,1128.0438232421875
gha,2013,1104.445556640625
gha,2014,1077.579833984375
gha,2015,1049.677734375
gha,2016,1021.0570068359375
gha,2017,992.2843627929688
gin,2000,761.9727783203125
gin,2001,750.4782104492188
gin,2002,744.9563598632812
gin,2003,745.61181640625
gin,2004,751.6513671875
gin,2005,755.3745727539062
gin,2006,746.553466796875
gin,2007,724.4932250976562
gin,2008,689.8240356445312
gin,2009,646.86572265625
gin,2010,608.0018920898438
gin,2011,579.1536865234375
gin,2012,563.90283203125
gin,2013,554.1185302734375
gin,2014,551.4763793945312
gin,2015,549.8060913085938
gin,2016,549.7647094726562
gin,2017,547.1036987304688
gmb,2000,106.47119140625
gmb,2001,107.64305114746094
gmb,2002,109.4528579711914
gmb,2003,110.63835144042969
gmb,2004,111.35567474365234
gmb,2005,111.23426055908203
gmb,2006,112.2923812866211
gmb,2007,112.82466888427734
gmb,2008,114.16838836669922
gmb,2009,115.6943359375
gmb,2010,116.82561492919922
gmb,2011,115.83069610595703
gmb,2012,114.05398559570312
gmb,2013,112.0412368774414
gmb,2014,112.89209747314453
gmb,2015,113.51213073730469
gmb,2016,114.39266204833984
gmb,2017,113.5382308959961
gnb,2000,108.11359405517578
gnb,2001,110.42951202392578
gnb,2002,112.80732727050781
gnb,2003,114.93939971923828
gnb,2004,116.78621673583984
gnb,2005,120.17056274414062
gnb,2006,125.43801879882812
gnb,2007,133.6675567626953
gnb,2008,138.57615661621094
gnb,2009,138.060302734375
gnb,2010,132.38333129882812
gnb,2011,128.98301696777344
gnb,2012,126.64411163330078
gnb,2013,125.4952163696289
gnb,2014,123.85693359375
gnb,2015,122.26766967773438
gnb,2016,120.51986694335938
gnb,2017,119.04083251953125
gnq,2000,71.0396728515625
gnq,2001,71.58163452148438
gnq,2002,72.90424346923828
gnq,2003,75.1426010131836
gnq,2004,76.98412322998047
gnq,2005,77.85206604003906
gnq,2006,78.75891876220703
gnq,2007,80.271484375
gnq,2008,82.95536804199219
gnq,2009,86.04975891113281
gnq,2010,88.39921569824219
gnq,2011,90.4386215209961
gnq,2012,92.05587005615234
gnq,2013,93.771240234375
gnq,2014,95.5482177734375
gnq,2015,97.45146942138672
gnq,2016,98.76836395263672
gnq,2017,99.22142028808594
grc,2000,7.691139221191406
grc,2001,1.1114206314086914
grc,2002,2.027700662612915
grc,2003,5.939716339111328
grc,2004,3.405109405517578
grc,2005,4.1560282707214355
grc,2006,4.0
grc,2007,4.191235065460205
grc,2008,4.742857456207275
grc,2009,4.05042028427124
grc,2010,4.202127933502197
grc,2011,4.068376064300537
grc,2012,3.8253965377807617
grc,2013,0.9999999403953552
grc,2014,19.220338821411133
grc,2015,8.260612487792969
grc,2016,8.420083045959473
grc,2017,8.515766143798828
grd,2000,0.0
grd,2001,0.0
grd,2002,0.0
grd,2003,0.625
grd,2004,1.0795453786849976
grd,2005,1.3920453786849976
grd,2006,0.7670454978942871
grd,2007,0.7670454382896423
grd,2008,1.0968379974365234
grd,2009,1.9307360649108887
grd,2010,2.1857142448425293
grd,2011,2.1833791732788086
grd,2012,2.2937302589416504
grd,2013,2.0029728412628174
grd,2014,1.5110232830047607
grd,2015,0.6166666746139526
grd,2016,0.35538461804389954
grd,2017,0.0
gtm,2000,487.4118957519531
gtm,2001,472.6207580566406
gtm,2002,456.75567626953125
gtm,2003,439.8448791503906
gtm,2004,421.6258239746094
gtm,2005,404.5253601074219
gtm,2006,389.51953125
gtm,2007,375.12139892578125
gtm,2008,363.468994140625
gtm,2009,354.6795654296875
gtm,2010,347.4532165527344
gtm,2011,340.69305419921875
gtm,2012,330.3125915527344
gtm,2013,322.6148681640625
gtm,2014,315.4864501953125
gtm,2015,310.84893798828125
gtm,2016,305.2477111816406
gtm,2017,296.2923278808594
guy,2000,27.96704864501953
guy,2001,34.615386962890625
guy,2002,23.44905662536621
guy,2003,18.943004608154297
guy,2004,36.0
guy,2005,15.33945083618164
guy,2006,24.51219367980957
guy,2007,38.80000305175781
guy,2008,63.999996185302734
guy,2009,60.08955001831055
guy,2010,21.4786319732666
guy,2011,53.740455627441406
guy,2012,23.000001907348633
guy,2013,26.36879539489746
guy,2014,32.699859619140625
guy,2015,31.808046340942383
guy,2016,30.718050003051758
guy,2017,29.628055572509766
hnd,2000,389.64984130859375
hnd,2001,398.81890869140625
hnd,2002,404.60296630859375
hnd,2003,402.18121337890625
hnd,2004,390.342529296875
hnd,2005,374.9732971191406
hnd,2006,351.4877624511719
hnd,2007,328.60650634765625
hnd,2008,310.35968017578125
hnd,2009,296.8761901855469
hnd,2010,289.8115234375
hnd,2011,283.6163024902344
hnd,2012,271.2340393066406
hnd,2013,254.360107421875
hnd,2014,237.8349151611328
hnd,2015,223.22268676757812
hnd,2016,213.4741973876953
hnd,2017,206.59439086914062
hrv,2000,14.583333969116211
hrv,2001,16.642858505249023
hrv,2002,8.820512771606445
hrv,2003,8.24742317199707
hrv,2004,11.553072929382324
hrv,2005,17.79532241821289
hrv,2006,18.496856689453125
hrv,2007,25.999998092651367
hrv,2008,25.33108139038086
hrv,2009,28.05882453918457
hrv,2010,46.00699234008789
hrv,2011,47.657344818115234
hrv,2012,36.62376403808594
hrv,2013,55.70078659057617
hrv,2014,40.912750244140625
hrv,2015,61.499996185302734
hrv,2016,48.37802505493164
hrv,2017,46.31058883666992
hti,2000,511.9325256347656
hti,2001,503.6678466796875
hti,2002,496.7273254394531
hti,2003,490.6490173339844
hti,2004,483.5248718261719
hti,2005,474.64715576171875
hti,2006,467.7098693847656
hti,2007,465.0807800292969
hti,2008,470.49505615234375
hti,2009,480.670166015625
hti,2010,521.156982421875
hti,2011,485.0357666015625
hti,2012,485.1863708496094
hti,2013,487.90667724609375
hti,2014,496.3348693847656
hti,2015,498.9929504394531
hti,2016,504.8003234863281
hti,2017,495.67950439453125
hun,2000,24.080537796020508
hun,2001,12.18823528289795
hun,2002,10.712850570678711
hun,2003,9.141573905944824
hun,2004,12.08633041381836
hun,2005,8.144702911376953
hun,2006,12.195121765136719
hun,2007,9.49868106842041
hun,2008,14.136985778808594
hun,2009,7.021472454071045
hun,2010,11.035369873046875
hun,2011,11.156716346740723
hun,2012,13.902776718139648
hun,2013,9.100372314453125
hun,2014,16.363296508789062
hun,2015,8.063197135925293
hun,2016,9.717820167541504
hun,2017,9.072832107543945
idn,2000,6628.98779296875
idn,2001,6491.6279296875
idn,2002,6329.17431640625
idn,2003,6152.15478515625
idn,2004,5995.33349609375
idn,2005,5801.95703125
idn,2006,5618.67724609375
idn,2007,5469.96435546875
idn,2008,5260.341796875
idn,2009,5010.58349609375
idn,2010,4707.6259765625
idn,2011,4435.87109375
idn,2012,4230.85888671875
idn,2013,4083.487060546875
idn,2014,3958.235595703125
idn,2015,3803.713623046875
idn,2016,3650.526123046875
idn,2017,3497.902099609375
ind,2000,82760.0703125
ind,2001,79738.7890625
ind,2002,76547.75
ind,2003,73209.4609375
ind,2004,69855.0
ind,2005,66390.7890625
ind,2006,62862.34765625
ind,2007,59289.70703125
ind,2008,55670.2265625
ind,2009,51965.92578125
ind,2010,48293.98046875
ind,2011,44722.1875
ind,2012,41339.625
ind,2013,38325.40625
ind,2014,35567.74609375
ind,2015,33092.70703125
ind,2016,31659.30078125
ind,2017,30383.912109375
irl,2000,13.917628288269043
irl,2001,13.857895851135254
irl,2002,13.618967056274414
irl,2003,13.200841903686523
irl,2004,12.663249969482422
irl,2005,11.94646167755127
irl,2006,11.349139213562012
irl,2007,14.36842155456543
irl,2008,9.128205299377441
irl,2009,8.530120849609375
irl,2010,9.672130584716797
irl,2011,12.437837600708008
irl,2012,19.662919998168945
irl,2013,20.938737869262695
irl,2014,21.93630599975586
irl,2015,19.34690284729004
irl,2016,18.489763259887695
irl,2017,17.51017189025879
irn,2000,1192.4794921875
irn,2001,1105.4229736328125
irn,2002,1032.2205810546875
irn,2003,975.0628051757812
irn,2004,929.7535400390625
irn,2005,893.7859497070312
irn,2006,866.8141479492188
irn,2007,841.8604736328125
irn,2008,827.57568359375
irn,2009,820.9081420898438
irn,2010,825.1085815429688
irn,2011,817.009765625
irn,2012,795.3944091796875
irn,2013,760.9859619140625
irn,2014,723.6959838867188
irn,2015,683.1786499023438
irn,2016,639.8326416015625
irn,2017,599.4108276367188
irq,2000,995.340087890625
irq,2001,1017.5554809570312
irq,2002,1030.3743896484375
irq,2003,1019.2615356445312
irq,2004,984.4603271484375
irq,2005,937.1165161132812
irq,2006,912.1696166992188
irq,2007,897.836181640625
irq,2008,903.6369018554688
irq,2009,919.3932495117188
irq,2010,944.8142700195312
irq,2011,951.7289428710938
irq,2012,937.0897827148438
irq,2013,906.74560546875
irq,2014,885.4872436523438
irq,2015,871.5794677734375
irq,2016,860.6760864257812
irq,2017,846.73291015625
isl,2000,1.299465298652649
isl,2001,0.7854544520378113
isl,2002,0.6666667461395264
isl,2003,0.695652186870575
isl,2004,0.9545454978942871
isl,2005,1.5
isl,2006,1.5
isl,2007,1.1666666269302368
isl,2008,0.699999988079071
isl,2009,0.6315789222717285
isl,2010,0.6666667461395264
isl,2011,0.0
isl,2012,0.0
isl,2013,0.0
isl,2014,0.0
isl,2015,0.0
isl,2016,0.0
isl,2017,0.0
isr,2000,38.91484451293945
isr,2001,23.845977783203125
isr,2002,35.75675964355469
isr,2003,38.552032470703125
isr,2004,27.866973876953125
isr,2005,29.706371307373047
isr,2006,32.213165283203125
isr,2007,35.020408630371094
isr,2008,48.68421173095703
isr,2009,46.629920959472656
isr,2010,33.47286605834961
isr,2011,92.90250396728516
isr,2012,42.73958206176758
isr,2013,74.65155792236328
isr,2014,58.49013900756836
isr,2015,55.847103118896484
isr,2016,54.40692138671875
isr,2017,52.64669418334961
ita,2000,94.22737884521484
ita,2001,107.097412109375
ita,2002,129.63775634765625
ita,2003,319.0795593261719
ita,2004,294.0907897949219
ita,2005,287.6190490722656
ita,2006,221.93240356445312
ita,2007,274.210693359375
ita,2008,263.2861328125
ita,2009,253.11111450195312
ita,2010,227.10118103027344
ita,2011,242.84222412109375
ita,2012,243.4605712890625
ita,2013,262.35345458984375
ita,2014,237.91844177246094
ita,2015,226.11639404296875
ita,2016,216.37001037597656
ita,2017,207.70654296875
jam,2000,35.24826431274414
jam,2001,33.698387145996094
jam,2002,32.1124153137207
jam,2003,30.636178970336914
jam,2004,29.304311752319336
jam,2005,27.50387191772461
jam,2006,24.51799964904785
jam,2007,26.811939239501953
jam,2008,27.17479133605957
jam,2009,25.838132858276367
jam,2010,27.902931213378906
jam,2011,17.005477905273438
jam,2012,22.176563262939453
jam,2013,21.390790939331055
jam,2014,20.5728759765625
jam,2015,19.82282257080078
jam,2016,19.072769165039062
jam,2017,18.28700065612793
jor,2000,242.67576599121094
jor,2001,247.8397216796875
jor,2002,250.61729431152344
jor,2003,252.04080200195312
jor,2004,251.97105407714844
jor,2005,251.27626037597656
jor,2006,251.99755859375
jor,2007,255.07876586914062
jor,2008,257.2313537597656
jor,2009,257.95184326171875
jor,2010,255.74072265625
jor,2011,250.43821716308594
jor,2012,244.89443969726562
jor,2013,240.0399932861328
jor,2014,237.0295867919922
jor,2015,234.50057983398438
jor,2016,231.69338989257812
jor,2017,225.28701782226562
jpn,2000,183.64703369140625
jpn,2001,174.27664184570312
jpn,2002,147.71412658691406
jpn,2003,166.0094451904297
jpn,2004,124.06266021728516
jpn,2005,137.67367553710938
jpn,2006,170.094482421875
jpn,2007,153.616455078125
jpn,2008,154.7200164794922
jpn,2009,118.36148834228516
jpn,2010,114.78558349609375
jpn,2011,128.38760375976562
jpn,2012,121.7117691040039
jpn,2013,122.58367156982422
jpn,2014,104.61495971679688
jpn,2015,128.74130249023438
jpn,2016,109.20767211914062
jpn,2017,104.6969223022461
kaz,2000,209.57504272460938
kaz,2001,197.26307678222656
kaz,2002,208.34873962402344
kaz,2003,212.3702850341797
kaz,2004,234.37490844726562
kaz,2005,228.3775634765625
kaz,2006,228.2169189453125
kaz,2007,211.64791870117188
kaz,2008,230.62881469726562
kaz,2009,226.64395141601562
kaz,2010,222.9420166015625
kaz,2011,213.7134552001953
kaz,2012,190.29193115234375
kaz,2013,162.73963928222656
kaz,2014,140.69505310058594
kaz,2015,126.0116958618164
kaz,2016,118.69926452636719
kaz,2017,116.47401428222656
ken,2000,1812.0887451171875
ken,2001,1832.5489501953125
ken,2002,1851.994384765625
ken,2003,1867.7900390625
ken,2004,1859.8819580078125
ken,2005,1828.2667236328125
ken,2006,1768.99365234375
ken,2007,1709.2115478515625
ken,2008,1651.35546875
ken,2009,1594.483642578125
ken,2010,1535.6263427734375
ken,2011,1482.2926025390625
ken,2012,1453.283935546875
ken,2013,1450.01416015625
ken,2014,1461.7081298828125
ken,2015,1474.1644287109375
ken,2016,1470.2935791015625
ken,2017,1456.38916015625
kgz,2000,66.2055892944336
kgz,2001,63.95454406738281
kgz,2002,54.00534439086914
kgz,2003,83.99490356445312
kgz,2004,44.19182205200195
kgz,2005,47.94849395751953
kgz,2006,50.41293716430664
kgz,2007,53.87074279785156
kgz,2008,59.6311149597168
kgz,2009,49.18642807006836
kgz,2010,45.70192337036133
kgz,2011,47.58983612060547
kgz,2012,43.72916793823242
kgz,2013,18.347749710083008
kgz,2014,33.30747604370117
kgz,2015,31.4935302734375
kgz,2016,29.455001831054688
kgz,2017,27.416475296020508
khm,2000,715.889892578125
khm,2001,686.843017578125
khm,2002,655.8168334960938
khm,2003,625.4896240234375
khm,2004,600.3895874023438
khm,2005,582.4547729492188
khm,2006,567.3598022460938
khm,2007,551.5941162109375
khm,2008,530.8297119140625
khm,2009,511.357666015625
khm,2010,487.70123291015625
khm,2011,462.427490234375
khm,2012,439.7038269042969
khm,2013,415.6177673339844
khm,2014,392.3856506347656
khm,2015,372.13275146484375
khm,2016,353.119873046875
khm,2017,337.2993469238281
kir,2000,5.445877552032471
kir,2001,5.392242908477783
kir,2002,5.14902925491333
kir,2003,4.859659671783447
kir,2004,4.7025017738342285
kir,2005,4.573615550994873
kir,2006,4.550547122955322
kir,2007,4.603065490722656
kir,2008,4.793644905090332
kir,2009,5.034247398376465
kir,2010,5.3246355056762695
kir,2011,5.522787570953369
kir,2012,5.6203508377075195
kir,2013,5.835945129394531
kir,2014,6.038207054138184
kir,2015,6.051314830780029
kir,2016,5.966885089874268
kir,2017,5.888374328613281
kna,2000,1.040000081062317
kna,2001,0.9285714626312256
kna,2002,0.9285714626312256
kna,2003,0.5760368704795837
kna,2004,0.3448275923728943
kna,2005,0.3214285969734192
kna,2006,0.6428571343421936
kna,2007,1.0178570747375488
kna,2008,1.4830410480499268
kna,2009,0.7538461089134216
kna,2010,0.41025641560554504
kna,2011,0.0
kna,2012,0.24444445967674255
kna,2013,0.7777777910232544
kna,2014,0.7777778506278992
kna,2015,0.7378917932510376
kna,2016,0.4002230167388916
kna,2017,0.5369657874107361
kor,2000,63.61912155151367
kor,2001,66.23033905029297
kor,2002,70.78421783447266
kor,2003,63.16493225097656
kor,2004,82.00000762939453
kor,2005,75.73333740234375
kor,2006,64.83739471435547
kor,2007,87.18435668945312
kor,2008,91.55236053466797
kor,2009,79.30612182617188
kor,2010,86.88204956054688
kor,2011,71.0273208618164
kor,2012,73.14286041259766
kor,2013,85.54571533203125
kor,2014,104.25656127929688
kor,2015,85.410888671875
kor,2016,88.2425537109375
kor,2017,86.01483154296875
kwt,2000,8.95698070526123
kwt,2001,10.44117546081543
kwt,2002,8.93617057800293
kwt,2003,8.20512866973877
kwt,2004,9.363970756530762
kwt,2005,7.602996826171875
kwt,2006,7.583333969116211
kwt,2007,2.167832136154175
kwt,2008,3.1688742637634277
kwt,2009,5.415041923522949
kwt,2010,5.563139915466309
kwt,2011,0.0
kwt,2012,3.5542094707489014
kwt,2013,6.897809982299805
kwt,2014,7.922829627990723
kwt,2015,5.859121799468994
kwt,2016,5.682760238647461
kwt,2017,5.48680305480957
lao,2000,386.1805114746094
lao,2001,375.14898681640625
lao,2002,364.98040771484375
lao,2003,354.44342041015625
lao,2004,344.64019775390625
lao,2005,335.20343017578125
lao,2006,325.62353515625
lao,2007,314.0223083496094
lao,2008,304.5618591308594
lao,2009,299.0087585449219
lao,2010,300.1373291015625
lao,2011,301.2019958496094
lao,2012,299.7812194824219
lao,2013,296.4187316894531
lao,2014,292.64825439453125
lao,2015,287.5960693359375
lao,2016,280.4384765625
lao,2017,272.26275634765625
lbn,2000,48.1568717956543
lbn,2001,46.922786712646484
lbn,2002,45.480247497558594
lbn,2003,43.90391540527344
lbn,2004,42.35243225097656
lbn,2005,40.81183624267578
lbn,2006,40.180442810058594
lbn,2007,40.049320220947266
lbn,2008,40.7836799621582
lbn,2009,41.90904998779297
lbn,2010,43.460819244384766
lbn,2011,44.74884796142578
lbn,2012,46.18471908569336
lbn,2013,47.2381477355957
lbn,2014,48.10438919067383
lbn,2015,48.49702453613281
lbn,2016,48.40630340576172
lbn,2017,47.820030212402344
lbr,2000,207.77276611328125
lbr,2001,213.5455322265625
lbr,2002,219.0904998779297
lbr,2003,219.975830078125
lbr,2004,218.04461669921875
lbr,2005,215.79605102539062
lbr,2006,216.68563842773438
lbr,2007,220.1885986328125
lbr,2008,222.13916015625
lbr,2009,220.71034240722656
lbr,2010,216.7734832763672
lbr,2011,211.9335479736328
lbr,2012,208.5618896484375
lbr,2013,207.12786865234375
lbr,2014,206.09327697753906
lbr,2015,202.6090545654297
lbr,2016,195.59442138671875
lbr,2017,193.96446228027344
lby,2000,103.41303253173828
lby,2001,106.31529998779297
lby,2002,107.47673797607422
lby,2003,106.43769073486328
lby,2004,105.4763412475586
lby,2005,104.36087036132812
lby,2006,102.5527114868164
lby,2007,99.8702621459961
lby,2008,96.81334686279297
lby,2009,93.60110473632812
lby,2010,90.9046859741211
lby,2011,87.74789428710938
lby,2012,84.01782989501953
lby,2013,80.66863250732422
lby,2014,77.42401885986328
lby,2015,74.2929458618164
lby,2016,71.47118377685547
lby,2017,67.75130462646484
lca,2000,1.5141410827636719
lca,2001,1.5871243476867676
lca,2002,1.4834434986114502
lca,2003,1.2979483604431152
lca,2004,2.0502066612243652
lca,2005,3.4782609939575195
lca,2006,4.046159744262695
lca,2007,2.698334217071533
lca,2008,2.377423048019409
lca,2009,1.476190447807312
lca,2010,3.457815647125244
lca,2011,2.2421131134033203
lca,2012,4.154455661773682
lca,2013,4.1871514320373535
lca,2014,5.442544937133789
lca,2015,4.953603744506836
lca,2016,4.244657039642334
lca,2017,4.087447166442871
lka,2000,482.69744873046875
lka,2001,436.1023254394531
lka,2002,387.1224365234375
lka,2003,358.2228088378906
lka,2004,374.7666931152344
lka,2005,373.5513000488281
lka,2006,394.0118103027344
lka,2007,408.2252502441406
lka,2008,406.92578125
lka,2009,385.6185607910156
lka,2010,363.6680603027344
lka,2011,356.4767150878906
lka,2012,356.6025085449219
lka,2013,355.67474365234375
lka,2014,346.8160705566406
lka,2015,332.819580078125
lka,2016,318.54864501953125
lka,2017,302.3497009277344
lso,2000,136.2101593017578
lso,2001,134.52023315429688
lso,2002,131.87777709960938
lso,2003,128.8806915283203
lso,2004,126.54838562011719
lso,2005,125.34465789794922
lso,2006,124.48255920410156
lso,2007,123.9425048828125
lso,2008,123.62713623046875
lso,2009,123.47948455810547
lso,2010,122.98818969726562
lso,2011,121.45210266113281
lso,2012,118.74072265625
lso,2013,116.59797668457031
lso,2014,115.1076889038086
lso,2015,113.93826293945312
lso,2016,113.0347671508789
lso,2017,110.98737335205078
ltu,2000,2.762195110321045
ltu,2001,6.558139324188232
ltu,2002,0.0
ltu,2003,2.467289924621582
ltu,2004,2.807142972946167
ltu,2005,4.336134910583496
ltu,2006,3.1525425910949707
ltu,2007,4.470588207244873
ltu,2008,5.473683834075928
ltu,2009,5.818181991577148
ltu,2010,0.0
ltu,2011,3.9069769382476807
ltu,2012,1.1267606019973755
ltu,2013,3.677419424057007
ltu,2014,5.208333492279053
ltu,2015,4.11267614364624
ltu,2016,4.048951148986816
ltu,2017,3.638188123703003
lux,2000,0.0
lux,2001,0.0
lux,2002,0.8461537957191467
lux,2003,1.2166917324066162
lux,2004,1.25356125831604
lux,2005,1.402281641960144
lux,2006,0.9216588735580444
lux,2007,0.952380895614624
lux,2008,0.0
lux,2009,0.8333331942558289
lux,2010,1.5161291360855103
lux,2011,1.615625023841858
lux,2012,1.066666603088379
lux,2013,0.7407406568527222
lux,2014,1.5555555820465088
lux,2015,1.6946648359298706
lux,2016,1.759700059890747
lux,2017,1.4173280000686646
lva,2000,8.615385055541992
lva,2001,2.7272727489471436
lva,2002,2.175438642501831
lva,2003,2.0508475303649902
lva,2004,1.0625
lva,2005,2.0170938968658447
lva,2006,5.631067752838135
lva,2007,2.5877861976623535
lva,2008,1.9816513061523438
lva,2009,2.885714292526245
lva,2010,0.0
lva,2011,2.126582145690918
lva,2012,0.9259259104728699
lva,2013,1.2941176891326904
lva,2014,3.8688526153564453
lva,2015,3.8518519401550293
lva,2016,2.5928666591644287
lva,2017,2.372197151184082
mar,2000,932.123291015625
mar,2001,923.7767944335938
mar,2002,907.9915771484375
mar,2003,881.5285034179688
mar,2004,859.73779296875
mar,2005,842.6063232421875
mar,2006,820.5625610351562
mar,2007,796.5776977539062
mar,2008,768.5283203125
mar,2009,742.6387329101562
mar,2010,719.6929321289062
mar,2011,695.2306518554688
mar,2012,667.8460693359375
mar,2013,640.7146606445312
mar,2014,610.6945190429688
mar,2015,580.4889526367188
mar,2016,551.14111328125
mar,2017,522.1775512695312
mco,2000,0.0989643782377243
mco,2001,0.09930327534675598
mco,2002,0.10381972789764404
mco,2003,0.10431545972824097
mco,2004,0.1041850671172142
mco,2005,0.10456544905900955
mco,2006,0.10038986057043076
mco,2007,0.10060686618089676
mco,2008,0.10029760003089905
mco,2009,0.10098324716091156
mco,2010,0.10098696500062943
mco,2011,0.101484015583992
mco,2012,0.10138081759214401
mco,2013,0.1019139364361763
mco,2014,0.10168284922838211
mco,2015,0.10218638926744461
mco,2016,0.10264483094215393
mco,2017,0.102644182741642
mda,2000,17.823078155517578
mda,2001,8.380644798278809
mda,2002,2.7071428298950195
mda,2003,7.516727924346924
mda,2004,21.379310607910156
mda,2005,8.37010669708252
mda,2006,17.760618209838867
mda,2007,13.588932991027832
mda,2008,11.35081958770752
mda,2009,14.70476245880127
mda,2010,23.353534698486328
mda,2011,17.16853904724121
mda,2012,13.46399974822998
mda,2013,21.552631378173828
mda,2014,6.66806697845459
mda,2015,23.22727394104004
mda,2016,16.18852424621582
mda,2017,15.595054626464844
mdg,2000,970.7269287109375
mdg,2001,957.7659912109375
mdg,2002,937.0180053710938
mdg,2003,909.0010375976562
mdg,2004,880.1083374023438
mdg,2005,859.6732788085938
mdg,2006,856.7302856445312
mdg,2007,864.558349609375
mdg,2008,880.3794555664062
mdg,2009,887.04248046875
mdg,2010,882.4273681640625
mdg,2011,869.3135375976562
mdg,2012,859.6143188476562
mdg,2013,854.5076293945312
mdg,2014,857.065673828125
mdg,2015,858.4202880859375
mdg,2016,857.2905883789062
mdg,2017,852.6176147460938
mdv,2000,10.110008239746094
mdv,2001,10.302404403686523
mdv,2002,10.159526824951172
mdv,2003,9.750617980957031
mdv,2004,9.044415473937988
mdv,2005,7.815742015838623
mdv,2006,6.919967174530029
mdv,2007,6.139528751373291
mdv,2008,5.48707914352417
mdv,2009,5.003938674926758
mdv,2010,4.7085280418396
mdv,2011,4.443348407745361
mdv,2012,4.272634983062744
mdv,2013,4.122734069824219
mdv,2014,3.921159267425537
mdv,2015,3.8047924041748047
mdv,2016,3.5706140995025635
mdv,2017,3.3719706535339355
mex,2000,2044.5377197265625
mex,2001,1818.1514892578125
mex,2002,1626.7777099609375
mex,2003,1409.2474365234375
mex,2004,1104.7171630859375
mex,2005,959.3225708007812
mex,2006,949.2010498046875
mex,2007,1033.5081787109375
mex,2008,1015.9417114257812
mex,2009,1037.574462890625
mex,2010,990.2531127929688
mex,2011,1002.9368896484375
mex,2012,1015.2521362304688
mex,2013,916.6046142578125
mex,2014,1149.4854736328125
mex,2015,1196.0426025390625
mex,2016,1065.8997802734375
mex,2017,1060.4244384765625
mhl,2000,2.238788604736328
mhl,2001,2.177111864089966
mhl,2002,2.186976194381714
mhl,2003,2.1426827907562256
mhl,2004,2.100236654281616
mhl,2005,2.053260326385498
mhl,2006,2.011369228363037
mhl,2007,1.9616519212722778
mhl,2008,1.9056938886642456
mhl,2009,1.7889095544815063
mhl,2010,1.7339240312576294
mhl,2011,1.6881061792373657
mhl,2012,1.5894465446472168
mhl,2013,1.54641592502594
mhl,2014,1.4359867572784424
mhl,2015,1.311202883720398
mhl,2016,1.2491271495819092
mhl,2017,1.1242141723632812
mkd,2000,2.0082643032073975
mkd,2001,1.5098320245742798
mkd,2002,1.092869758605957
mkd,2003,0.7322428822517395
mkd,2004,0.37486088275909424
mkd,2005,0.0
mkd,2006,4.5842695236206055
mkd,2007,6.821428298950195
mkd,2008,3.4258065223693848
mkd,2009,5.025381088256836
mkd,2010,1.3389830589294434
mkd,2011,4.514285564422607
mkd,2012,0.0
mkd,2013,2.0229885578155518
mkd,2014,2.5328006744384766
mkd,2015,2.795267105102539
mkd,2016,3.031486749649048
mkd,2017,3.2152132987976074
mli,2000,980.7091064453125
mli,2001,1000.546630859375
mli,2002,1031.452880859375
mli,2003,1078.3441162109375
mli,2004,1150.8680419921875
mli,2005,1209.2803955078125
mli,2006,1247.58447265625
mli,2007,1265.96875
mli,2008,1282.99658203125
mli,2009,1289.951904296875
mli,2010,1285.14013671875
mli,2011,1275.0435791015625
mli,2012,1257.5789794921875
mli,2013,1236.0037841796875
mli,2014,1221.060791015625
mli,2015,1212.4356689453125
mli,2016,1213.51904296875
mli,2017,1208.976318359375
mlt,2000,0.9370369911193848
mlt,2001,0.6205127835273743
mlt,2002,0.6010928750038147
mlt,2003,0.7058823704719543
mlt,2004,0.6930481195449829
mlt,2005,0.7058823704719543
mlt,2006,0.30000001192092896
mlt,2007,0.550000011920929
mlt,2008,1.2166666984558105
mlt,2009,0.9166667461395264
mlt,2010,0.9166667461395264
mlt,2011,0.550000011920929
mlt,2012,0.5499999523162842
mlt,2013,0.294545441865921
mlt,2014,0.11042492836713791
mlt,2015,0.21697528660297394
mlt,2016,0.3254629373550415
mlt,2017,0.3254629373550415
mmr,2000,2296.49755859375
mmr,2001,2310.10546875
mmr,2002,2308.45263671875
mmr,2003,2283.3154296875
mmr,2004,2227.73046875
mmr,2005,2168.447509765625
mmr,2006,2077.125244140625
mmr,2007,1966.6907958984375
mmr,2008,1871.3671875
mmr,2009,1745.31884765625
mmr,2010,1665.2532958984375
mmr,2011,1592.6199951171875
mmr,2012,1524.861328125
mmr,2013,1445.1685791015625
mmr,2014,1375.71728515625
mmr,2015,1323.471435546875
mmr,2016,1287.945556640625
mmr,2017,1255.4830322265625
mne,2000,4.343218803405762
mne,2001,4.169489860534668
mne,2002,3.937851667404175
mne,2003,3.76412296295166
mne,2004,3.977748155593872
mne,2005,3.8736491203308105
mne,2006,3.1898000240325928
mne,2007,1.6776407957077026
mne,2008,0.4669683277606964
mne,2009,0.1088108941912651
mne,2010,0.20518629252910614
mne,2011,0.28912606835365295
mne,2012,0.2611461281776428
mne,2013,0.22383953630924225
mne,2014,0.20518624782562256
mne,2015,0.17720627784729004
mne,2016,0.1678796410560608
mne,2017,0.1492263376712799
mng,2000,48.56867218017578
mng,2001,46.710609436035156
mng,2002,45.648136138916016
mng,2003,45.15901565551758
mng,2004,45.270469665527344
mng,2005,45.969181060791016
mng,2006,46.57859802246094
mng,2007,46.47243881225586
mng,2008,45.9654655456543
mng,2009,45.40940475463867
mng,2010,44.23374938964844
mng,2011,42.82107162475586
mng,2012,41.230777740478516
mng,2013,39.612648010253906
mng,2014,37.84050750732422
mng,2015,35.812400817871094
mng,2016,33.696197509765625
mng,2017,31.596296310424805
moz,2000,1558.0623779296875
moz,2001,1525.399169921875
moz,2002,1482.6383056640625
moz,2003,1456.0794677734375
moz,2004,1461.285888671875
moz,2005,1499.3603515625
moz,2006,1541.1492919921875
moz,2007,1568.5233154296875
moz,2008,1574.3720703125
moz,2009,1572.7481689453125
moz,2010,1566.201171875
moz,2011,1556.5733642578125
moz,2012,1542.680419921875
moz,2013,1527.830078125
moz,2014,1512.912353515625
moz,2015,1502.23095703125
moz,2016,1493.6409912109375
moz,2017,1488.4183349609375
mrt,2000,155.93605041503906
mrt,2001,157.27841186523438
mrt,2002,161.4822235107422
mrt,2003,166.42666625976562
mrt,2004,172.031494140625
mrt,2005,177.78646850585938
mrt,2006,185.253173828125
mrt,2007,195.7296905517578
mrt,2008,207.06666564941406
mrt,2009,217.87982177734375
mrt,2010,220.54469299316406
mrt,2011,217.12789916992188
mrt,2012,211.05184936523438
mrt,2013,209.29217529296875
mrt,2014,210.1782684326172
mrt,2015,212.66287231445312
mrt,2016,215.0410614013672
mrt,2017,213.80885314941406
mus,2000,6.254237651824951
mus,2001,9.178946495056152
mus,2002,5.077319622039795
mus,2003,6.888888835906982
mus,2004,7.870270252227783
mus,2005,10.112994194030762
mus,2006,10.545454025268555
mus,2007,13.433526039123535
mus,2008,12.355072975158691
mus,2009,6.447761058807373
mus,2010,12.786325454711914
mus,2011,5.038167953491211
mus,2012,12.803030967712402
mus,2013,14.933333396911621
mus,2014,17.241378784179688
mus,2015,16.842105865478516
mus,2016,10.819149017333984
mus,2017,10.053192138671875
mwi,2000,974.0424194335938
mwi,2001,964.246826171875
mwi,2002,951.9285888671875
mwi,2003,923.215576171875
mwi,2004,895.0045776367188
mwi,2005,875.18359375
mwi,2006,859.4819946289062
mwi,2007,850.4021606445312
mwi,2008,840.0682373046875
mwi,2009,823.3442993164062
mwi,2010,801.6995849609375
mwi,2011,776.7606201171875
mwi,2012,754.0953979492188
mwi,2013,739.337158203125
mwi,2014,729.7789916992188
mwi,2015,726.36328125
mwi,2016,723.0887451171875
mwi,2017,716.337890625
mys,2000,118.81245422363281
mys,2001,123.60542297363281
mys,2002,129.14068603515625
mys,2003,136.49261474609375
mys,2004,145.80894470214844
mys,2005,156.48143005371094
mys,2006,167.6400604248047
mys,2007,178.5870819091797
mys,2008,188.12876892089844
mys,2009,196.498779296875
mys,2010,201.9623565673828
mys,2011,207.58544921875
mys,2012,213.9204559326172
mys,2013,220.84918212890625
mys,2014,231.83294677734375
mys,2015,245.01834106445312
mys,2016,260.7331237792969
mys,2017,273.2242431640625
nam,2000,73.52289581298828
nam,2001,73.06311798095703
nam,2002,68.490234375
nam,2003,63.88338851928711
nam,2004,60.29878616333008
nam,2005,58.6005744934082
nam,2006,58.28983688354492
nam,2007,58.34117126464844
nam,2008,59.28630447387695
nam,2009,60.265811920166016
nam,2010,61.34750747680664
nam,2011,61.562538146972656
nam,2012,61.42854309082031
nam,2013,61.14315414428711
nam,2014,61.204872131347656
nam,2015,61.405357360839844
nam,2016,61.358680725097656
nam,2017,60.6886100769043
ner,2000,965.297607421875
ner,2001,991.8328857421875
ner,2002,1013.4522705078125
ner,2003,1030.84765625
ner,2004,1046.6517333984375
ner,2005,1063.010986328125
ner,2006,1080.0089111328125
ner,2007,1094.013671875
ner,2008,1101.686767578125
ner,2009,1115.778564453125
ner,2010,1131.0858154296875
ner,2011,1167.8338623046875
ner,2012,1181.291015625
ner,2013,1195.564453125
ner,2014,1166.181640625
ner,2015,1161.0579833984375
ner,2016,1153.2093505859375
ner,2017,1162.3216552734375
nga,2000,9872.9482421875
nga,2001,10253.478515625
nga,2002,10519.8154296875
nga,2003,10604.5263671875
nga,2004,10588.95703125
nga,2005,10540.86328125
nga,2006,10365.2138671875
nga,2007,10148.87109375
nga,2008,9954.69921875
nga,2009,9810.5361328125
nga,2010,9811.162109375
nga,2011,9783.158203125
nga,2012,9719.7666015625
nga,2013,9545.2509765625
nga,2014,9388.48046875
nga,2015,9284.548828125
nga,2016,9263.8681640625
nga,2017,9215.1982421875
nic,2000,58.26372528076172
nic,2001,54.938167572021484
nic,2002,51.293365478515625
nic,2003,48.07422637939453
nic,2004,45.09452819824219
nic,2005,42.4074821472168
nic,2006,39.82685089111328
nic,2007,37.45905303955078
nic,2008,35.277488708496094
nic,2009,33.28215789794922
nic,2010,31.419845581054688
nic,2011,29.74376678466797
nic,2012,28.253917694091797
nic,2013,26.897090911865234
nic,2014,23.592945098876953
nic,2015,26.541465759277344
nic,2016,23.385305404663086
nic,2017,22.37433624267578
niu,2000,0.0
niu,2001,0.0
niu,2002,0.0
niu,2003,0.0
niu,2004,0.0
niu,2005,0.0
niu,2006,0.0
niu,2007,0.0
niu,2008,0.0
niu,2009,0.0
niu,2010,0.0
niu,2011,0.0
niu,2012,0.0
niu,2013,0.0
niu,2014,0.0
niu,2015,0.0
niu,2016,0.0
niu,2017,0.0
nld,2000,31.541664123535156
nld,2001,34.6782112121582
nld,2002,49.88923263549805
nld,2003,36.683719635009766
nld,2004,49.39669418334961
nld,2005,44.25692367553711
nld,2006,36.84786605834961
nld,2007,48.31053924560547
nld,2008,54.45720291137695
nld,2009,60.67368698120117
nld,2010,45.432254791259766
nld,2011,58.7426643371582
nld,2012,51.71800994873047
nld,2013,46.99300765991211
nld,2014,59.14383316040039
nld,2015,46.20800018310547
nld,2016,46.80266571044922
nld,2017,43.89097595214844
nor,2000,33.513511657714844
nor,2001,26.424999237060547
nor,2002,32.47999954223633
nor,2003,20.740741729736328
nor,2004,22.666667938232422
nor,2005,31.263158798217773
nor,2006,18.04195785522461
nor,2007,27.892560958862305
nor,2008,33.83898162841797
nor,2009,26.077518463134766
nor,2010,19.040000915527344
nor,2011,24.127660751342773
nor,2012,20.58823585510254
nor,2013,22.082473754882812
nor,2014,32.04808044433594
nor,2015,18.20689582824707
nor,2016,23.287630081176758
nor,2017,22.807472229003906
npl,2000,1964.057861328125
npl,2001,1914.2548828125
npl,2002,1858.096435546875
npl,2003,1780.17578125
npl,2004,1677.791748046875
npl,2005,1557.359130859375
npl,2006,1433.8585205078125
npl,2007,1314.9027099609375
npl,2008,1203.48876953125
npl,2009,1101.5067138671875
npl,2010,1011.4046630859375
npl,2011,932.4391479492188
npl,2012,864.2828369140625
npl,2013,806.7992553710938
npl,2014,761.884033203125
npl,2015,724.7333374023438
npl,2016,690.8193969726562
npl,2017,662.6717529296875
nru,2000,0.24036955833435059
nru,2001,0.19339632987976074
nru,2002,0.19554339349269867
nru,2003,0.1986231803894043
nru,2004,0.2020154446363449
nru,2005,0.2046865075826645
nru,2006,0.2059326171875
nru,2007,0.20709605515003204
nru,2008,0.20865821838378906
nru,2009,0.21074043214321136
nru,2010,0.21258719265460968
nru,2011,0.2142738252878189
nru,2012,0.21580040454864502
nru,2013,0.2175058275461197
nru,2014,0.219036266207695
nru,2015,0.16495800018310547
nru,2016,0.16527986526489258
nru,2017,0.16527988016605377
nzl,2000,15.855769157409668
nzl,2001,13.092024803161621
nzl,2002,9.2380952835083
nzl,2003,16.448863983154297
nzl,2004,14.223403930664062
nzl,2005,13.19298267364502
nzl,2006,8.454545974731445
nzl,2007,14.588235855102539
nzl,2008,8.539325714111328
nzl,2009,10.157068252563477
nzl,2010,9.082569122314453
nzl,2011,10.806451797485352
nzl,2012,8.375
nzl,2013,16.58333396911621
nzl,2014,11.533854484558105
nzl,2015,11.298469543457031
nzl,2016,11.063085556030273
nzl,2017,10.710007667541504
omn,2000,49.61614227294922
omn,2001,46.71037673950195
omn,2002,44.76996994018555
omn,2003,43.04887390136719
omn,2004,41.71226119995117
omn,2005,41.543392181396484
omn,2006,42.04536437988281
omn,2007,43.24652862548828
omn,2008,45.02494812011719
omn,2009,46.40818405151367
omn,2010,47.1354866027832
omn,2011,47.18117141723633
omn,2012,46.831512451171875
omn,2013,46.67811965942383
omn,2014,46.587276458740234
omn,2015,46.96809005737305
omn,2016,47.153778076171875
omn,2017,47.26735305786133
pak,2000,12482.4697265625
pak,2001,12208.4853515625
pak,2002,11932.4736328125
pak,2003,11613.66796875
pak,2004,11282.9033203125
pak,2005,11055.859375
pak,2006,10952.9296875
pak,2007,10981.4453125
pak,2008,11109.9248046875
pak,2009,11175.68359375
pak,2010,11062.2548828125
pak,2011,10794.03515625
pak,2012,10509.935546875
pak,2013,10373.3955078125
pak,2014,10266.310546875
pak,2015,10168.34765625
pak,2016,10055.361328125
pak,2017,9823.08984375
pan,2000,35.50950241088867
pan,2001,52.86566925048828
pan,2002,34.12875747680664
pan,2003,73.73949432373047
pan,2004,56.18016052246094
pan,2005,48.25094985961914
pan,2006,50.657894134521484
pan,2007,38.25450897216797
pan,2008,31.821426391601562
pan,2009,53.146728515625
pan,2010,47.86516571044922
pan,2011,43.251922607421875
pan,2012,46.11036682128906
pan,2013,56.8393440246582
pan,2014,49.162635803222656
pan,2015,40.76415252685547
pan,2016,45.95648193359375
pan,2017,44.49046325683594
per,2000,637.3560180664062
per,2001,653.6541137695312
per,2002,662.333740234375
per,2003,665.6260986328125
per,2004,659.5465698242188
per,2005,636.7353515625
per,2006,598.2659301757812
per,2007,549.041015625
per,2008,504.1623840332031
per,2009,465.4698486328125
per,2010,436.0277404785156
per,2011,414.8788757324219
per,2012,400.4420166015625
per,2013,387.3565368652344
per,2014,377.134765625
per,2015,366.690673828125
per,2016,357.19873046875
per,2017,341.3422546386719
phl,2000,2511.813232421875
phl,2001,2539.87353515625
phl,2002,2519.93701171875
phl,2003,2479.320556640625
phl,2004,2420.986328125
phl,2005,2348.51220703125
phl,2006,2283.77783203125
phl,2007,2219.373046875
phl,2008,2191.7451171875
phl,2009,2208.4091796875
phl,2010,2247.88232421875
phl,2011,2281.3232421875
phl,2012,1973.206298828125
phl,2013,2035.41015625
phl,2014,2135.43212890625
phl,2015,2210.629150390625
phl,2016,2248.0791015625
phl,2017,2216.089111328125
plw,2000,0.3233535587787628
plw,2001,0.3238750696182251
plw,2002,0.2582269310951233
plw,2003,0.25733131170272827
plw,2004,0.2558732032775879
plw,2005,0.25425559282302856
plw,2006,0.25315648317337036
plw,2007,0.1880246251821518
plw,2008,0.1867588311433792
plw,2009,0.18498463928699493
plw,2010,0.1844644844532013
plw,2011,0.1839180290699005
plw,2012,0.18386028707027435
plw,2013,0.18420788645744324
plw,2014,0.18563301861286163
plw,2015,0.18740196526050568
plw,2016,0.12588930130004883
plw,2017,0.12588050961494446
png,2000,321.99603271484375
png,2001,328.66009521484375
png,2002,334.6745910644531
png,2003,340.4601135253906
png,2004,343.9330749511719
png,2005,347.64593505859375
png,2006,352.1683654785156
png,2007,353.9300842285156
png,2008,352.467041015625
png,2009,347.5350036621094
png,2010,341.9863586425781
png,2011,338.18853759765625
png,2012,335.6054382324219
png,2013,333.5902099609375
png,2014,334.1322937011719
png,2015,332.4644470214844
png,2016,331.9253845214844
png,2017,327.5636291503906
pol,2000,49.14663314819336
pol,2001,40.344825744628906
pol,2002,52.258583068847656
pol,2003,63.838619232177734
pol,2004,58.012367248535156
pol,2005,61.640769958496094
pol,2006,48.943538665771484
pol,2007,56.54701232910156
pol,2008,59.5583610534668
pol,2009,51.94400405883789
pol,2010,41.02865219116211
pol,2011,47.44749450683594
pol,2012,34.83226776123047
pol,2013,40.51813507080078
pol,2014,54.32618713378906
pol,2015,36.84986114501953
pol,2016,41.20265197753906
pol,2017,40.306095123291016
prk,2000,599.5046997070312
prk,2001,566.7753295898438
prk,2002,515.6427612304688
prk,2003,458.8804016113281
prk,2004,405.3454895019531
prk,2005,368.9259033203125
prk,2006,351.3365783691406
prk,2007,342.5140380859375
prk,2008,333.4206237792969
prk,2009,320.96966552734375
prk,2010,303.83172607421875
prk,2011,284.6504211425781
prk,2012,264.0013122558594
prk,2013,245.93463134765625
prk,2014,232.10447692871094
prk,2015,221.8309326171875
prk,2016,212.32229614257812
prk,2017,202.60858154296875
prt,2000,8.128342628479004
prt,2001,23.600618362426758
prt,2002,28.20618438720703
prt,2003,25.036752700805664
prt,2004,26.341676712036133
prt,2005,27.182861328125
prt,2006,27.915035247802734
prt,2007,29.12887954711914
prt,2008,51.37223815917969
prt,2009,32.619136810302734
prt,2010,43.85906219482422
prt,2011,30.136066436767578
prt,2012,33.221275329589844
prt,2013,44.642940521240234
prt,2014,34.625728607177734
prt,2015,32.9941520690918
prt,2016,30.999998092651367
prt,2017,29.368419647216797
pry,2000,167.13536071777344
pry,2001,168.82000732421875
pry,2002,168.9376678466797
pry,2003,166.27220153808594
pry,2004,161.25265502929688
pry,2005,155.5404052734375
pry,2006,149.90304565429688
pry,2007,144.4304962158203
pry,2008,139.78736877441406
pry,2009,135.23446655273438
pry,2010,132.01901245117188
pry,2011,129.6383514404297
pry,2012,126.20018005371094
pry,2013,124.7209701538086
pry,2014,124.12937927246094
pry,2015,123.20748901367188
pry,2016,123.68299102783203
pry,2017,120.12830352783203
qat,2000,9.450948715209961
qat,2001,9.246265411376953
qat,2002,9.052938461303711
qat,2003,8.868612289428711
qat,2004,8.825685501098633
qat,2005,8.757122993469238
qat,2006,8.691773414611816
qat,2007,8.717231750488281
qat,2008,8.794507026672363
qat,2009,8.891877174377441
qat,2010,8.99544906616211
qat,2011,9.117676734924316
qat,2012,9.187552452087402
qat,2013,9.277933120727539
qat,2014,9.304668426513672
qat,2015,9.251827239990234
qat,2016,9.26212215423584
qat,2017,9.169452667236328
rou,2000,169.23495483398438
rou,2001,174.63604736328125
rou,2002,163.6455078125
rou,2003,204.82611083984375
rou,2004,169.4521484375
rou,2005,117.56612396240234
rou,2006,128.77020263671875
rou,2007,108.82843780517578
rou,2008,97.02730560302734
rou,2009,85.3947525024414
rou,2010,79.31396484375
rou,2011,57.662147521972656
rou,2012,52.039276123046875
rou,2013,46.710609436035156
rou,2014,60.936519622802734
rou,2015,59.14994430541992
rou,2016,46.86570739746094
rou,2017,42.59393310546875
rus,2000,730.4664306640625
rus,2001,715.6401977539062
rus,2002,699.6088256835938
rus,2003,678.9591064453125
rus,2004,659.662109375
rus,2005,636.7588500976562
rus,2006,616.2706298828125
rus,2007,594.931396484375
rus,2008,577.6989135742188
rus,2009,572.7562255859375
rus,2010,581.6885986328125
rus,2011,599.1243896484375
rus,2012,611.9456787109375
rus,2013,610.462158203125
rus,2014,595.309814453125
rus,2015,566.1414794921875
rus,2016,531.0994262695312
rus,2017,493.40960693359375
rwa,2000,604.0943603515625
rwa,2001,598.620361328125
rwa,2002,586.0337524414062
rwa,2003,563.193359375
rwa,2004,538.294921875
rwa,2005,511.82525634765625
rwa,2006,484.2469482421875
rwa,2007,457.280517578125
rwa,2008,428.37969970703125
rwa,2009,396.3888854980469
rwa,2010,365.11529541015625
rwa,2011,336.51641845703125
rwa,2012,314.45843505859375
rwa,2013,299.7548522949219
rwa,2014,290.8856201171875
rwa,2015,281.7337646484375
rwa,2016,273.3987731933594
rwa,2017,265.6943359375
sau,2000,673.9700927734375
sau,2001,656.4920654296875
sau,2002,643.8004760742188
sau,2003,614.866455078125
sau,2004,577.3858032226562
sau,2005,538.9277954101562
sau,2006,500.7551574707031
sau,2007,465.44439697265625
sau,2008,431.12115478515625
sau,2009,395.7142028808594
sau,2010,363.66021728515625
sau,2011,333.02008056640625
sau,2012,305.96881103515625
sau,2013,283.8327331542969
sau,2014,265.6603088378906
sau,2015,250.6141815185547
sau,2016,236.5163116455078
sau,2017,221.71875
sdn,2000,1861.077880859375
sdn,2001,1831.9473876953125
sdn,2002,1824.0577392578125
sdn,2003,1822.463623046875
sdn,2004,1818.5640869140625
sdn,2005,1787.09716796875
sdn,2006,1729.138671875
sdn,2007,1666.9906005859375
sdn,2008,1613.6246337890625
sdn,2009,1578.7724609375
sdn,2010,1545.170166015625
sdn,2011,1524.49951171875
sdn,2012,1503.936767578125
sdn,2013,1499.6875
sdn,2014,1496.93017578125
sdn,2015,1502.3885498046875
sdn,2016,1494.3231201171875
sdn,2017,1483.89111328125
sen,2000,620.0116577148438
sen,2001,642.614501953125
sen,2002,668.56689453125
sen,2003,677.5834350585938
sen,2004,671.710205078125
sen,2005,661.796142578125
sen,2006,656.0233154296875
sen,2007,653.6300659179688
sen,2008,651.7559204101562
sen,2009,648.53955078125
sen,2010,647.0888671875
sen,2011,643.2402954101562
sen,2012,640.3075561523438
sen,2013,632.597900390625
sen,2014,622.9495239257812
sen,2015,611.2540893554688
sen,2016,598.3613891601562
sen,2017,587.71142578125
sgp,2000,1.2461538314819336
sgp,2001,6.636363983154297
sgp,2002,5.775862216949463
sgp,2003,4.4210524559021
sgp,2004,1.7941176891326904
sgp,2005,3.9333336353302
sgp,2006,0.9672130346298218
sgp,2007,4.142857551574707
sgp,2008,2.4782612323760986
sgp,2009,6.06382942199707
sgp,2010,0.0
sgp,2011,6.279069900512695
sgp,2012,7.227272987365723
sgp,2013,7.027027606964111
sgp,2014,9.714285850524902
sgp,2015,8.793103218078613
sgp,2016,8.466598510742188
sgp,2017,8.466598510742188
slb,2000,10.997428894042969
slb,2001,11.112041473388672
slb,2002,11.319085121154785
slb,2003,11.481207847595215
slb,2004,11.566980361938477
slb,2005,11.556132316589355
slb,2006,11.594385147094727
slb,2007,11.632552146911621
slb,2008,11.671525001525879
slb,2009,11.492127418518066
slb,2010,11.158452033996582
slb,2011,10.738971710205078
slb,2012,10.398956298828125
slb,2013,10.011283874511719
slb,2014,9.68362808227539
slb,2015,9.357599258422852
slb,2016,9.026628494262695
slb,2017,8.785920143127441
sle,2000,402.8716125488281
sle,2001,425.5264892578125
sle,2002,450.0940246582031
sle,2003,470.6217956542969
sle,2004,487.2618103027344
sle,2005,506.7921447753906
sle,2006,530.1144409179688
sle,2007,550.4475708007812
sle,2008,550.4269409179688
sle,2009,531.0288696289062
sle,2010,502.5162658691406
sle,2011,483.6252746582031
sle,2012,470.816162109375
sle,2013,461.8147277832031
sle,2014,454.88458251953125
sle,2015,448.1475830078125
sle,2016,443.90423583984375
sle,2017,434.108154296875
slv,2000,149.8368682861328
slv,2001,137.33639526367188
slv,2002,126.35990142822266
slv,2003,116.53534698486328
slv,2004,108.40364837646484
slv,2005,102.91568756103516
slv,2006,99.13509368896484
slv,2007,96.98016357421875
slv,2008,95.0902099609375
slv,2009,92.81682586669922
slv,2010,90.03250122070312
slv,2011,86.89586639404297
slv,2012,83.35639953613281
slv,2013,81.13448333740234
slv,2014,78.59009552001953
slv,2015,76.8323745727539
slv,2016,74.87355041503906
slv,2017,72.07609558105469
smr,2000,0.0
smr,2001,0.0
smr,2002,0.0
smr,2003,0.0
smr,2004,0.0
smr,2005,0.0
smr,2006,0.0
smr,2007,0.0
smr,2008,0.0
smr,2009,0.0
smr,2010,0.0
smr,2011,0.0
smr,2012,0.0
smr,2013,0.0
smr,2014,0.0
smr,2015,0.0
smr,2016,0.0
smr,2017,0.0
som,2000,705.962890625
som,2001,734.6587524414062
som,2002,766.1275024414062
som,2003,796.6976928710938
som,2004,832.70458984375
som,2005,873.2860107421875
som,2006,907.0118408203125
som,2007,940.3446655273438
som,2008,972.1995849609375
som,2009,1006.295166015625
som,2010,1029.2506103515625
som,2011,1047.5093994140625
som,2012,1053.0791015625
som,2013,1070.097412109375
som,2014,1084.29736328125
som,2015,1101.3623046875
som,2016,1110.2449951171875
som,2017,1116.9013671875
srb,2000,20.3197021484375
srb,2001,25.5522403717041
srb,2002,24.0
srb,2003,18.12605094909668
srb,2004,18.579710006713867
srb,2005,7.625329971313477
srb,2006,13.822349548339844
srb,2007,15.924765586853027
srb,2008,19.927900314331055
srb,2009,11.86292839050293
srb,2010,7.6910295486450195
srb,2011,21.16498374938965
srb,2012,23.8896541595459
srb,2013,8.292359352111816
srb,2014,9.985662460327148
srb,2015,16.363636016845703
srb,2016,10.537968635559082
srb,2017,9.950895309448242
ssd,2000,589.865966796875
ssd,2001,598.8429565429688
ssd,2002,608.9295654296875
ssd,2003,618.4011840820312
ssd,2004,626.2227783203125
ssd,2005,631.1024780273438
ssd,2006,633.6083374023438
ssd,2007,630.9746704101562
ssd,2008,628.2574462890625
ssd,2009,626.4774780273438
ssd,2010,623.2134399414062
ssd,2011,622.4653930664062
ssd,2012,629.4028930664062
ssd,2013,646.5526123046875
ssd,2014,669.66748046875
ssd,2015,690.1260986328125
ssd,2016,709.5587158203125
ssd,2017,721.7110595703125
stp,2000,7.448432445526123
stp,2001,7.202430248260498
stp,2002,6.969794750213623
stp,2003,6.78978157043457
stp,2004,6.641785621643066
stp,2005,6.566426753997803
stp,2006,6.399070739746094
stp,2007,6.281257629394531
stp,2008,6.187173843383789
stp,2009,6.196084976196289
stp,2010,6.17008113861084
stp,2011,6.1432342529296875
stp,2012,6.144839286804199
stp,2013,6.081625938415527
stp,2014,5.964054584503174
stp,2015,5.759642601013184
stp,2016,5.565701484680176
stp,2017,5.400383949279785
sur,2000,1.886792540550232
sur,2001,24.645164489746094
sur,2002,4.223076820373535
sur,2003,3.5
sur,2004,8.571428298950195
sur,2005,11.17241382598877
sur,2006,6.404958724975586
sur,2007,5.477941513061523
sur,2008,3.2255637645721436
sur,2009,10.000000953674316
sur,2010,7.881481647491455
sur,2011,6.736841678619385
sur,2012,4.679245471954346
sur,2013,8.372093200683594
sur,2014,2.9491524696350098
sur,2015,4.919762134552002
sur,2016,4.700129985809326
sur,2017,4.524424076080322
svk,2000,24.386207580566406
svk,2001,4.980391979217529
svk,2002,15.126582145690918
svk,2003,5.947136878967285
svk,2004,10.288461685180664
svk,2005,4.639639377593994
svk,2006,11.891891479492188
svk,2007,11.079545974731445
svk,2008,6.928204536437988
svk,2009,4.174863815307617
svk,2010,4.521531105041504
svk,2011,4.897035598754883
svk,2012,5.227272987365723
svk,2013,10.056180000305176
svk,2014,10.459016799926758
svk,2015,8.96182632446289
svk,2016,8.64176082611084
svk,2017,8.321696281433105
svn,2000,0.0
svn,2001,3.173076868057251
svn,2002,1.0196079015731812
svn,2003,2.941176414489746
svn,2004,2.08695650100708
svn,2005,1.709091067314148
svn,2006,1.9148937463760376
svn,2007,1.1578947305679321
svn,2008,0.0
svn,2009,2.4242424964904785
svn,2010,1.9000002145767212
svn,2011,1.674418568611145
svn,2012,0.0
svn,2013,0.0
svn,2014,1.1111111640930176
svn,2015,3.5
svn,2016,1.3049677610397339
svn,2017,1.2045855522155762
swe,2000,24.823530197143555
swe,2001,37.581817626953125
swe,2002,32.221675872802734
swe,2003,30.704763412475586
swe,2004,29.824644088745117
swe,2005,29.762588500976562
swe,2006,24.143714904785156
swe,2007,20.88888931274414
swe,2008,38.088233947753906
swe,2009,22.48235511779785
swe,2010,34.65838623046875
swe,2011,24.78461456298828
swe,2012,30.715152740478516
swe,2013,35.30232620239258
swe,2014,33.707008361816406
swe,2015,59.09195327758789
swe,2016,44.92564392089844
swe,2017,46.04878234863281
swz,2000,45.33774185180664
swz,2001,44.87458038330078
swz,2002,44.24713897705078
swz,2003,43.52202606201172
swz,2004,42.756996154785156
swz,2005,41.89524459838867
swz,2006,41.32423400878906
swz,2007,40.71629333496094
swz,2008,40.04044723510742
swz,2009,39.266517639160156
swz,2010,38.30195236206055
swz,2011,36.97340393066406
swz,2012,36.1044807434082
swz,2013,35.28837203979492
swz,2014,34.55696487426758
swz,2015,34.12459182739258
swz,2016,33.82712173461914
swz,2017,33.187950134277344
syc,2000,0.9022738337516785
syc,2001,1.0049619674682617
syc,2002,1.0326807498931885
syc,2003,1.0611628293991089
syc,2004,1.1554092168807983
syc,2005,1.186474084854126
syc,2006,1.2186295986175537
syc,2007,1.2496864795684814
syc,2008,1.277578353881836
syc,2009,1.3067166805267334
syc,2010,1.340754747390747
syc,2011,1.3661925792694092
syc,2012,1.297676682472229
syc,2013,1.3159745931625366
syc,2014,1.331762433052063
syc,2015,1.3473790884017944
syc,2016,1.2680643796920776
syc,2017,1.2680315971374512
syr,2000,226.50096130371094
syr,2001,249.06060791015625
syr,2002,271.3609924316406
syr,2003,294.8138427734375
syr,2004,315.7346496582031
syr,2005,334.6932373046875
syr,2006,351.356689453125
syr,2007,361.8279113769531
syr,2008,369.27081298828125
syr,2009,374.3370666503906
syr,2010,375.12652587890625
syr,2011,374.8487548828125
syr,2012,369.45477294921875
syr,2013,360.39202880859375
syr,2014,350.18023681640625
syr,2015,340.10845947265625
syr,2016,332.4300537109375
syr,2017,321.5884704589844
tcd,2000,723.7742309570312
tcd,2001,742.9862670898438
tcd,2002,770.0452880859375
tcd,2003,806.2783813476562
tcd,2004,837.79443359375
tcd,2005,859.890380859375
tcd,2006,874.522705078125
tcd,2007,899.4761962890625
tcd,2008,923.2844848632812
tcd,2009,937.2501831054688
tcd,2010,931.8618774414062
tcd,2011,927.8397827148438
tcd,2012,925.7972412109375
tcd,2013,942.4393920898438
tcd,2014,978.8873901367188
tcd,2015,1030.16845703125
tcd,2016,1082.884521484375
tcd,2017,1085.4736328125
tgo,2000,299.57122802734375
tgo,2001,304.4228515625
tgo,2002,312.2441711425781
tgo,2003,322.87664794921875
tgo,2004,329.9512634277344
tgo,2005,333.8338623046875
tgo,2006,334.8345947265625
tgo,2007,335.9138488769531
tgo,2008,334.5734558105469
tgo,2009,330.93743896484375
tgo,2010,325.79608154296875
tgo,2011,321.1884460449219
tgo,2012,320.1798400878906
tgo,2013,321.6553955078125
tgo,2014,328.79071044921875
tgo,2015,332.396484375
tgo,2016,336.7024230957031
tgo,2017,334.0381774902344
tha,2000,674.5010986328125
tha,2001,663.7894897460938
tha,2002,652.0806884765625
tha,2003,638.1552124023438
tha,2004,620.6801147460938
tha,2005,595.620849609375
tha,2006,558.6517333984375
tha,2007,524.8788452148438
tha,2008,500.5997009277344
tha,2009,486.2571716308594
tha,2010,490.4989013671875
tha,2011,493.6295166015625
tha,2012,493.0575866699219
tha,2013,484.43682861328125
tha,2014,464.6011657714844
tha,2015,441.0709228515625
tha,2016,416.3491516113281
tha,2017,389.4404296875
tjk,2000,283.46417236328125
tjk,2001,268.1216125488281
tjk,2002,254.38442993164062
tjk,2003,243.56353759765625
tjk,2004,237.609375
tjk,2005,235.7830810546875
tjk,2006,239.40960693359375
tjk,2007,246.13792419433594
tjk,2008,250.6796112060547
tjk,2009,252.86451721191406
tjk,2010,249.60128784179688
tjk,2011,245.0408477783203
tjk,2012,238.94361877441406
tjk,2013,232.7588348388672
tjk,2014,226.54124450683594
tjk,2015,218.82427978515625
tjk,2016,211.0679473876953
tjk,2017,203.6532440185547
tkm,2000,154.18043518066406
tkm,2001,151.77935791015625
tkm,2002,150.26087951660156
tkm,2003,149.0390625
tkm,2004,147.9777374267578
tkm,2005,147.90277099609375
tkm,2006,149.78338623046875
tkm,2007,153.07220458984375
tkm,2008,158.28933715820312
tkm,2009,164.6587371826172
tkm,2010,171.02198791503906
tkm,2011,176.977294921875
tkm,2012,181.393798828125
tkm,2013,183.3618927001953
tkm,2014,183.2814483642578
tkm,2015,179.83172607421875
tkm,2016,174.83523559570312
tkm,2017,168.94000244140625
tls,2000,88.25716400146484
tls,2001,84.53372192382812
tls,2002,81.50851440429688
tls,2003,79.00554656982422
tls,2004,77.28604888916016
tls,2005,75.73017120361328
tls,2006,73.99353790283203
tls,2007,72.95755004882812
tls,2008,72.91423797607422
tls,2009,73.83108520507812
tls,2010,73.99401092529297
tls,2011,72.94963073730469
tls,2012,70.81234741210938
tls,2013,69.32022857666016
tls,2014,68.13407135009766
tls,2015,67.01221466064453
tls,2016,66.00101470947266
tls,2017,65.43810272216797
ton,2000,0.9706866145133972
ton,2001,0.9825932383537292
ton,2002,0.9932703971862793
ton,2003,0.9536490440368652
ton,2004,0.9581803679466248
ton,2005,0.9633837342262268
ton,2006,0.9628010988235474
ton,2007,0.9623094797134399
ton,2008,1.0075992345809937
ton,2009,1.0078976154327393
ton,2010,1.00326669216156
ton,2011,0.9533835649490356
ton,2012,0.9554267525672913
ton,2013,0.913923442363739
ton,2014,0.9201748371124268
ton,2015,0.8804169297218323
ton,2016,0.8876120448112488
ton,2017,0.8382783532142639
tto,2000,5.614285945892334
tto,2001,22.42902183532715
tto,2002,32.704917907714844
tto,2003,34.72779083251953
tto,2004,54.79425811767578
tto,2005,39.42857360839844
tto,2006,41.80000305175781
tto,2007,69.07894134521484
tto,2008,41.30986022949219
tto,2009,66.65802764892578
tto,2010,33.72928237915039
tto,2011,51.11764907836914
tto,2012,47.9316520690918
tto,2013,46.17038345336914
tto,2014,44.15750503540039
tto,2015,42.14462661743164
tto,2016,40.005943298339844
tto,2017,37.86725997924805
tun,2000,189.2593536376953
tun,2001,186.45826721191406
tun,2002,182.67369079589844
tun,2003,179.79336547851562
tun,2004,177.03857421875
tun,2005,176.29672241210938
tun,2006,177.36355590820312
tun,2007,181.08079528808594
tun,2008,186.2454071044922
tun,2009,192.933837890625
tun,2010,199.1361846923828
tun,2011,203.88363647460938
tun,2012,206.04681396484375
tun,2013,206.2270965576172
tun,2014,204.7415008544922
tun,2015,200.59951782226562
tun,2016,194.74977111816406
tun,2017,185.88882446289062
tur,2000,3170.193115234375
tur,2001,2981.408447265625
tur,2002,2760.793701171875
tur,2003,2566.1552734375
tur,2004,2386.029052734375
tur,2005,2213.830078125
tur,2006,2044.802001953125
tur,2007,1886.5057373046875
tur,2008,1738.8194580078125
tur,2009,1645.79736328125
tur,2010,1394.5601806640625
tur,2011,1379.969482421875
tur,2012,1486.009521484375
tur,2013,1043.8135986328125
tur,2014,1209.99169921875
tur,2015,1149.0882568359375
tur,2016,1048.5352783203125
tur,2017,941.0218505859375
tuv,2000,0.35455822944641113
tuv,2001,0.3122634291648865
tuv,2002,0.32052353024482727
tuv,2003,0.3288405239582062
tuv,2004,0.33675557374954224
tuv,2005,0.3447338342666626
tuv,2006,0.2927270829677582
tuv,2007,0.2975642681121826
tuv,2008,0.30224043130874634
tuv,2009,0.3050376772880554
tuv,2010,0.30890941619873047
tuv,2011,0.24914851784706116
tuv,2012,0.2507386803627014
tuv,2013,0.25283434987068176
tuv,2014,0.2548825740814209
tuv,2015,0.2564035952091217
tuv,2016,0.2585318982601166
tuv,2017,0.25849875807762146
tza,2000,2365.048095703125
tza,2001,2374.13037109375
tza,2002,2388.200439453125
tza,2003,2399.203125
tza,2004,2415.741455078125
tza,2005,2438.143310546875
tza,2006,2451.263671875
tza,2007,2474.984375
tza,2008,2486.09619140625
tza,2009,2498.99755859375
tza,2010,2481.987548828125
tza,2011,2487.497314453125
tza,2012,2495.890380859375
tza,2013,2524.924072265625
tza,2014,2537.722900390625
tza,2015,2551.317138671875
tza,2016,2559.560302734375
tza,2017,2552.967041015625
uga,2000,1631.7255859375
uga,2001,1652.50732421875
uga,2002,1686.4923095703125
uga,2003,1722.714599609375
uga,2004,1768.120849609375
uga,2005,1817.8597412109375
uga,2006,1876.8861083984375
uga,2007,1923.031005859375
uga,2008,1956.314697265625
uga,2009,1968.5335693359375
uga,2010,1959.76708984375
uga,2011,1932.1824951171875
uga,2012,1919.7010498046875
uga,2013,1901.2406005859375
uga,2014,1884.0076904296875
uga,2015,1860.74755859375
uga,2016,1840.7843017578125
uga,2017,1816.6007080078125
ukr,2000,249.87252807617188
ukr,2001,240.21209716796875
ukr,2002,231.78440856933594
ukr,2003,225.1332244873047
ukr,2004,221.81207275390625
ukr,2005,218.910400390625
ukr,2006,217.84776306152344
ukr,2007,217.42218017578125
ukr,2008,218.39947509765625
ukr,2009,217.2113494873047
ukr,2010,214.72723388671875
ukr,2011,210.55685424804688
ukr,2012,203.83331298828125
ukr,2013,196.5154266357422
ukr,2014,189.6505126953125
ukr,2015,182.0274658203125
ukr,2016,175.09906005859375
ukr,2017,166.3524627685547
ury,2000,26.679901123046875
ury,2001,26.632654190063477
ury,2002,21.69230842590332
ury,2003,25.922714233398438
ury,2004,28.880224227905273
ury,2005,23.443710327148438
ury,2006,21.46666717529297
ury,2007,19.67375946044922
ury,2008,14.771653175354004
ury,2009,17.908628463745117
ury,2010,18.080459594726562
ury,2011,16.21927261352539
ury,2012,14.402390480041504
ury,2013,18.768293380737305
ury,2014,14.92510986328125
ury,2015,22.821918487548828
ury,2016,18.287620544433594
ury,2017,17.575115203857422
usa,2000,2530.20068359375
usa,2001,2634.78759765625
usa,2002,2656.436767578125
usa,2003,2682.82421875
usa,2004,2696.26953125
usa,2005,2677.88232421875
usa,2006,2712.319580078125
usa,2007,2779.8310546875
usa,2008,2690.9375
usa,2009,2655.161376953125
usa,2010,2429.22900390625
usa,2011,2447.82373046875
usa,2012,2339.933837890625
usa,2013,2531.266357421875
usa,2014,2488.068115234375
usa,2015,2349.78466796875
usa,2016,2379.471923828125
usa,2017,2337.41455078125
uzb,2000,915.2386474609375
uzb,2001,879.6055297851562
uzb,2002,852.37158203125
uzb,2003,846.8072509765625
uzb,2004,371.19537353515625
uzb,2005,377.6233215332031
uzb,2006,828.3604736328125
uzb,2007,826.4099731445312
uzb,2008,821.6600341796875
uzb,2009,368.0898742675781
uzb,2010,358.2185974121094
uzb,2011,341.7480163574219
uzb,2012,323.6183776855469
uzb,2013,304.4520568847656
uzb,2014,285.5533142089844
uzb,2015,265.2717590332031
uzb,2016,245.61685180664062
uzb,2017,228.02734375
vct,2000,1.1502670049667358
vct,2001,2.3918159008026123
vct,2002,3.710843801498413
vct,2003,4.8615498542785645
vct,2004,3.295588731765747
vct,2005,1.5681312084197998
vct,2006,0.0
vct,2007,0.5671506524085999
vct,2008,1.5959925651550293
vct,2009,1.830268144607544
vct,2010,1.2555556297302246
vct,2011,0.25555557012557983
vct,2012,0.6666666865348816
vct,2013,2.0740740299224854
vct,2014,2.5740740299224854
vct,2015,2.6159567832946777
vct,2016,1.8754194974899292
vct,2017,2.000610113143921
ven,2000,224.0609130859375
ven,2001,263.287353515625
ven,2002,295.2716979980469
ven,2003,282.7684020996094
ven,2004,257.1730041503906
ven,2005,313.9823913574219
ven,2006,367.8869934082031
ven,2007,279.48040771484375
ven,2008,239.08175659179688
ven,2009,213.22991943359375
ven,2010,243.6995086669922
ven,2011,298.2115783691406
ven,2012,283.3709411621094
ven,2013,319.18963623046875
ven,2014,349.8758544921875
ven,2015,399.77276611328125
ven,2016,468.2777099609375
ven,2017,545.6041259765625
vnm,2000,726.0835571289062
vnm,2001,733.08349609375
vnm,2002,744.5281372070312
vnm,2003,758.0196533203125
vnm,2004,771.7238159179688
vnm,2005,781.421630859375
vnm,2006,793.1925659179688
vnm,2007,801.0763549804688
vnm,2008,811.3433837890625
vnm,2009,826.7377319335938
vnm,2010,848.7460327148438
vnm,2011,868.5055541992188
vnm,2012,884.9385986328125
vnm,2013,900.2623291015625
vnm,2014,912.9254760742188
vnm,2015,919.0570678710938
vnm,2016,920.9722290039062
vnm,2017,898.5911865234375
vut,2000,3.4883158206939697
vut,2001,3.5525574684143066
vut,2002,3.6497275829315186
vut,2003,3.7721850872039795
vut,2004,3.950995683670044
vut,2005,4.071052551269531
vut,2006,4.203214168548584
vut,2007,4.394210338592529
vut,2008,4.494065761566162
vut,2009,4.573212146759033
vut,2010,4.671250820159912
vut,2011,4.762886047363281
vut,2012,4.801819801330566
vut,2013,4.797642230987549
vut,2014,4.821019649505615
vut,2015,4.810449600219727
vut,2016,4.820899963378906
vut,2017,4.762554168701172
wsm,2000,2.3976752758026123
wsm,2001,2.479621410369873
wsm,2002,2.5363786220550537
wsm,2003,2.571735143661499
wsm,2004,2.651620864868164
wsm,2005,2.7745306491851807
wsm,2006,2.861806631088257
wsm,2007,2.9275479316711426
wsm,2008,3.0314464569091797
wsm,2009,3.0562407970428467
wsm,2010,3.071140766143799
wsm,2011,3.062309503555298
wsm,2012,3.033642292022705
wsm,2013,2.9437601566314697
wsm,2014,2.9265217781066895
wsm,2015,2.8386149406433105
wsm,2016,2.7580177783966064
wsm,2017,2.692232847213745
yem,2000,1461.628173828125
yem,2001,1467.9774169921875
yem,2002,1477.482177734375
yem,2003,1465.1934814453125
yem,2004,1433.26123046875
yem,2005,1382.50341796875
yem,2006,1342.611572265625
yem,2007,1314.061767578125
yem,2008,1303.5882568359375
yem,2009,1295.31884765625
yem,2010,1289.7169189453125
yem,2011,1292.9307861328125
yem,2012,1304.86669921875
yem,2013,1327.327392578125
yem,2014,1346.830322265625
yem,2015,1369.6837158203125
yem,2016,1373.4814453125
yem,2017,1378.960693359375
zaf,2000,2440.52880859375
zaf,2001,2395.64453125
zaf,2002,2352.73291015625
zaf,2003,2306.122314453125
zaf,2004,2259.758056640625
zaf,2005,2207.351806640625
zaf,2006,2330.682861328125
zaf,2007,1852.42626953125
zaf,2008,2075.275390625
zaf,2009,2256.189453125
zaf,2010,1635.16015625
zaf,2011,1460.5059814453125
zaf,2012,1644.7001953125
zaf,2013,1610.072265625
zaf,2014,1751.875244140625
zaf,2015,1780.1287841796875
zaf,2016,1636.5826416015625
zaf,2017,1596.579345703125
zmb,2000,882.085205078125
zmb,2001,919.8036499023438
zmb,2002,938.745849609375
zmb,2003,938.9953002929688
zmb,2004,923.1608276367188
zmb,2005,902.8817749023438
zmb,2006,875.6249389648438
zmb,2007,858.6533203125
zmb,2008,852.22216796875
zmb,2009,840.9403076171875
zmb,2010,821.1724853515625
zmb,2011,789.1044921875
zmb,2012,762.7564697265625
zmb,2013,747.0762329101562
zmb,2014,741.8472900390625
zmb,2015,739.133544921875
zmb,2016,736.8554077148438
zmb,2017,737.0604248046875
zwe,2000,581.9695434570312
zwe,2001,604.8214721679688
zwe,2002,636.493896484375
zwe,2003,670.3805541992188
zwe,2004,699.7564086914062
zwe,2005,720.1951293945312
zwe,2006,731.2550048828125
zwe,2007,737.9183349609375
zwe,2008,737.044677734375
zwe,2009,719.7169799804688
zwe,2010,683.6755981445312
zwe,2011,638.9527587890625
zwe,2012,599.3740844726562
zwe,2013,577.632080078125
zwe,2014,564.6276245117188
zwe,2015,551.535888671875
zwe,2016,537.3770751953125
zwe,2017,518.5170288085938
