country,year,rufive7
afg,2000,5.655178070068359
afg,2001,5.743550777435303
afg,2002,5.645262241363525
afg,2003,5.771860599517822
afg,2004,5.944328784942627
afg,2005,5.9392523765563965
afg,2006,5.770055770874023
afg,2007,5.396541118621826
afg,2008,4.96297025680542
afg,2009,4.436208248138428
afg,2010,3.965360641479492
afg,2011,3.5878500938415527
afg,2012,3.3642263412475586
afg,2013,3.2002344131469727
afg,2014,2.8425159454345703
afg,2015,2.566009998321533
afg,2016,2.4329850673675537
afg,2017,2.3253180980682373
ago,2000,10.288745880126953
ago,2001,9.969820976257324
ago,2002,6.504120349884033
ago,2003,6.139554023742676
ago,2004,5.721646308898926
ago,2005,5.208775043487549
ago,2006,4.6515021324157715
ago,2007,4.10080099105835
ago,2008,3.6905484199523926
ago,2009,3.377926826477051
ago,2010,3.1194143295288086
ago,2011,2.8699145317077637
ago,2012,2.6332952976226807
ago,2013,2.3664863109588623
ago,2014,1.9591360092163086
ago,2015,1.7507998943328857
ago,2016,1.6189810037612915
ago,2017,1.5349453687667847
alb,2000,0.9813552498817444
alb,2001,0.9015796184539795
alb,2002,0.8049479126930237
alb,2003,0.719088077545166
alb,2004,0.6400096416473389
alb,2005,0.5636181831359863
alb,2006,0.49808749556541443
alb,2007,0.4388434588909149
alb,2008,0.38784271478652954
alb,2009,0.40577831864356995
alb,2010,0.3634029030799866
alb,2011,0.3282306492328644
alb,2012,0.2975121736526489
alb,2013,0.2698269486427307
alb,2014,0.24587172269821167
alb,2015,0.2264135479927063
alb,2016,0.20747393369674683
alb,2017,0.19693544507026672
and,2000,0.012978645972907543
and,2001,0.017636500298976898
and,2002,0.015496891923248768
and,2003,0.00879852194339037
and,2004,0.007229275070130825
and,2005,0.005962132476270199
and,2006,0.004793161991983652
and,2007,0.0038074669428169727
and,2008,0.002828957512974739
and,2009,0.0018754024058580399
and,2010,0.0009494620026089251
and,2011,0.0003202462976332754
and,2012,0.0
and,2013,0.0
and,2014,0.0
and,2015,0.0
and,2016,0.0
and,2017,0.0
are,2000,0.17981138825416565
are,2001,0.16805177927017212
are,2002,0.15558667480945587
are,2003,0.14444582164287567
are,2004,0.13500185310840607
are,2005,0.1261007934808731
are,2006,0.11917470395565033
are,2007,0.11168039590120316
are,2008,0.10716424882411957
are,2009,0.10223107784986496
are,2010,0.09852942824363708
are,2011,0.09527979046106339
are,2012,0.09353563189506531
are,2013,0.09203970432281494
are,2014,0.09265739470720291
are,2015,0.09372937679290771
are,2016,0.09480653703212738
are,2017,0.09490702301263809
arg,2000,0.3256111145019531
arg,2001,0.25891000032424927
arg,2002,0.2778664231300354
arg,2003,0.2765916585922241
arg,2004,0.2720859944820404
arg,2005,0.2562290132045746
arg,2006,0.2647993266582489
arg,2007,0.22946837544441223
arg,2008,0.22713468968868256
arg,2009,0.21045014262199402
arg,2010,0.22867757081985474
arg,2011,0.1683061271905899
arg,2012,0.15954487025737762
arg,2013,0.1417558789253235
arg,2014,0.1171308159828186
arg,2015,0.12828201055526733
arg,2016,0.11099563539028168
arg,2017,0.11116120964288712
arm,2000,0.6946741938591003
arm,2001,0.6268231272697449
arm,2002,0.5646665096282959
arm,2003,0.5113620162010193
arm,2004,0.46670544147491455
arm,2005,0.4269677400588989
arm,2006,0.3937675356864929
arm,2007,0.36527103185653687
arm,2008,0.3382168114185333
arm,2009,0.3134930431842804
arm,2010,0.3607212007045746
arm,2011,0.3388108015060425
arm,2012,0.3101050853729248
arm,2013,0.28577888011932373
arm,2014,0.26129183173179626
arm,2015,0.23782490193843842
arm,2016,0.21803069114685059
arm,2017,0.20290490984916687
atg,2000,0.2662832736968994
atg,2001,0.542806088924408
atg,2002,0.504799485206604
atg,2003,0.3618333637714386
atg,2004,0.24907569587230682
atg,2005,0.25083285570144653
atg,2006,0.2846975028514862
atg,2007,0.0
atg,2008,0.0
atg,2009,0.0
atg,2010,0.0
atg,2011,0.0
atg,2012,0.0
atg,2013,0.0
atg,2014,0.0
atg,2015,0.0
atg,2016,0.0
atg,2017,0.0
aus,2000,0.10832062363624573
aus,2001,0.14685028791427612
aus,2002,0.04700551927089691
aus,2003,0.0930972546339035
aus,2004,0.09667067974805832
aus,2005,0.0669364333152771
aus,2006,0.06581837683916092
aus,2007,0.037340980023145676
aus,2008,0.043471671640872955
aus,2009,0.03082580678164959
aus,2010,0.051169343292713165
aus,2011,0.04335572570562363
aus,2012,0.06989327818155289
aus,2013,0.02296031266450882
aus,2014,0.03858767822384834
aus,2015,0.02612997218966484
aus,2016,0.026477402076125145
aus,2017,0.02541036158800125
aut,2000,0.08577369153499603
aut,2001,0.09567783027887344
aut,2002,0.05717192590236664
aut,2003,0.0947035476565361
aut,2004,0.06231525167822838
aut,2005,0.0778796449303627
aut,2006,0.06714143604040146
aut,2007,0.018031377345323563
aut,2008,0.09236955642700195
aut,2009,0.11427503079175949
aut,2010,0.0994911640882492
aut,2011,0.04349001124501228
aut,2012,0.09083811193704605
aut,2013,0.10606303811073303
aut,2014,0.03129210323095322
aut,2015,0.017794398590922356
aut,2016,0.01758558116853237
aut,2017,0.039758071303367615
aze,2000,2.302828550338745
aze,2001,2.042755365371704
aze,2002,1.8014410734176636
aze,2003,1.5990612506866455
aze,2004,1.4171730279922485
aze,2005,1.280570387840271
aze,2006,1.1600285768508911
aze,2007,1.066728949546814
aze,2008,0.9639752507209778
aze,2009,0.876900315284729
aze,2010,0.7894834876060486
aze,2011,0.7012719511985779
aze,2012,0.6134562492370605
aze,2013,0.5469265580177307
aze,2014,0.42472711205482483
aze,2015,0.357797235250473
aze,2016,0.32807663083076477
aze,2017,0.3128005564212799
bdi,2000,6.190400123596191
bdi,2001,6.129415988922119
bdi,2002,8.682655334472656
bdi,2003,5.612299919128418
bdi,2004,4.966827869415283
bdi,2005,6.31682825088501
bdi,2006,3.975754976272583
bdi,2007,3.7463386058807373
bdi,2008,3.5526740550994873
bdi,2009,3.344994306564331
bdi,2010,3.1538734436035156
bdi,2011,2.7956788539886475
bdi,2012,1.6438400745391846
bdi,2013,1.5502411127090454
bdi,2014,1.5008622407913208
bdi,2015,1.4398372173309326
bdi,2016,1.3725048303604126
bdi,2017,1.3429044485092163
bel,2000,0.24207712709903717
bel,2001,0.3016178011894226
bel,2002,0.2094140201807022
bel,2003,0.20276805758476257
bel,2004,0.2377707064151764
bel,2005,0.18150897324085236
bel,2006,0.2029259204864502
bel,2007,0.1693398654460907
bel,2008,0.11511654406785965
bel,2009,0.11517152190208435
bel,2010,0.0477752611041069
bel,2011,0.06809592992067337
bel,2012,0.09753809124231339
bel,2013,0.054178424179553986
bel,2014,0.0492544025182724
bel,2015,0.09139236062765121
bel,2016,0.06094454973936081
bel,2017,0.05878865346312523
ben,2000,5.001859664916992
ben,2001,7.107535362243652
ben,2002,6.70319938659668
ben,2003,6.30826997756958
ben,2004,5.733973503112793
ben,2005,5.020264148712158
ben,2006,3.207146167755127
ben,2007,3.0252346992492676
ben,2008,2.9758830070495605
ben,2009,3.059983968734741
ben,2010,3.161166191101074
ben,2011,2.9366095066070557
ben,2012,3.708252429962158
ben,2013,3.613968849182129
ben,2014,2.5591437816619873
ben,2015,2.3776519298553467
ben,2016,2.2748725414276123
ben,2017,2.1858768463134766
bfa,2000,5.793789863586426
bfa,2001,6.1345744132995605
bfa,2002,6.291707992553711
bfa,2003,6.3053202629089355
bfa,2004,6.195071697235107
bfa,2005,5.754804611206055
bfa,2006,5.209228992462158
bfa,2007,4.5591959953308105
bfa,2008,3.892300844192505
bfa,2009,2.6619536876678467
bfa,2010,2.6252899169921875
bfa,2011,2.5645089149475098
bfa,2012,3.5372369289398193
bfa,2013,3.6100783348083496
bfa,2014,2.05842924118042
bfa,2015,2.005279064178467
bfa,2016,1.9770253896713257
bfa,2017,1.9256665706634521
bgd,2000,2.9644181728363037
bgd,2001,2.801323413848877
bgd,2002,3.8826210498809814
bgd,2003,3.669257402420044
bgd,2004,3.4447596073150635
bgd,2005,2.211271286010742
bgd,2006,2.052978992462158
bgd,2007,1.8386328220367432
bgd,2008,1.5894721746444702
bgd,2009,1.2920185327529907
bgd,2010,1.08307945728302
bgd,2011,0.946526288986206
bgd,2012,0.8649640679359436
bgd,2013,0.7905429601669312
bgd,2014,0.7257437705993652
bgd,2015,0.5797377228736877
bgd,2016,0.39179855585098267
bgd,2017,0.3691074550151825
bgr,2000,0.3148476779460907
bgr,2001,0.34454402327537537
bgr,2002,0.15086741745471954
bgr,2003,0.3769235908985138
bgr,2004,0.3034503757953644
bgr,2005,0.2729530930519104
bgr,2006,0.3572121560573578
bgr,2007,0.2589462697505951
bgr,2008,0.33339443802833557
bgr,2009,0.22061948478221893
bgr,2010,0.22753702104091644
bgr,2011,0.16079308092594147
bgr,2012,0.20751513540744781
bgr,2013,0.06542353332042694
bgr,2014,0.13314473628997803
bgr,2015,0.11913340538740158
bgr,2016,0.11176721751689911
bgr,2017,0.10540641099214554
bhr,2000,0.0
bhr,2001,0.10142409801483154
bhr,2002,0.0
bhr,2003,0.20397675037384033
bhr,2004,0.0
bhr,2005,0.14703811705112457
bhr,2006,0.15479184687137604
bhr,2007,0.336283802986145
bhr,2008,0.08440525084733963
bhr,2009,0.0
bhr,2010,0.08497344702482224
bhr,2011,0.0
bhr,2012,0.2090640515089035
bhr,2013,0.0
bhr,2014,0.0
bhr,2015,0.06487920880317688
bhr,2016,0.0636262372136116
bhr,2017,0.06317733973264694
bhs,2000,0.1496545970439911
bhs,2001,0.20021596550941467
bhs,2002,0.20574615895748138
bhs,2003,0.10167323797941208
bhs,2004,0.06458274275064468
bhs,2005,0.06368347257375717
bhs,2006,0.061760313808918
bhs,2007,0.0
bhs,2008,0.0
bhs,2009,0.07056693732738495
bhs,2010,0.07262909412384033
bhs,2011,0.07237530499696732
bhs,2012,0.0
bhs,2013,0.0
bhs,2014,0.0
bhs,2015,0.0
bhs,2016,0.0
bhs,2017,0.0
bih,2000,0.18151193857192993
bih,2001,0.17151986062526703
bih,2002,0.16246730089187622
bih,2003,0.15651530027389526
bih,2004,0.17215001583099365
bih,2005,0.1603790670633316
bih,2006,0.14701341092586517
bih,2007,0.1315629929304123
bih,2008,0.1162566989660263
bih,2009,0.10276005417108536
bih,2010,0.0935625359416008
bih,2011,0.0862419456243515
bih,2012,0.0817885771393776
bih,2013,0.07981470227241516
bih,2014,0.07838496565818787
bih,2015,0.07566715031862259
bih,2016,0.07329606264829636
bih,2017,0.07041534036397934
blr,2000,0.312054842710495
blr,2001,0.27024707198143005
blr,2002,0.23312005400657654
blr,2003,0.20130661129951477
blr,2004,0.1779847890138626
blr,2005,0.15807007253170013
blr,2006,0.14125296473503113
blr,2007,0.12607792019844055
blr,2008,0.12321627140045166
blr,2009,0.11427907645702362
blr,2010,0.099061019718647
blr,2011,0.08592873066663742
blr,2012,0.07460062205791473
blr,2013,0.06550188362598419
blr,2014,0.057804398238658905
blr,2015,0.050639472901821136
blr,2016,0.04745873436331749
blr,2017,0.04455350711941719
blz,2000,0.7638293504714966
blz,2001,0.8599593639373779
blz,2002,0.7016825079917908
blz,2003,0.6636131405830383
blz,2004,0.30114686489105225
blz,2005,0.2688349485397339
blz,2006,0.19594404101371765
blz,2007,0.1989622265100479
blz,2008,0.23726755380630493
blz,2009,0.1598244160413742
blz,2010,0.15529455244541168
blz,2011,0.1353243887424469
blz,2012,0.1955927610397339
blz,2013,0.24629813432693481
blz,2014,0.21290859580039978
blz,2015,0.09031717479228973
blz,2016,0.0664406567811966
blz,2017,0.038626689463853836
bol,2000,1.9235507249832153
bol,2001,1.680678129196167
bol,2002,1.5016379356384277
bol,2003,1.378986120223999
bol,2004,1.2542998790740967
bol,2005,1.1434086561203003
bol,2006,1.0446511507034302
bol,2007,0.9541309475898743
bol,2008,0.8855562210083008
bol,2009,0.816913902759552
bol,2010,0.7582899332046509
bol,2011,0.7097188234329224
bol,2012,0.671977162361145
bol,2013,0.6375857591629028
bol,2014,0.46764883399009705
bol,2015,0.3663109540939331
bol,2016,0.34827956557273865
bol,2017,0.34567442536354065
bra,2000,0.8656132221221924
bra,2001,0.7452398538589478
bra,2002,0.590818464756012
bra,2003,0.502737283706665
bra,2004,0.4822475016117096
bra,2005,0.4481494426727295
bra,2006,0.43455779552459717
bra,2007,0.36509430408477783
bra,2008,0.34528273344039917
bra,2009,0.3203844130039215
bra,2010,0.29660409688949585
bra,2011,0.21130451560020447
bra,2012,0.1878858208656311
bra,2013,0.15347662568092346
bra,2014,0.15289705991744995
bra,2015,0.14573775231838226
bra,2016,0.15577004849910736
bra,2017,0.1470336765050888
brb,2000,0.39344218373298645
brb,2001,0.26543518900871277
brb,2002,0.17040090262889862
brb,2003,0.03373744338750839
brb,2004,0.03502822294831276
brb,2005,0.03469140827655792
brb,2006,0.0
brb,2007,0.0
brb,2008,0.0
brb,2009,0.0
brb,2010,0.0
brb,2011,0.0
brb,2012,0.0
brb,2013,0.0
brb,2014,0.0
brb,2015,0.0
brb,2016,0.0
brb,2017,0.0
brn,2000,0.0863230898976326
brn,2001,0.1223154366016388
brn,2002,0.06598149240016937
brn,2003,0.06711634993553162
brn,2004,0.07314290851354599
brn,2005,0.07548368722200394
brn,2006,0.07559774816036224
brn,2007,0.0
brn,2008,0.0
brn,2009,0.0
brn,2010,0.08516034483909607
brn,2011,0.08328013867139816
brn,2012,0.25444355607032776
brn,2013,0.1713675856590271
brn,2014,0.16909471154212952
brn,2015,0.0
brn,2016,0.0
brn,2017,0.0
btn,2000,3.0725784301757812
btn,2001,2.8177525997161865
btn,2002,2.580613851547241
btn,2003,2.358614444732666
btn,2004,2.148528575897217
btn,2005,1.9520838260650635
btn,2006,1.7739957571029663
btn,2007,1.6342447996139526
btn,2008,1.473649501800537
btn,2009,1.3372037410736084
btn,2010,1.1877223253250122
btn,2011,1.0184615850448608
btn,2012,0.8429619073867798
btn,2013,0.7169018983840942
btn,2014,0.6403508186340332
btn,2015,0.6022796034812927
btn,2016,0.566733181476593
btn,2017,0.5487488508224487
bwa,2000,0.5974721312522888
bwa,2001,0.6269196271896362
bwa,2002,0.6475872993469238
bwa,2003,0.6634278297424316
bwa,2004,0.6679114103317261
bwa,2005,0.6603464484214783
bwa,2006,0.6455190181732178
bwa,2007,0.6303317546844482
bwa,2008,0.613293468952179
bwa,2009,0.5785768032073975
bwa,2010,0.519529402256012
bwa,2011,0.45795738697052
bwa,2012,0.3590281307697296
bwa,2013,0.3098704516887665
bwa,2014,0.2770288586616516
bwa,2015,0.2734997868537903
bwa,2016,0.26777392625808716
bwa,2017,0.2686924636363983
caf,2000,8.042744636535645
caf,2001,7.767502307891846
caf,2002,5.0734968185424805
caf,2003,4.847105503082275
caf,2004,4.63562536239624
caf,2005,6.495142459869385
caf,2006,4.434033393859863
caf,2007,4.499582290649414
caf,2008,6.411614894866943
caf,2009,4.496103763580322
caf,2010,4.579614639282227
caf,2011,4.544717311859131
caf,2012,6.037132740020752
caf,2013,4.714750289916992
caf,2014,4.4918131828308105
caf,2015,4.4562668800354
caf,2016,4.360351085662842
caf,2017,4.251551628112793
can,2000,0.09304988384246826
can,2001,0.07208073884248734
can,2002,0.06518381834030151
can,2003,0.06847888976335526
can,2004,0.05708551034331322
can,2005,0.05317443609237671
can,2006,0.0622887909412384
can,2007,0.05751573294401169
can,2008,0.023318670690059662
can,2009,0.07045356929302216
can,2010,0.06066310405731201
can,2011,0.045505598187446594
can,2012,0.037422679364681244
can,2013,0.037376806139945984
can,2014,0.036901380866765976
can,2015,0.03633936867117882
can,2016,0.03578493371605873
can,2017,0.035128407180309296
che,2000,0.12496475130319595
che,2001,0.16111290454864502
che,2002,0.1596311330795288
che,2003,0.10562596470117569
che,2004,0.025670120492577553
che,2005,0.07999971508979797
che,2006,0.0733896940946579
che,2007,0.04533261060714722
che,2008,0.030493102967739105
che,2009,0.07614071667194366
che,2010,0.030940424650907516
che,2011,0.022793574258685112
che,2012,0.007744884118437767
che,2013,0.024653183296322823
che,2014,0.05373753607273102
che,2015,0.044665396213531494
che,2016,0.03951377049088478
che,2017,0.038562484085559845
chl,2000,0.22716359794139862
chl,2001,0.2940368950366974
chl,2002,0.21475999057292938
chl,2003,0.236136794090271
chl,2004,0.1945611983537674
chl,2005,0.22515520453453064
chl,2006,0.13219107687473297
chl,2007,0.11444934457540512
chl,2008,0.11671615391969681
chl,2009,0.08896813541650772
chl,2010,0.14541637897491455
chl,2011,0.07594660669565201
chl,2012,0.08774904161691666
chl,2013,0.04665187746286392
chl,2014,0.08118681609630585
chl,2015,0.03326331824064255
chl,2016,0.018544934689998627
chl,2017,0.038935430347919464
chn,2000,0.5643185377120972
chn,2001,0.4735441207885742
chn,2002,0.40651360154151917
chn,2003,0.35736048221588135
chn,2004,0.29376867413520813
chn,2005,0.2501378059387207
chn,2006,0.23744778335094452
chn,2007,0.23366501927375793
chn,2008,0.2418304681777954
chn,2009,0.24183441698551178
chn,2010,0.23112249374389648
chn,2011,0.2145472913980484
chn,2012,0.18782715499401093
chn,2013,0.16675101220607758
chn,2014,0.15087002515792847
chn,2015,0.13564760982990265
chn,2016,0.12746456265449524
chn,2017,0.12011297047138214
civ,2000,2.810727596282959
civ,2001,2.6756093502044678
civ,2002,2.6572110652923584
civ,2003,2.7622690200805664
civ,2004,4.219517707824707
civ,2005,4.633374214172363
civ,2006,4.8550286293029785
civ,2007,3.4031741619110107
civ,2008,4.479431629180908
civ,2009,2.8825526237487793
civ,2010,2.70143461227417
civ,2011,2.6613759994506836
civ,2012,3.776430368423462
civ,2013,2.6857924461364746
civ,2014,2.615144729614258
civ,2015,1.8547158241271973
civ,2016,1.789108157157898
civ,2017,1.732332468032837
cmr,2000,4.486785888671875
cmr,2001,6.20553731918335
cmr,2002,3.907536745071411
cmr,2003,3.625497817993164
cmr,2004,3.412083625793457
cmr,2005,3.3456480503082275
cmr,2006,3.412203550338745
cmr,2007,5.013317108154297
cmr,2008,4.913780212402344
cmr,2009,3.17374587059021
cmr,2010,2.926743745803833
cmr,2011,2.5513548851013184
cmr,2012,1.9270144701004028
cmr,2013,1.7943248748779297
cmr,2014,1.7404532432556152
cmr,2015,1.690043330192566
cmr,2016,1.6390619277954102
cmr,2017,1.5902106761932373
cod,2000,4.872276306152344
cod,2001,6.929145336151123
cod,2002,6.560859203338623
cod,2003,6.1236891746521
cod,2004,3.8481972217559814
cod,2005,5.283833026885986
cod,2006,3.538792610168457
cod,2007,5.198397159576416
cod,2008,5.219048023223877
cod,2009,3.477642774581909
cod,2010,3.4076955318450928
cod,2011,3.277728796005249
cod,2012,3.0802605152130127
cod,2013,2.7618932723999023
cod,2014,2.2893149852752686
cod,2015,2.015312433242798
cod,2016,1.8897632360458374
cod,2017,1.7795004844665527
cog,2000,2.4229605197906494
cog,2001,2.3838822841644287
cog,2002,2.3182597160339355
cog,2003,2.239346742630005
cog,2004,2.1641738414764404
cog,2005,2.077199935913086
cog,2006,1.9737071990966797
cog,2007,1.810298204421997
cog,2008,1.6081883907318115
cog,2009,1.376061201095581
cog,2010,1.217783808708191
cog,2011,1.1018404960632324
cog,2012,0.9891284704208374
cog,2013,0.6541581153869629
cog,2014,0.6064527630805969
cog,2015,0.5946818590164185
cog,2016,0.6105207204818726
cog,2017,0.5874283909797668
cok,2000,0.22349809110164642
cok,2001,0.3013121783733368
cok,2002,0.2284580022096634
cok,2003,0.2286144644021988
cok,2004,0.15167909860610962
cok,2005,0.22410930693149567
cok,2006,0.14687161147594452
cok,2007,0.14329645037651062
cok,2008,0.14042644202709198
cok,2009,0.16851937770843506
cok,2010,0.08212864398956299
cok,2011,0.08098781853914261
cok,2012,0.15908919274806976
cok,2013,0.15640264749526978
cok,2014,0.15200816094875336
cok,2015,0.07469011843204498
cok,2016,0.072378970682621
cok,2017,0.07121650129556656
col,2000,0.4901095926761627
col,2001,0.4785533547401428
col,2002,0.43114450573921204
col,2003,0.4253283739089966
col,2004,0.39654332399368286
col,2005,0.43080413341522217
col,2006,0.41298407316207886
col,2007,0.3088611960411072
col,2008,0.2871856093406677
col,2009,0.3049990236759186
col,2010,0.2508751451969147
col,2011,0.2189333289861679
col,2012,0.171121284365654
col,2013,0.17020399868488312
col,2014,0.12974411249160767
col,2015,0.15407021343708038
col,2016,0.1424645632505417
col,2017,0.1383311152458191
com,2000,4.295022487640381
com,2001,4.323846340179443
com,2002,4.37423849105835
com,2003,4.376860618591309
com,2004,4.332647323608398
com,2005,4.231744766235352
com,2006,4.117242336273193
com,2007,3.937394142150879
com,2008,3.670097827911377
com,2009,3.3308298587799072
com,2010,2.955507755279541
com,2011,2.6888532638549805
com,2012,2.484602928161621
com,2013,2.3854026794433594
com,2014,2.390507698059082
com,2015,2.322237014770508
com,2016,2.2464349269866943
com,2017,2.178797960281372
cpv,2000,0.4880528450012207
cpv,2001,0.42449823021888733
cpv,2002,0.3755340576171875
cpv,2003,0.3499943017959595
cpv,2004,0.3223269581794739
cpv,2005,0.31274884939193726
cpv,2006,0.3088015019893646
cpv,2007,0.305955708026886
cpv,2008,0.3012949228286743
cpv,2009,0.2868023216724396
cpv,2010,0.27350425720214844
cpv,2011,0.30826953053474426
cpv,2012,0.29146808385849
cpv,2013,0.27377137541770935
cpv,2014,0.2547946870326996
cpv,2015,0.23283691704273224
cpv,2016,0.21593433618545532
cpv,2017,0.2003108412027359
cri,2000,0.12538591027259827
cri,2001,0.10849190503358841
cri,2002,0.23791766166687012
cri,2003,0.06663412600755692
cri,2004,0.04264499247074127
cri,2005,0.1003495529294014
cri,2006,0.08383550494909286
cri,2007,0.089844711124897
cri,2008,0.16900299489498138
cri,2009,0.11190899461507797
cri,2010,0.10303201526403427
cri,2011,0.10375338047742844
cri,2012,0.12189055234193802
cri,2013,0.06633288413286209
cri,2014,0.06756949424743652
cri,2015,0.08297111839056015
cri,2016,0.08162524551153183
cri,2017,0.07960165292024612
cub,2000,0.29981204867362976
cub,2001,0.2516460716724396
cub,2002,0.13340583443641663
cub,2003,0.2174566388130188
cub,2004,0.1939704716205597
cub,2005,0.25013914704322815
cub,2006,0.19095860421657562
cub,2007,0.1670577973127365
cub,2008,0.17364847660064697
cub,2009,0.1115197092294693
cub,2010,0.12912511825561523
cub,2011,0.18785522878170013
cub,2012,0.175897017121315
cub,2013,0.12185230106115341
cub,2014,0.16261447966098785
cub,2015,0.09724628925323486
cub,2016,0.23370890319347382
cub,2017,0.16064578294754028
cyp,2000,0.12824410200119019
cyp,2001,0.11721837520599365
cyp,2002,0.10718636959791183
cyp,2003,0.09684620052576065
cyp,2004,0.0864846408367157
cyp,2005,0.07858286798000336
cyp,2006,0.0709734633564949
cyp,2007,0.061205968260765076
cyp,2008,0.054566890001297
cyp,2009,0.05089592561125755
cyp,2010,0.07885214686393738
cyp,2011,0.0628107562661171
cyp,2012,0.04499256610870361
cyp,2013,0.0
cyp,2014,0.03383580222725868
cyp,2015,0.031921740621328354
cyp,2016,0.043240565806627274
cyp,2017,0.017302656546235085
cze,2000,0.10675990581512451
cze,2001,0.11698173731565475
cze,2002,0.05467759817838669
cze,2003,0.05655955523252487
cze,2004,0.12578406929969788
cze,2005,0.06663516163825989
cze,2006,0.026293713599443436
cze,2007,0.10879796743392944
cze,2008,0.03921540081501007
cze,2009,0.0986006110906601
cze,2010,0.031826119869947433
cze,2011,0.06334134936332703
cze,2012,0.03603452816605568
cze,2013,0.04900572448968887
cze,2014,0.06036387011408806
cze,2015,0.011913598515093327
cze,2016,0.06847673654556274
cze,2017,0.04555431380867958
deu,2000,0.09556856006383896
deu,2001,0.06618247926235199
deu,2002,0.09839063882827759
deu,2003,0.09345792979001999
deu,2004,0.09381699562072754
deu,2005,0.07565288990736008
deu,2006,0.09610436856746674
deu,2007,0.057230476289987564
deu,2008,0.047497719526290894
deu,2009,0.03395381569862366
deu,2010,0.03230073302984238
deu,2011,0.028173105791211128
deu,2012,0.034010984003543854
deu,2013,0.03698325157165527
deu,2014,0.03145497292280197
deu,2015,0.03568036109209061
deu,2016,0.03284686058759689
deu,2017,0.03215385228395462
dji,2000,3.057302713394165
dji,2001,3.0128653049468994
dji,2002,2.9592158794403076
dji,2003,2.9139297008514404
dji,2004,2.8581459522247314
dji,2005,2.789419412612915
dji,2006,2.6328113079071045
dji,2007,2.3861184120178223
dji,2008,2.08854341506958
dji,2009,1.8782378435134888
dji,2010,1.7564228773117065
dji,2011,1.6946412324905396
dji,2012,1.644503116607666
dji,2013,1.1791980266571045
dji,2014,1.1670489311218262
dji,2015,1.1353824138641357
dji,2016,1.1892980337142944
dji,2017,1.1665183305740356
dma,2000,0.0
dma,2001,0.30680468678474426
dma,2002,0.27364712953567505
dma,2003,0.3048796057701111
dma,2004,0.0
dma,2005,0.0
dma,2006,0.0
dma,2007,0.0
dma,2008,0.13147808611392975
dma,2009,0.1571885347366333
dma,2010,0.14200927317142487
dma,2011,0.0
dma,2012,0.0
dma,2013,0.0
dma,2014,0.0
dma,2015,0.0
dma,2016,0.0
dma,2017,0.0
dnk,2000,0.0902167409658432
dnk,2001,0.11230435222387314
dnk,2002,0.08881515264511108
dnk,2003,0.08670598268508911
dnk,2004,0.09758103638887405
dnk,2005,0.0655096247792244
dnk,2006,0.05652856454253197
dnk,2007,0.05189914256334305
dnk,2008,0.053759872913360596
dnk,2009,0.02491801790893078
dnk,2010,0.03178977966308594
dnk,2011,0.03829522803425789
dnk,2012,0.018346447497606277
dnk,2013,0.01875079795718193
dnk,2014,0.035076290369033813
dnk,2015,0.04247189685702324
dnk,2016,0.04267086088657379
dnk,2017,0.04217604920268059
dom,2000,0.652032732963562
dom,2001,0.5836114287376404
dom,2002,0.5216153860092163
dom,2003,0.46655675768852234
dom,2004,0.43611791729927063
dom,2005,0.40771764516830444
dom,2006,0.3953447639942169
dom,2007,0.3820855915546417
dom,2008,0.37346234917640686
dom,2009,0.3613663911819458
dom,2010,0.36109858751296997
dom,2011,0.35444995760917664
dom,2012,0.35694265365600586
dom,2013,0.34599047899246216
dom,2014,0.30762359499931335
dom,2015,0.303876668214798
dom,2016,0.28674232959747314
dom,2017,0.24368764460086823
dza,2000,0.6806867718696594
dza,2001,0.6422199010848999
dza,2002,0.5964556336402893
dza,2003,0.5510711073875427
dza,2004,0.5092716813087463
dza,2005,0.4701710343360901
dza,2006,0.4216300845146179
dza,2007,0.3653925061225891
dza,2008,0.30591362714767456
dza,2009,0.26805874705314636
dza,2010,0.2506867051124573
dza,2011,0.24913747608661652
dza,2012,0.2488802820444107
dza,2013,0.24884119629859924
dza,2014,0.24981552362442017
dza,2015,0.24985799193382263
dza,2016,0.24890252947807312
dza,2017,0.24726524949073792
ecu,2000,0.24515700340270996
ecu,2001,0.22837524116039276
ecu,2002,0.21355029940605164
ecu,2003,0.24101504683494568
ecu,2004,0.23069211840629578
ecu,2005,0.21981704235076904
ecu,2006,0.20932631194591522
ecu,2007,0.1974843591451645
ecu,2008,0.18677741289138794
ecu,2009,0.1747865080833435
ecu,2010,0.16180351376533508
ecu,2011,0.14952966570854187
ecu,2012,0.13823096454143524
ecu,2013,0.12790292501449585
ecu,2014,0.11372899264097214
ecu,2015,0.1386936902999878
ecu,2016,0.10616249591112137
ecu,2017,0.11635056138038635
egy,2000,0.7613996863365173
egy,2001,0.7080259919166565
egy,2002,0.6556655764579773
egy,2003,0.6094610095024109
egy,2004,0.568138062953949
egy,2005,0.5354998111724854
egy,2006,0.5058442950248718
egy,2007,0.47646069526672363
egy,2008,0.4475555419921875
egy,2009,0.42038199305534363
egy,2010,0.3957899212837219
egy,2011,0.3729266822338104
egy,2012,0.3529842793941498
egy,2013,0.3356611430644989
egy,2014,0.38141342997550964
egy,2015,0.361932635307312
egy,2016,0.3422268331050873
egy,2017,0.32724887132644653
eri,2000,3.9289820194244385
eri,2001,3.704482316970825
eri,2002,3.5178444385528564
eri,2003,3.355950117111206
eri,2004,3.2272074222564697
eri,2005,3.1103291511535645
eri,2006,2.933154344558716
eri,2007,2.6896750926971436
eri,2008,2.3801474571228027
eri,2009,2.1562156677246094
eri,2010,2.003279209136963
eri,2011,1.9480903148651123
eri,2012,1.8877521753311157
eri,2013,1.8138967752456665
eri,2014,1.7397822141647339
eri,2015,1.7099651098251343
eri,2016,1.1676805019378662
eri,2017,1.121842384338379
esp,2000,0.18938006460666656
esp,2001,0.11174500733613968
esp,2002,0.10045451670885086
esp,2003,0.12521234154701233
esp,2004,0.1003061905503273
esp,2005,0.12469293177127838
esp,2006,0.10039117187261581
esp,2007,0.10010255873203278
esp,2008,0.07935142517089844
esp,2009,0.09865690022706985
esp,2010,0.05472778156399727
esp,2011,0.05990731343626976
esp,2012,0.04467027261853218
esp,2013,0.06753826141357422
esp,2014,0.044741176068782806
esp,2015,0.028629720211029053
esp,2016,0.0380745455622673
esp,2017,0.034706950187683105
est,2000,0.11768534034490585
est,2001,0.18940488994121552
est,2002,0.1985500603914261
est,2003,0.09472592175006866
est,2004,0.09432291239500046
est,2005,0.14531654119491577
est,2006,0.07295260578393936
est,2007,0.08272767812013626
est,2008,0.24704523384571075
est,2009,0.11243375390768051
est,2010,0.16411976516246796
est,2011,0.14701922237873077
est,2012,0.0
est,2013,0.13437221944332123
est,2014,0.08000175654888153
est,2015,0.0
est,2016,0.1046796590089798
est,2017,0.05615769326686859
eth,2000,10.522111892700195
eth,2001,10.107070922851562
eth,2002,9.657974243164062
eth,2003,9.09322452545166
eth,2004,8.418180465698242
eth,2005,7.803097248077393
eth,2006,5.0014872550964355
eth,2007,4.436894416809082
eth,2008,5.519059181213379
eth,2009,3.513247013092041
eth,2010,3.1822926998138428
eth,2011,2.867067575454712
eth,2012,2.509423017501831
eth,2013,2.2063169479370117
eth,2014,2.0386929512023926
eth,2015,1.8289788961410522
eth,2016,1.7092485427856445
eth,2017,1.5978506803512573
fin,2000,0.020352618768811226
fin,2001,0.012759034521877766
fin,2002,0.028371699154376984
fin,2003,0.04119652882218361
fin,2004,0.04839901998639107
fin,2005,0.030709240585565567
fin,2006,0.018777068704366684
fin,2007,0.016993708908557892
fin,2008,0.012701671570539474
fin,2009,0.014297472313046455
fin,2010,0.012048370204865932
fin,2011,0.012434116564691067
fin,2012,0.016385018825531006
fin,2013,0.011784020811319351
fin,2014,0.017641887068748474
fin,2015,0.009126345627009869
fin,2016,0.011951012536883354
fin,2017,0.00862959772348404
fji,2000,0.7105295062065125
fji,2001,0.6812644600868225
fji,2002,0.652046799659729
fji,2003,0.6290103793144226
fji,2004,0.6146621704101562
fji,2005,0.6038260459899902
fji,2006,0.6041746735572815
fji,2007,0.6188986897468567
fji,2008,0.6309766173362732
fji,2009,0.6375062465667725
fji,2010,0.6329699158668518
fji,2011,0.629263699054718
fji,2012,0.6227704286575317
fji,2013,0.613290548324585
fji,2014,0.6019701361656189
fji,2015,0.589907705783844
fji,2016,0.5759530067443848
fji,2017,0.571060836315155
fra,2000,0.11487061530351639
fra,2001,0.09407934546470642
fra,2002,0.09737907350063324
fra,2003,0.08175592869520187
fra,2004,0.07684122771024704
fra,2005,0.05657077208161354
fra,2006,0.08156563341617584
fra,2007,0.06384160369634628
fra,2008,0.08487413078546524
fra,2009,0.05967051908373833
fra,2010,0.07323625683784485
fra,2011,0.05980398505926132
fra,2012,0.026437634602189064
fra,2013,0.05905947834253311
fra,2014,0.046469494700431824
fra,2015,0.04740874841809273
fra,2016,0.0506458580493927
fra,2017,0.05130968242883682
fsm,2000,1.267185091972351
fsm,2001,1.19172203540802
fsm,2002,1.1714168787002563
fsm,2003,1.168418288230896
fsm,2004,1.1355420351028442
fsm,2005,1.1104565858840942
fsm,2006,1.067563533782959
fsm,2007,1.0091443061828613
fsm,2008,0.9520581364631653
fsm,2009,0.902147650718689
fsm,2010,0.6882645487785339
fsm,2011,0.6751217246055603
fsm,2012,0.6557389497756958
fsm,2013,0.6384124159812927
fsm,2014,0.6126723885536194
fsm,2015,0.6020294427871704
fsm,2016,0.6069881916046143
fsm,2017,0.594841480255127
gab,2000,1.0521336793899536
gab,2001,1.0707155466079712
gab,2002,1.0981773138046265
gab,2003,1.1250576972961426
gab,2004,1.1417711973190308
gab,2005,1.145761251449585
gab,2006,1.1548147201538086
gab,2007,1.1316977739334106
gab,2008,1.085147738456726
gab,2009,1.0036512613296509
gab,2010,0.8946791291236877
gab,2011,0.8045768737792969
gab,2012,0.7416239976882935
gab,2013,0.7139526605606079
gab,2014,0.6911941766738892
gab,2015,0.6720817685127258
gab,2016,0.6502327919006348
gab,2017,0.6293338537216187
gbr,2000,0.20000962913036346
gbr,2001,0.2192373424768448
gbr,2002,0.16899070143699646
gbr,2003,0.18363657593727112
gbr,2004,0.15713393688201904
gbr,2005,0.15916158258914948
gbr,2006,0.10797376185655594
gbr,2007,0.10487355291843414
gbr,2008,0.09185832738876343
gbr,2009,0.09258972108364105
gbr,2010,0.09381851553916931
gbr,2011,0.08328533172607422
gbr,2012,0.06449570506811142
gbr,2013,0.04483397305011749
gbr,2014,0.05287184193730354
gbr,2015,0.06931062787771225
gbr,2016,0.05377892404794693
gbr,2017,0.05281246826052666
geo,2000,0.7697130441665649
geo,2001,0.6563623547554016
geo,2002,0.5584756135940552
geo,2003,0.47274503111839294
geo,2004,0.40756046772003174
geo,2005,0.34340694546699524
geo,2006,0.29689422249794006
geo,2007,0.2566421926021576
geo,2008,0.22566115856170654
geo,2009,0.19772788882255554
geo,2010,0.21732276678085327
geo,2011,0.19618937373161316
geo,2012,0.1809052973985672
geo,2013,0.1704936921596527
geo,2014,0.16398021578788757
geo,2015,0.15692776441574097
geo,2016,0.14750303328037262
geo,2017,0.14344251155853271
gha,2000,2.380561113357544
gha,2001,2.233161687850952
gha,2002,2.0302250385284424
gha,2003,2.6257290840148926
gha,2004,2.5069730281829834
gha,2005,2.4494571685791016
gha,2006,1.6913855075836182
gha,2007,1.6062208414077759
gha,2008,2.1092259883880615
gha,2009,1.4073671102523804
gha,2010,1.3204799890518188
gha,2011,1.238847017288208
gha,2012,1.4274502992630005
gha,2013,0.8490231037139893
gha,2014,0.7747785449028015
gha,2015,0.7758582234382629
gha,2016,0.7173979878425598
gha,2017,0.6646390557289124
gin,2000,5.722144603729248
gin,2001,5.475234508514404
gin,2002,5.225613594055176
gin,2003,4.991353988647461
gin,2004,4.808009147644043
gin,2005,4.656533718109131
gin,2006,4.512914657592773
gin,2007,4.284298419952393
gin,2008,5.532892227172852
gin,2009,3.593413829803467
gin,2010,3.308875560760498
gin,2011,3.1520237922668457
gin,2012,3.1475486755371094
gin,2013,4.524900436401367
gin,2014,3.265106678009033
gin,2015,3.2239956855773926
gin,2016,3.1709578037261963
gin,2017,3.0857348442077637
gmb,2000,3.629244804382324
gmb,2001,4.88011360168457
gmb,2002,3.34674334526062
gmb,2003,3.1995065212249756
gmb,2004,3.0662639141082764
gmb,2005,2.9328269958496094
gmb,2006,2.802102565765381
gmb,2007,2.6748650074005127
gmb,2008,2.564387321472168
gmb,2009,2.4686245918273926
gmb,2010,1.9309614896774292
gmb,2011,1.7715318202972412
gmb,2012,2.1315879821777344
gmb,2013,1.5978413820266724
gmb,2014,1.5754568576812744
gmb,2015,1.4510494470596313
gmb,2016,1.426698923110962
gmb,2017,1.4138129949569702
gnb,2000,6.543181896209717
gnb,2001,6.659348487854004
gnb,2002,6.679425239562988
gnb,2003,6.596017837524414
gnb,2004,6.419646263122559
gnb,2005,6.194139003753662
gnb,2006,5.962405204772949
gnb,2007,5.599089622497559
gnb,2008,5.080358505249023
gnb,2009,4.436700344085693
gnb,2010,3.9084715843200684
gnb,2011,3.552227020263672
gnb,2012,3.3604736328125
gnb,2013,3.224860668182373
gnb,2014,3.1406753063201904
gnb,2015,2.9855287075042725
gnb,2016,2.3120062351226807
gnb,2017,2.1654245853424072
gnq,2000,2.4563889503479004
gnq,2001,2.2214457988739014
gnq,2002,2.0132558345794678
gnq,2003,1.8414809703826904
gnq,2004,1.6508097648620605
gnq,2005,1.536211371421814
gnq,2006,1.4692903757095337
gnq,2007,1.4312708377838135
gnq,2008,1.4080374240875244
gnq,2009,1.3696500062942505
gnq,2010,1.310054063796997
gnq,2011,1.2348252534866333
gnq,2012,1.18984854221344
gnq,2013,1.168852686882019
gnq,2014,1.1745024919509888
gnq,2015,1.1604541540145874
gnq,2016,1.1471713781356812
gnq,2017,1.1184742450714111
grc,2000,0.09670431166887283
grc,2001,0.048735346645116806
grc,2002,0.01966862939298153
grc,2003,0.055439602583646774
grc,2004,0.04389907419681549
grc,2005,0.0210606399923563
grc,2006,0.041331756860017776
grc,2007,0.01852448284626007
grc,2008,0.035072196274995804
grc,2009,0.04776183143258095
grc,2010,0.008763234131038189
grc,2011,0.02821766771376133
grc,2012,0.01073971576988697
grc,2013,0.05235135182738304
grc,2014,0.0783950537443161
grc,2015,0.042367760092020035
grc,2016,0.06810574233531952
grc,2017,0.07157394289970398
grd,2000,0.0
grd,2001,0.0
grd,2002,0.0
grd,2003,0.0
grd,2004,0.0
grd,2005,0.0
grd,2006,0.0
grd,2007,0.0
grd,2008,0.0
grd,2009,0.0
grd,2010,0.0
grd,2011,0.0
grd,2012,0.0
grd,2013,0.0
grd,2014,0.0
grd,2015,0.0
grd,2016,0.0
grd,2017,0.0
gtm,2000,1.3789540529251099
gtm,2001,1.3232550621032715
gtm,2002,1.2691651582717896
gtm,2003,1.1779719591140747
gtm,2004,1.050723910331726
gtm,2005,0.8896788954734802
gtm,2006,0.7663252353668213
gtm,2007,0.6861165165901184
gtm,2008,0.6452803611755371
gtm,2009,0.6153591871261597
gtm,2010,0.5986214876174927
gtm,2011,0.5831023454666138
gtm,2012,0.5617194771766663
gtm,2013,0.4938760995864868
gtm,2014,0.4193480908870697
gtm,2015,0.3380722403526306
gtm,2016,0.325000137090683
gtm,2017,0.30283504724502563
guy,2000,0.3791870176792145
guy,2001,0.5821492671966553
guy,2002,0.49607473611831665
guy,2003,0.4857858717441559
guy,2004,0.54588782787323
guy,2005,0.630447506904602
guy,2006,0.33223357796669006
guy,2007,0.4520290493965149
guy,2008,0.45682117342948914
guy,2009,0.9494349360466003
guy,2010,0.258065789937973
guy,2011,0.626247763633728
guy,2012,0.5065797567367554
guy,2013,0.6266298294067383
guy,2014,0.3004874289035797
guy,2015,0.4683193266391754
guy,2016,0.45280736684799194
guy,2017,0.4399544894695282
hnd,2000,0.6727227568626404
hnd,2001,0.6406435370445251
hnd,2002,0.6093410849571228
hnd,2003,0.5808821320533752
hnd,2004,0.555169403553009
hnd,2005,0.5285312533378601
hnd,2006,0.4961387813091278
hnd,2007,0.4630810618400574
hnd,2008,0.43481943011283875
hnd,2009,0.41106027364730835
hnd,2010,0.38757625222206116
hnd,2011,0.36618685722351074
hnd,2012,0.34441712498664856
hnd,2013,0.32281190156936646
hnd,2014,0.3016185164451599
hnd,2015,0.28100302815437317
hnd,2016,0.26159265637397766
hnd,2017,0.2472338080406189
hrv,2000,0.12285111844539642
hrv,2001,0.14556504786014557
hrv,2002,0.132218599319458
hrv,2003,0.0711379125714302
hrv,2004,0.03141689673066139
hrv,2005,0.20274707674980164
hrv,2006,0.03231196105480194
hrv,2007,0.0
hrv,2008,0.08806810528039932
hrv,2009,0.12728480994701385
hrv,2010,0.12026573717594147
hrv,2011,0.10961499065160751
hrv,2012,0.18077662587165833
hrv,2013,0.0704735741019249
hrv,2014,0.03288257122039795
hrv,2015,0.10804066061973572
hrv,2016,0.06538570672273636
hrv,2017,0.06649754196405411
hti,2000,4.964662551879883
hti,2001,4.795475482940674
hti,2002,4.650790691375732
hti,2003,4.516081809997559
hti,2004,4.394756317138672
hti,2005,4.285510540008545
hti,2006,4.191041946411133
hti,2007,4.144220352172852
hti,2008,4.091458797454834
hti,2009,4.064847946166992
hti,2010,4.388066291809082
hti,2011,3.803536891937256
hti,2012,3.6196582317352295
hti,2013,3.3307738304138184
hti,2014,3.1430740356445312
hti,2015,2.9982497692108154
hti,2016,2.9044272899627686
hti,2017,2.8086159229278564
hun,2000,0.1369226574897766
hun,2001,0.21090546250343323
hun,2002,0.13355392217636108
hun,2003,0.10355852544307709
hun,2004,0.17412899434566498
hun,2005,0.19204598665237427
hun,2006,0.12962183356285095
hun,2007,0.10847369581460953
hun,2008,0.12269645929336548
hun,2009,0.100507952272892
hun,2010,0.07837506383657455
hun,2011,0.07537378370761871
hun,2012,0.0459650494158268
hun,2013,0.1496191769838333
hun,2014,0.10007452219724655
hun,2015,0.12159989029169083
hun,2016,0.17225882411003113
hun,2017,0.11689791083335876
idn,2000,1.8121646642684937
idn,2001,1.1604688167572021
idn,2002,1.0869994163513184
idn,2003,1.0204089879989624
idn,2004,0.9698388576507568
idn,2005,0.8993242383003235
idn,2006,0.843086838722229
idn,2007,0.7871603965759277
idn,2008,0.7402502298355103
idn,2009,0.7022243142127991
idn,2010,0.6641780734062195
idn,2011,0.6322712898254395
idn,2012,0.5949462652206421
idn,2013,0.5445577502250671
idn,2014,0.4855291545391083
idn,2015,0.42559540271759033
idn,2016,0.38535240292549133
idn,2017,0.3595629930496216
ind,2000,3.049793243408203
ind,2001,2.915393114089966
ind,2002,2.787524461746216
ind,2003,2.66266131401062
ind,2004,2.539407968521118
ind,2005,2.4098057746887207
ind,2006,2.309670925140381
ind,2007,2.201765775680542
ind,2008,2.0878190994262695
ind,2009,1.9669945240020752
ind,2010,1.8471027612686157
ind,2011,1.7322591543197632
ind,2012,1.6096150875091553
ind,2013,1.4547947645187378
ind,2014,1.3313851356506348
ind,2015,1.0886077880859375
ind,2016,1.0096465349197388
ind,2017,0.9479544758796692
irl,2000,0.28699737787246704
irl,2001,0.18188871443271637
irl,2002,0.1951150745153427
irl,2003,0.17806926369667053
irl,2004,0.17587174475193024
irl,2005,0.1958644986152649
irl,2006,0.0650031641125679
irl,2007,0.1428954154253006
irl,2008,0.12126363068819046
irl,2009,0.08470766991376877
irl,2010,0.06270991265773773
irl,2011,0.021649174392223358
irl,2012,0.07922584563493729
irl,2013,0.02787204086780548
irl,2014,0.015397373586893082
irl,2015,0.03738764300942421
irl,2016,0.03672599047422409
irl,2017,0.036057669669389725
irn,2000,0.959222137928009
irn,2001,0.622249186038971
irn,2002,0.5658252239227295
irn,2003,0.5133052468299866
irn,2004,0.47173717617988586
irn,2005,0.43333062529563904
irn,2006,0.40314918756484985
irn,2007,0.374574214220047
irn,2008,0.35114338994026184
irn,2009,0.33466750383377075
irn,2010,0.32301199436187744
irn,2011,0.3135780990123749
irn,2012,0.3043792247772217
irn,2013,0.28656360507011414
irn,2014,0.2599329650402069
irn,2015,0.22524985671043396
irn,2016,0.19854071736335754
irn,2017,0.1819811761379242
irq,2000,0.8737746477127075
irq,2001,0.8597144484519958
irq,2002,0.8486987948417664
irq,2003,0.8309990763664246
irq,2004,0.7949753999710083
irq,2005,0.7587186098098755
irq,2006,0.7240360379219055
irq,2007,0.6933388113975525
irq,2008,0.6714081168174744
irq,2009,0.653526246547699
irq,2010,0.6304941177368164
irq,2011,0.5946066975593567
irq,2012,0.5429529547691345
irq,2013,0.49059993028640747
irq,2014,0.45175033807754517
irq,2015,0.43322837352752686
irq,2016,0.42189449071884155
irq,2017,0.38225212693214417
isl,2000,0.0
isl,2001,0.0
isl,2002,0.13410840928554535
isl,2003,0.138657808303833
isl,2004,0.13613379001617432
isl,2005,0.08000000566244125
isl,2006,0.07077308744192123
isl,2007,0.07350239157676697
isl,2008,0.0
isl,2009,0.0
isl,2010,0.0
isl,2011,0.0
isl,2012,0.0
isl,2013,0.0
isl,2014,0.0
isl,2015,0.0
isl,2016,0.0
isl,2017,0.0
isr,2000,0.018467113375663757
isr,2001,0.046618957072496414
isr,2002,0.10871649533510208
isr,2003,0.08673425763845444
isr,2004,0.04898206144571304
isr,2005,0.03359934687614441
isr,2006,0.09802690893411636
isr,2007,0.03620150312781334
isr,2008,0.06265868991613388
isr,2009,0.048983603715896606
isr,2010,0.050193902105093
isr,2011,0.05800308659672737
isr,2012,0.045150063931941986
isr,2013,0.06217002496123314
isr,2014,0.05752483382821083
isr,2015,0.052423156797885895
isr,2016,0.05408991128206253
isr,2017,0.052304450422525406
ita,2000,0.030647385865449905
ita,2001,0.03405885398387909
ita,2002,0.040059566497802734
ita,2003,0.05597319081425667
ita,2004,0.03421798348426819
ita,2005,0.03288182616233826
ita,2006,0.04421776905655861
ita,2007,0.03608791530132294
ita,2008,0.024956615641713142
ita,2009,0.03810092806816101
ita,2010,0.029071660712361336
ita,2011,0.019662708044052124
ita,2012,0.02392735332250595
ita,2013,0.018495455384254456
ita,2014,0.02424105443060398
ita,2015,0.031680475920438766
ita,2016,0.024454418569803238
ita,2017,0.024066070094704628
jam,2000,0.12966518104076385
jam,2001,0.1278078705072403
jam,2002,0.1297452598810196
jam,2003,0.13588616251945496
jam,2004,0.1449296623468399
jam,2005,0.05572598800063133
jam,2006,0.3055042028427124
jam,2007,0.2001669853925705
jam,2008,0.16884452104568481
jam,2009,0.13624437153339386
jam,2010,0.2045712023973465
jam,2011,0.1535607874393463
jam,2012,0.09595327079296112
jam,2013,0.05350499600172043
jam,2014,0.008054778911173344
jam,2015,0.04972733557224274
jam,2016,0.04812203720211983
jam,2017,0.047098834067583084
jor,2000,0.4212875962257385
jor,2001,0.49422982335090637
jor,2002,0.47419485449790955
jor,2003,0.44771894812583923
jor,2004,0.4218522310256958
jor,2005,0.3979060649871826
jor,2006,0.3731636106967926
jor,2007,0.35057035088539124
jor,2008,0.32885146141052246
jor,2009,0.3090970516204834
jor,2010,0.2908199727535248
jor,2011,0.2764747440814972
jor,2012,0.26241567730903625
jor,2013,0.24903719127178192
jor,2014,0.2370111048221588
jor,2015,0.22523023188114166
jor,2016,0.21483933925628662
jor,2017,0.2065054476261139
jpn,2000,0.05252834036946297
jpn,2001,0.04681217297911644
jpn,2002,0.03925365209579468
jpn,2003,0.04308456555008888
jpn,2004,0.03229623660445213
jpn,2005,0.03745930269360542
jpn,2006,0.02801632508635521
jpn,2007,0.03758493810892105
jpn,2008,0.02313859760761261
jpn,2009,0.03139142692089081
jpn,2010,0.038664426654577255
jpn,2011,0.016842853277921677
jpn,2012,0.01304699294269085
jpn,2013,0.017095673829317093
jpn,2014,0.013406844809651375
jpn,2015,0.010488932020962238
jpn,2016,0.012846778146922588
jpn,2017,0.012469024397432804
kaz,2000,1.0539488792419434
kaz,2001,0.9328146576881409
kaz,2002,0.8230385780334473
kaz,2003,0.7307444214820862
kaz,2004,0.6482250094413757
kaz,2005,0.5891716480255127
kaz,2006,0.533439040184021
kaz,2007,0.46793076395988464
kaz,2008,0.3850364685058594
kaz,2009,0.3081076741218567
kaz,2010,0.2562826871871948
kaz,2011,0.2264796644449234
kaz,2012,0.18277783691883087
kaz,2013,0.15889006853103638
kaz,2014,0.1428888738155365
kaz,2015,0.12149438261985779
kaz,2016,0.10070821642875671
kaz,2017,0.0913589745759964
ken,2000,3.2912673950195312
ken,2001,3.0049827098846436
ken,2002,2.6663219928741455
ken,2003,2.4308321475982666
ken,2004,2.2531089782714844
ken,2005,2.946800708770752
ken,2006,2.7909228801727295
ken,2007,1.9501131772994995
ken,2008,1.8559659719467163
ken,2009,1.7621127367019653
ken,2010,1.674572229385376
ken,2011,1.2579832077026367
ken,2012,1.211375117301941
ken,2013,1.192938208580017
ken,2014,1.1397637128829956
ken,2015,1.1446318626403809
ken,2016,1.1144347190856934
ken,2017,1.105327844619751
kgz,2000,1.246842384338379
kgz,2001,0.9462021589279175
kgz,2002,0.8406279683113098
kgz,2003,0.7781471610069275
kgz,2004,0.7417353391647339
kgz,2005,0.5985496640205383
kgz,2006,0.7550072073936462
kgz,2007,0.7884595394134521
kgz,2008,0.49069344997406006
kgz,2009,0.4078132212162018
kgz,2010,0.36459773778915405
kgz,2011,0.2969232499599457
kgz,2012,0.17420732975006104
kgz,2013,0.33351245522499084
kgz,2014,0.29980939626693726
kgz,2015,0.3510483205318451
kgz,2016,0.23320049047470093
kgz,2017,0.27190592885017395
khm,2000,4.853644847869873
khm,2001,4.328202724456787
khm,2002,3.729649782180786
khm,2003,3.2031054496765137
khm,2004,2.8208353519439697
khm,2005,2.509101152420044
khm,2006,2.2327802181243896
khm,2007,2.0251526832580566
khm,2008,1.7789016962051392
khm,2009,1.4981573820114136
khm,2010,1.221134901046753
khm,2011,1.0062607526779175
khm,2012,0.8656784296035767
khm,2013,0.7945246696472168
khm,2014,0.7330012917518616
khm,2015,0.5139230489730835
khm,2016,0.4257911443710327
khm,2017,0.4135315716266632
kir,2000,2.8243157863616943
kir,2001,2.73102068901062
kir,2002,2.6805660724639893
kir,2003,2.579314947128296
kir,2004,2.5257441997528076
kir,2005,2.5475034713745117
kir,2006,2.5005671977996826
kir,2007,2.3679473400115967
kir,2008,2.1558544635772705
kir,2009,2.0223004817962646
kir,2010,1.9499104022979736
kir,2011,1.948306918144226
kir,2012,1.9204144477844238
kir,2013,1.6656800508499146
kir,2014,1.5441941022872925
kir,2015,1.4181864261627197
kir,2016,1.344031810760498
kir,2017,1.2131330966949463
kna,2000,0.0
kna,2001,0.0
kna,2002,0.0
kna,2003,0.0
kna,2004,0.0
kna,2005,0.0
kna,2006,0.0
kna,2007,0.0
kna,2008,0.0
kna,2009,0.0
kna,2010,0.0
kna,2011,0.4003843367099762
kna,2012,0.3472825288772583
kna,2013,0.7575757503509521
kna,2014,0.3822630047798157
kna,2015,0.3858024775981903
kna,2016,0.14977237582206726
kna,2017,0.27329573035240173
kor,2000,0.11200127750635147
kor,2001,0.09114310890436172
kor,2002,0.09244399517774582
kor,2003,0.0695890411734581
kor,2004,0.07312203198671341
kor,2005,0.05661742389202118
kor,2006,0.0698675587773323
kor,2007,0.08444879204034805
kor,2008,0.05944577232003212
kor,2009,0.059401292353868484
kor,2010,0.059882752597332
kor,2011,0.07476633042097092
kor,2012,0.05708492174744606
kor,2013,0.0525839701294899
kor,2014,0.017980827018618584
kor,2015,0.02500704675912857
kor,2016,0.05547790601849556
kor,2017,0.03113417699933052
kwt,2000,0.11070234328508377
kwt,2001,0.1767282783985138
kwt,2002,0.055078111588954926
kwt,2003,0.16568249464035034
kwt,2004,0.09120126068592072
kwt,2005,0.13633568584918976
kwt,2006,0.026745086535811424
kwt,2007,0.049204617738723755
kwt,2008,0.0
kwt,2009,0.062384434044361115
kwt,2010,0.052444688975811005
kwt,2011,0.13442105054855347
kwt,2012,0.06928303837776184
kwt,2013,0.07869197428226471
kwt,2014,0.0
kwt,2015,0.043812043964862823
kwt,2016,0.04226292297244072
kwt,2017,0.041083380579948425
lao,2000,4.271239280700684
lao,2001,4.15989875793457
lao,2002,3.998847007751465
lao,2003,3.8218421936035156
lao,2004,3.6347427368164062
lao,2005,3.447323799133301
lao,2006,3.259674549102783
lao,2007,3.0861876010894775
lao,2008,2.8657615184783936
lao,2009,2.594123125076294
lao,2010,2.2716684341430664
lao,2011,2.0208656787872314
lao,2012,1.8296372890472412
lao,2013,1.723560094833374
lao,2014,1.2131210565567017
lao,2015,1.1254570484161377
lao,2016,1.07523512840271
lao,2017,1.0037606954574585
lbn,2000,0.2841336131095886
lbn,2001,0.25703057646751404
lbn,2002,0.23115679621696472
lbn,2003,0.259138822555542
lbn,2004,0.23244819045066833
lbn,2005,0.20616310834884644
lbn,2006,0.17875069379806519
lbn,2007,0.1544385701417923
lbn,2008,0.1343001127243042
lbn,2009,0.11848574131727219
lbn,2010,0.10583096742630005
lbn,2011,0.09651695191860199
lbn,2012,0.08856166899204254
lbn,2013,0.08216743171215057
lbn,2014,0.07708869874477386
lbn,2015,0.07282193005084991
lbn,2016,0.06946617364883423
lbn,2017,0.06735213845968246
lbr,2000,8.349061965942383
lbr,2001,7.6951985359191895
lbr,2002,7.149124622344971
lbr,2003,6.699825763702393
lbr,2004,6.245063304901123
lbr,2005,5.84046745300293
lbr,2006,5.367715358734131
lbr,2007,4.833461284637451
lbr,2008,4.289644718170166
lbr,2009,3.915933847427368
lbr,2010,3.665337324142456
lbr,2011,3.4864776134490967
lbr,2012,3.394843816757202
lbr,2013,3.3446829319000244
lbr,2014,2.827237844467163
lbr,2015,2.600689649581909
lbr,2016,2.2056632041931152
lbr,2017,2.669687509536743
lby,2000,0.485561341047287
lby,2001,0.456558495759964
lby,2002,0.42894136905670166
lby,2003,0.40066584944725037
lby,2004,0.37065041065216064
lby,2005,0.33774125576019287
lby,2006,0.3035942316055298
lby,2007,0.33502888679504395
lby,2008,0.3013609051704407
lby,2009,0.27038758993148804
lby,2010,0.24560433626174927
lby,2011,0.22584278881549835
lby,2012,0.20747309923171997
lby,2013,0.19227662682533264
lby,2014,0.17912855744361877
lby,2015,0.16764920949935913
lby,2016,0.15627406537532806
lby,2017,0.14874571561813354
lca,2000,0.1649959534406662
lca,2001,0.11217371374368668
lca,2002,0.16721972823143005
lca,2003,0.12460900843143463
lca,2004,0.1290375143289566
lca,2005,0.0
lca,2006,0.027934279292821884
lca,2007,0.02756858803331852
lca,2008,0.0294636357575655
lca,2009,0.17308925092220306
lca,2010,0.17984771728515625
lca,2011,0.18680286407470703
lca,2012,0.0
lca,2013,0.0
lca,2014,0.0
lca,2015,0.0
lca,2016,0.0
lca,2017,0.0
lka,2000,0.22356286644935608
lka,2001,0.2267436534166336
lka,2002,0.23118822276592255
lka,2003,0.22907669842243195
lka,2004,0.21748895943164825
lka,2005,0.19188882410526276
lka,2006,0.16299329698085785
lka,2007,0.1382180005311966
lka,2008,0.12320157885551453
lka,2009,0.11810055375099182
lka,2010,0.14216002821922302
lka,2011,0.13077068328857422
lka,2012,0.11483721435070038
lka,2013,0.10021456331014633
lka,2014,0.08920412510633469
lka,2015,0.08085593581199646
lka,2016,0.07444002479314804
lka,2017,0.0703200250864029
lso,2000,2.7642059326171875
lso,2001,2.8030495643615723
lso,2002,2.870997667312622
lso,2003,2.952829360961914
lso,2004,3.007830858230591
lso,2005,3.016266345977783
lso,2006,2.9927234649658203
lso,2007,2.8581206798553467
lso,2008,2.5980703830718994
lso,2009,2.2355151176452637
lso,2010,1.9625660181045532
lso,2011,1.8290678262710571
lso,2012,1.8036930561065674
lso,2013,1.7883782386779785
lso,2014,1.7592206001281738
lso,2015,1.6291444301605225
lso,2016,1.044587254524231
lso,2017,1.0184565782546997
ltu,2000,0.2828596532344818
ltu,2001,0.3139496147632599
ltu,2002,0.31475377082824707
ltu,2003,0.3952926695346832
ltu,2004,0.08884210884571075
ltu,2005,0.22426579892635345
ltu,2006,0.24140626192092896
ltu,2007,0.1559300422668457
ltu,2008,0.1334281712770462
ltu,2009,0.07671359181404114
ltu,2010,0.26493290066719055
ltu,2011,0.17157180607318878
ltu,2012,0.1799091249704361
ltu,2013,0.256873220205307
ltu,2014,0.1947786808013916
ltu,2015,0.12120017409324646
ltu,2016,0.22260220348834991
ltu,2017,0.14050742983818054
lux,2000,0.3431199789047241
lux,2001,0.2006441205739975
lux,2002,0.08110789209604263
lux,2003,0.0
lux,2004,0.0
lux,2005,0.0
lux,2006,0.0
lux,2007,0.0
lux,2008,0.06712695956230164
lux,2009,0.06924659758806229
lux,2010,0.11231693625450134
lux,2011,0.03615427389740944
lux,2012,0.037379685789346695
lux,2013,0.04701567813754082
lux,2014,0.045956939458847046
lux,2015,0.05992644280195236
lux,2016,0.029335618019104004
lux,2017,0.04317230358719826
lva,2000,0.24629834294319153
lva,2001,0.2774519622325897
lva,2002,0.05563633143901825
lva,2003,0.23672552406787872
lva,2004,0.14007271826267242
lva,2005,0.18733720481395721
lva,2006,0.18008263409137726
lva,2007,0.06475986540317535
lva,2008,0.17143107950687408
lva,2009,0.12304344773292542
lva,2010,0.0
lva,2011,0.2042771279811859
lva,2012,0.0
lva,2013,0.11677463352680206
lva,2014,0.0
lva,2015,0.0
lva,2016,0.028551949188113213
lva,2017,0.025767765939235687
mar,2000,2.4006388187408447
mar,2001,1.7980828285217285
mar,2002,1.713924765586853
mar,2003,1.6154136657714844
mar,2004,1.5352504253387451
mar,2005,1.436545491218567
mar,2006,1.314723014831543
mar,2007,1.1713430881500244
mar,2008,1.0540680885314941
mar,2009,0.9649569392204285
mar,2010,0.9013359546661377
mar,2011,0.8212992548942566
mar,2012,0.6958227157592773
mar,2013,0.6390157341957092
mar,2014,0.5857797861099243
mar,2015,0.554459273815155
mar,2016,0.5203359127044678
mar,2017,0.49520835280418396
mco,2000,0.08133897185325623
mco,2001,0.076881542801857
mco,2002,0.07202444225549698
mco,2003,0.06767277419567108
mco,2004,0.06326515972614288
mco,2005,0.05901646241545677
mco,2006,0.05510709434747696
mco,2007,0.051861364394426346
mco,2008,0.04919876530766487
mco,2009,0.04722285270690918
mco,2010,0.04550081118941307
mco,2011,0.044203173369169235
mco,2012,0.04309985414147377
mco,2013,0.04198594391345978
mco,2014,0.04088656231760979
mco,2015,0.0
mco,2016,0.0
mco,2017,0.0
mda,2000,0.5846250653266907
mda,2001,0.22874842584133148
mda,2002,0.330591082572937
mda,2003,0.28243154287338257
mda,2004,0.2704179286956787
mda,2005,0.3732772171497345
mda,2006,0.08327795565128326
mda,2007,0.14778199791908264
mda,2008,0.19202515482902527
mda,2009,0.2553558647632599
mda,2010,0.22096550464630127
mda,2011,0.33494624495506287
mda,2012,0.18331336975097656
mda,2013,0.1150687038898468
mda,2014,0.23954807221889496
mda,2015,0.1561366468667984
mda,2016,0.22014325857162476
mda,2017,0.20216187834739685
mdg,2000,5.0443243980407715
mdg,2001,4.80072021484375
mdg,2002,4.626156806945801
mdg,2003,4.3908586502075195
mdg,2004,4.2350754737854
mdg,2005,4.041522979736328
mdg,2006,3.760073184967041
mdg,2007,3.409454822540283
mdg,2008,2.9699978828430176
mdg,2009,2.5705666542053223
mdg,2010,2.3246710300445557
mdg,2011,2.1759448051452637
mdg,2012,1.9699735641479492
mdg,2013,1.399633526802063
mdg,2014,1.3875775337219238
mdg,2015,1.258660078048706
mdg,2016,1.235556960105896
mdg,2017,1.1513047218322754
mdv,2000,0.6245616674423218
mdv,2001,0.5133167505264282
mdv,2002,0.42467793822288513
mdv,2003,0.35093945264816284
mdv,2004,0.2888948917388916
mdv,2005,0.24179278314113617
mdv,2006,0.19859658181667328
mdv,2007,0.16865408420562744
mdv,2008,0.14490526914596558
mdv,2009,0.12697111070156097
mdv,2010,0.1090598851442337
mdv,2011,0.09775598347187042
mdv,2012,0.08424978703260422
mdv,2013,0.09096406400203705
mdv,2014,0.08306391537189484
mdv,2015,0.07481797784566879
mdv,2016,0.0715729147195816
mdv,2017,0.06630973517894745
mex,2000,0.36998653411865234
mex,2001,0.29058486223220825
mex,2002,0.2689501643180847
mex,2003,0.2775336503982544
mex,2004,0.26531872153282166
mex,2005,0.22846738994121552
mex,2006,0.2457669973373413
mex,2007,0.2191184163093567
mex,2008,0.20355966687202454
mex,2009,0.14872756600379944
mex,2010,0.17217430472373962
mex,2011,0.1644018292427063
mex,2012,0.13586869835853577
mex,2013,0.13161373138427734
mex,2014,0.1243290826678276
mex,2015,0.1100836768746376
mex,2016,0.08761105686426163
mex,2017,0.08827608078718185
mhl,2000,1.0652827024459839
mhl,2001,1.0061637163162231
mhl,2002,0.9529216885566711
mhl,2003,0.9339925050735474
mhl,2004,0.948027491569519
mhl,2005,0.9441347122192383
mhl,2006,0.9260509610176086
mhl,2007,0.8838851451873779
mhl,2008,0.8384997844696045
mhl,2009,0.6999178528785706
mhl,2010,0.7896644473075867
mhl,2011,0.7693150043487549
mhl,2012,0.7557078003883362
mhl,2013,0.7864978909492493
mhl,2014,0.80436110496521
mhl,2015,0.6493571996688843
mhl,2016,0.6504396796226501
mhl,2017,0.630751371383667
mkd,2000,0.14420615136623383
mkd,2001,0.29902294278144836
mkd,2002,0.2945267856121063
mkd,2003,0.26757270097732544
mkd,2004,0.28068238496780396
mkd,2005,0.09868019819259644
mkd,2006,0.15741947293281555
mkd,2007,0.5184500813484192
mkd,2008,0.21180209517478943
mkd,2009,0.20328323543071747
mkd,2010,0.4090050160884857
mkd,2011,0.2575797438621521
mkd,2012,0.07701297849416733
mkd,2013,0.0
mkd,2014,0.10279035568237305
mkd,2015,0.10124591737985611
mkd,2016,0.10272466391324997
mkd,2017,0.10440641641616821
mli,2000,7.77278995513916
mli,2001,7.4746413230896
mli,2002,7.123543739318848
mli,2003,9.687671661376953
mli,2004,9.210598945617676
mli,2005,8.675935745239258
mli,2006,8.116165161132812
mli,2007,5.365983009338379
mli,2008,6.871363639831543
mli,2009,4.657779693603516
mli,2010,4.418161869049072
mli,2011,3.6593480110168457
mli,2012,4.699448108673096
mli,2013,3.3789117336273193
mli,2014,3.371821403503418
mli,2015,3.3557848930358887
mli,2016,3.3437936305999756
mli,2017,3.317247152328491
mlt,2000,0.44878533482551575
mlt,2001,0.271034836769104
mlt,2002,0.0
mlt,2003,0.0
mlt,2004,0.0879213735461235
mlt,2005,0.08316391706466675
mlt,2006,0.09002701193094254
mlt,2007,0.0
mlt,2008,0.09833567589521408
mlt,2009,0.11905418336391449
mlt,2010,0.34276682138442993
mlt,2011,0.23365505039691925
mlt,2012,0.22786396741867065
mlt,2013,0.0
mlt,2014,0.043987762182950974
mlt,2015,0.06041109934449196
mlt,2016,0.07480215281248093
mlt,2017,0.04454541578888893
mmr,2000,3.4713165760040283
mmr,2001,3.3096578121185303
mmr,2002,3.1707370281219482
mmr,2003,3.035266876220703
mmr,2004,2.9029557704925537
mmr,2005,2.7643003463745117
mmr,2006,2.6358556747436523
mmr,2007,2.4956541061401367
mmr,2008,2.4125592708587646
mmr,2009,2.2315399646759033
mmr,2010,2.087423801422119
mmr,2011,1.9287091493606567
mmr,2012,1.6802754402160645
mmr,2013,1.4492236375808716
mmr,2014,1.2492692470550537
mmr,2015,1.115021824836731
mmr,2016,1.030135154724121
mmr,2017,0.6862472891807556
mne,2000,0.20461149513721466
mne,2001,0.19171738624572754
mne,2002,0.18152858316898346
mne,2003,0.16062293946743011
mne,2004,0.22402624785900116
mne,2005,0.17494866251945496
mne,2006,0.1257830411195755
mne,2007,0.0821118876338005
mne,2008,0.08402317762374878
mne,2009,0.10986897349357605
mne,2010,0.04386047273874283
mne,2011,0.06738784909248352
mne,2012,0.05645586550235748
mne,2013,0.057395659387111664
mne,2014,0.0499676950275898
mne,2015,0.04644973576068878
mne,2016,0.03848863020539284
mne,2017,0.03894124925136566
mng,2000,2.275218963623047
mng,2001,2.018106460571289
mng,2002,1.768349051475525
mng,2003,1.5243604183197021
mng,2004,1.2873201370239258
mng,2005,1.0596143007278442
mng,2006,0.8561840057373047
mng,2007,0.7051601409912109
mng,2008,0.5971248745918274
mng,2009,0.5237195491790771
mng,2010,0.4682392179965973
mng,2011,0.4271549582481384
mng,2012,0.3943062722682953
mng,2013,0.36829784512519836
mng,2014,0.34813109040260315
mng,2015,0.3313083052635193
mng,2016,0.3174372911453247
mng,2017,0.30433180928230286
moz,2000,5.445583820343018
moz,2001,5.0968217849731445
moz,2002,4.818357467651367
moz,2003,4.630663871765137
moz,2004,4.511356353759766
moz,2005,4.447257995605469
moz,2006,4.399581432342529
moz,2007,4.144819736480713
moz,2008,3.7577412128448486
moz,2009,3.249300479888916
moz,2010,2.8514602184295654
moz,2011,2.5622646808624268
moz,2012,2.3966426849365234
moz,2013,1.9420654773712158
moz,2014,1.6575911045074463
moz,2015,1.5504299402236938
moz,2016,1.4695767164230347
moz,2017,1.4252208471298218
mrt,2000,3.590237617492676
mrt,2001,3.6378464698791504
mrt,2002,3.7190284729003906
mrt,2003,3.7439184188842773
mrt,2004,3.6995363235473633
mrt,2005,3.626538038253784
mrt,2006,3.5553297996520996
mrt,2007,3.4414167404174805
mrt,2008,3.266256809234619
mrt,2009,3.017610788345337
mrt,2010,2.798412561416626
mrt,2011,2.6165881156921387
mrt,2012,2.515608549118042
mrt,2013,2.403264045715332
mrt,2014,1.89570951461792
mrt,2015,1.8477890491485596
mrt,2016,1.7599879503250122
mrt,2017,1.664475917816162
mus,2000,0.289371132850647
mus,2001,0.3773703873157501
mus,2002,0.1744450479745865
mus,2003,0.18019507825374603
mus,2004,0.20018155872821808
mus,2005,0.1981620192527771
mus,2006,0.49929484724998474
mus,2007,0.08043673634529114
mus,2008,0.26744550466537476
mus,2009,0.2465316355228424
mus,2010,0.24325577914714813
mus,2011,0.1699291467666626
mus,2012,0.0
mus,2013,0.1045544296503067
mus,2014,0.5176690816879272
mus,2015,0.13680154085159302
mus,2016,0.10718156397342682
mus,2017,0.197383850812912
mwi,2000,5.294734477996826
mwi,2001,4.63086462020874
mwi,2002,3.915771961212158
mwi,2003,3.448063850402832
mwi,2004,3.1442246437072754
mwi,2005,3.0003793239593506
mwi,2006,2.9598474502563477
mwi,2007,2.8854994773864746
mwi,2008,2.781381130218506
mwi,2009,2.693192481994629
mwi,2010,2.4830496311187744
mwi,2011,2.398674726486206
mwi,2012,1.4297144412994385
mwi,2013,1.4403020143508911
mwi,2014,1.3853063583374023
mwi,2015,1.2933380603790283
mwi,2016,1.2497667074203491
mwi,2017,1.1483819484710693
mys,2000,0.16507363319396973
mys,2001,0.14446964859962463
mys,2002,0.1286342293024063
mys,2003,0.117434561252594
mys,2004,0.1319570392370224
mys,2005,0.12431719899177551
mys,2006,0.11883679777383804
mys,2007,0.11530810594558716
mys,2008,0.1139402985572815
mys,2009,0.1128971129655838
mys,2010,0.11137193441390991
mys,2011,0.10841624438762665
mys,2012,0.10579826682806015
mys,2013,0.10347473621368408
mys,2014,0.10220341384410858
mys,2015,0.10145673900842667
mys,2016,0.1006741002202034
mys,2017,0.0993710607290268
nam,2000,1.317280650138855
nam,2001,1.2869547605514526
nam,2002,1.2580190896987915
nam,2003,1.2507007122039795
nam,2004,1.2042726278305054
nam,2005,1.2344895601272583
nam,2006,1.2140007019042969
nam,2007,1.2243729829788208
nam,2008,1.1794815063476562
nam,2009,1.1002132892608643
nam,2010,0.9694420695304871
nam,2011,0.8749958872795105
nam,2012,0.81269770860672
nam,2013,0.7802737355232239
nam,2014,0.7512111067771912
nam,2015,0.5135706067085266
nam,2016,0.49011000990867615
nam,2017,0.5148033499717712
ner,2000,15.816650390625
ner,2001,15.27412223815918
ner,2002,14.619427680969238
ner,2003,13.935540199279785
ner,2004,13.141901969909668
ner,2005,12.399015426635742
ner,2006,11.69947338104248
ner,2007,7.459649085998535
ner,2008,9.541585922241211
ner,2009,8.209419250488281
ner,2010,5.040915012359619
ner,2011,4.461394309997559
ner,2012,4.166985034942627
ner,2013,3.9351742267608643
ner,2014,3.665534734725952
ner,2015,4.3717827796936035
ner,2016,2.812981128692627
ner,2017,2.65075945854187
nga,2000,4.819725036621094
nga,2001,4.677996635437012
nga,2002,4.498185157775879
nga,2003,6.223249912261963
nga,2004,5.882811546325684
nga,2005,5.611688613891602
nga,2006,3.7445952892303467
nga,2007,3.6579983234405518
nga,2008,5.218093395233154
nga,2009,5.163882732391357
nga,2010,3.455054521560669
nga,2011,3.2965643405914307
nga,2012,4.501774311065674
nga,2013,4.270919322967529
nga,2014,2.838439464569092
nga,2015,3.643883466720581
nga,2016,2.484262704849243
nga,2017,3.461019992828369
nic,2000,0.5754066705703735
nic,2001,0.5451744198799133
nic,2002,0.5133307576179504
nic,2003,0.48314011096954346
nic,2004,0.45565348863601685
nic,2005,0.4357432425022125
nic,2006,0.418631374835968
nic,2007,0.4024401307106018
nic,2008,0.38264524936676025
nic,2009,0.3619574308395386
nic,2010,0.34242209792137146
nic,2011,0.3245943486690521
nic,2012,0.3066699504852295
nic,2013,0.2920002043247223
nic,2014,0.2774749994277954
nic,2015,0.2010333389043808
nic,2016,0.2468777894973755
nic,2017,0.3360459804534912
niu,2000,1.2546679973602295
niu,2001,1.2892498970031738
niu,2002,1.3270530700683594
niu,2003,1.3133227825164795
niu,2004,1.3379311561584473
niu,2005,1.3153654336929321
niu,2006,1.3434377908706665
niu,2007,1.3219282627105713
niu,2008,1.2979645729064941
niu,2009,1.311791181564331
niu,2010,1.2785167694091797
niu,2011,1.2446677684783936
niu,2012,1.2115366458892822
niu,2013,1.1827733516693115
niu,2014,1.1911449432373047
niu,2015,1.1570377349853516
niu,2016,1.1218788623809814
niu,2017,0.8613582849502563
nld,2000,0.17199139297008514
nld,2001,0.17094208300113678
nld,2002,0.1661849021911621
nld,2003,0.14357560873031616
nld,2004,0.054855942726135254
nld,2005,0.10526689887046814
nld,2006,0.04780448600649834
nld,2007,0.07388060539960861
nld,2008,0.0557248555123806
nld,2009,0.0802474096417427
nld,2010,0.09839785844087601
nld,2011,0.0739334374666214
nld,2012,0.04225829243659973
nld,2013,0.007427469827234745
nld,2014,0.06105227395892143
nld,2015,0.015478660352528095
nld,2016,0.057686418294906616
nld,2017,0.04856108874082565
nor,2000,0.2410755455493927
nor,2001,0.0
nor,2002,0.04304918646812439
nor,2003,0.09628426283597946
nor,2004,0.04601508751511574
nor,2005,0.0
nor,2006,0.0863770991563797
nor,2007,0.06463848054409027
nor,2008,0.0
nor,2009,0.0737144723534584
nor,2010,0.02158701978623867
nor,2011,0.06499995291233063
nor,2012,0.022375604137778282
nor,2013,0.023492584004998207
nor,2014,0.02386588044464588
nor,2015,0.0
nor,2016,0.06429672986268997
nor,2017,0.025066059082746506
npl,2000,3.151538372039795
npl,2001,3.038670301437378
npl,2002,2.9135971069335938
npl,2003,2.7755544185638428
npl,2004,2.6167516708374023
npl,2005,2.4516098499298096
npl,2006,2.2899975776672363
npl,2007,2.1342859268188477
npl,2008,1.985704779624939
npl,2009,1.8082026243209839
npl,2010,1.5895209312438965
npl,2011,1.33701753616333
npl,2012,1.1404345035552979
npl,2013,1.0062328577041626
npl,2014,0.9286937713623047
npl,2015,0.8554214239120483
npl,2016,0.7182499170303345
npl,2017,0.6040223240852356
nru,2000,0.5588048696517944
nru,2001,0.5711364150047302
nru,2002,0.5919535160064697
nru,2003,0.6179343461990356
nru,2004,0.6544801592826843
nru,2005,0.6978427171707153
nru,2006,0.7334603667259216
nru,2007,0.7230064868927002
nru,2008,0.6607620120048523
nru,2009,0.5666114687919617
nru,2010,0.3378942906856537
nru,2011,0.323351114988327
nru,2012,0.3316548764705658
nru,2013,0.332321435213089
nru,2014,0.3286118805408478
nru,2015,0.4896145761013031
nru,2016,0.3247845470905304
nru,2017,0.3296506106853485
nzl,2000,0.30818554759025574
nzl,2001,0.37887832522392273
nzl,2002,0.2754287123680115
nzl,2003,0.1854884773492813
nzl,2004,0.19702774286270142
nzl,2005,0.22539545595645905
nzl,2006,0.04608184099197388
nzl,2007,0.12235657125711441
nzl,2008,0.1636565923690796
nzl,2009,0.049786511808633804
nzl,2010,0.10953740775585175
nzl,2011,0.17853786051273346
nzl,2012,0.06708961725234985
nzl,2013,0.06955408304929733
nzl,2014,0.0967603474855423
nzl,2015,0.09318868815898895
nzl,2016,0.08940275758504868
nzl,2017,0.0873546227812767
omn,2000,0.3065643906593323
omn,2001,0.2698632478713989
omn,2002,0.3036763072013855
omn,2003,0.274604856967926
omn,2004,0.251592755317688
omn,2005,0.23294243216514587
omn,2006,0.21756774187088013
omn,2007,0.20362436771392822
omn,2008,0.19220639765262604
omn,2009,0.1830378621816635
omn,2010,0.17795296013355255
omn,2011,0.1728655993938446
omn,2012,0.16922353208065033
omn,2013,0.16601940989494324
omn,2014,0.1630551815032959
omn,2015,0.16119621694087982
omn,2016,0.159218430519104
omn,2017,0.15929564833641052
pak,2000,4.440075874328613
pak,2001,4.4354400634765625
pak,2002,4.3949384689331055
pak,2003,4.315248489379883
pak,2004,4.212011814117432
pak,2005,4.095028400421143
pak,2006,3.988251209259033
pak,2007,3.8490657806396484
pak,2008,3.700360059738159
pak,2009,3.4883017539978027
pak,2010,3.290221929550171
pak,2011,3.084552764892578
pak,2012,2.932295560836792
pak,2013,2.5229604244232178
pak,2014,2.420628309249878
pak,2015,2.3147706985473633
pak,2016,2.230998992919922
pak,2017,2.156266689300537
pan,2000,0.4202657639980316
pan,2001,0.3712281882762909
pan,2002,0.3320408761501312
pan,2003,0.1604110300540924
pan,2004,0.3275679051876068
pan,2005,0.2693060636520386
pan,2006,0.24497584998607635
pan,2007,0.23737795650959015
pan,2008,0.15016278624534607
pan,2009,0.31123971939086914
pan,2010,0.2826063930988312
pan,2011,0.31237825751304626
pan,2012,0.18775470554828644
pan,2013,0.21911028027534485
pan,2014,0.17269936203956604
pan,2015,0.141083225607872
pan,2016,0.12458320707082748
pan,2017,0.13712367415428162
per,2000,0.9042363166809082
per,2001,0.8003242015838623
per,2002,0.7164281010627747
per,2003,0.6315358281135559
per,2004,0.5724541544914246
per,2005,0.5109170079231262
per,2006,0.47047555446624756
per,2007,0.43383708596229553
per,2008,0.3981202244758606
per,2009,0.36341777443885803
per,2010,0.3337898850440979
per,2011,0.30651339888572693
per,2012,0.281869500875473
per,2013,0.2590721547603607
per,2014,0.23903560638427734
per,2015,0.22135545313358307
per,2016,0.20563355088233948
per,2017,0.1934373378753662
phl,2000,1.0241336822509766
phl,2001,0.9852854013442993
phl,2002,0.9528699517250061
phl,2003,0.9251037836074829
phl,2004,0.8997675180435181
phl,2005,1.3177860975265503
phl,2006,0.846207320690155
phl,2007,0.820030689239502
phl,2008,0.7966938018798828
phl,2009,0.7650690674781799
phl,2010,0.7287625074386597
phl,2011,0.672381579875946
phl,2012,0.60737544298172
phl,2013,0.5427266359329224
phl,2014,0.497729629278183
phl,2015,0.4426765739917755
phl,2016,0.3923349976539612
phl,2017,0.3307408392429352
plw,2000,0.6293981671333313
plw,2001,0.6192734241485596
plw,2002,0.6107228994369507
plw,2003,0.6023600697517395
plw,2004,0.5962347388267517
plw,2005,0.44126105308532715
plw,2006,0.43481412529945374
plw,2007,0.423835813999176
plw,2008,0.40726155042648315
plw,2009,0.37788137793540955
plw,2010,0.37484920024871826
plw,2011,0.2510990500450134
plw,2012,0.24876175820827484
plw,2013,0.24295444786548615
plw,2014,0.23288989067077637
plw,2015,0.22250518202781677
plw,2016,0.31892260909080505
plw,2017,0.30661100149154663
png,2000,2.212761640548706
png,2001,2.2691428661346436
png,2002,2.4238007068634033
png,2003,2.3896594047546387
png,2004,2.1973397731781006
png,2005,2.411931037902832
png,2006,2.342028856277466
png,2007,2.331468343734741
png,2008,2.1987712383270264
png,2009,1.790549397468567
png,2010,1.837372064590454
png,2011,1.7565710544586182
png,2012,1.5911574363708496
png,2013,1.3551557064056396
png,2014,1.3473398685455322
png,2015,1.4073430299758911
png,2016,1.2502561807632446
png,2017,1.1283668279647827
pol,2000,0.11056918650865555
pol,2001,0.10024640709161758
pol,2002,0.07490258663892746
pol,2003,0.07671616971492767
pol,2004,0.06566692888736725
pol,2005,0.05973796173930168
pol,2006,0.08172273635864258
pol,2007,0.0565422959625721
pol,2008,0.06325497478246689
pol,2009,0.056340109556913376
pol,2010,0.05092693492770195
pol,2011,0.050783421844244
pol,2012,0.04467098414897919
pol,2013,0.0420510470867157
pol,2014,0.03376194089651108
pol,2015,0.037598561495542526
pol,2016,0.03430407866835594
pol,2017,0.03322793170809746
prk,2000,2.292598009109497
prk,2001,1.996658205986023
prk,2002,1.6939489841461182
prk,2003,1.4450310468673706
prk,2004,1.2931450605392456
prk,2005,1.2168328762054443
prk,2006,1.1951264142990112
prk,2007,1.1939836740493774
prk,2008,1.177918553352356
prk,2009,1.13968026638031
prk,2010,1.0727089643478394
prk,2011,0.9544909596443176
prk,2012,0.8139382004737854
prk,2013,0.6731863617897034
prk,2014,0.5790723562240601
prk,2015,0.5188916325569153
prk,2016,0.49393612146377563
prk,2017,0.4688527584075928
prt,2000,0.32102373242378235
prt,2001,0.08707568794488907
prt,2002,0.25220680236816406
prt,2003,0.17507079243659973
prt,2004,0.13353750109672546
prt,2005,0.0991874560713768
prt,2006,0.07013995945453644
prt,2007,0.043360635638237
prt,2008,0.025095704942941666
prt,2009,0.025335386395454407
prt,2010,0.05980052426457405
prt,2011,0.04005102813243866
prt,2012,0.012509466148912907
prt,2013,0.03588920086622238
prt,2014,0.04386906698346138
prt,2015,0.025356313213706017
prt,2016,0.03958874195814133
prt,2017,0.041217319667339325
pry,2000,0.5056323409080505
pry,2001,0.49298062920570374
pry,2002,0.47698575258255005
pry,2003,0.5665515065193176
pry,2004,0.5526872873306274
pry,2005,0.5367156267166138
pry,2006,0.5148982405662537
pry,2007,0.48746564984321594
pry,2008,0.4584636390209198
pry,2009,0.4339555501937866
pry,2010,0.4132835865020752
pry,2011,0.39518558979034424
pry,2012,0.3776068091392517
pry,2013,0.35896164178848267
pry,2014,0.339506596326828
pry,2015,0.31850823760032654
pry,2016,0.2989182472229004
pry,2017,0.2854849398136139
qat,2000,0.2446443736553192
qat,2001,0.23040583729743958
qat,2002,0.217019721865654
qat,2003,0.20423342287540436
qat,2004,0.1894492655992508
qat,2005,0.18157100677490234
qat,2006,0.17197220027446747
qat,2007,0.15979358553886414
qat,2008,0.15126560628414154
qat,2009,0.14260251820087433
qat,2010,0.13510805368423462
qat,2011,0.12919442355632782
qat,2012,0.12341759353876114
qat,2013,0.11794392764568329
qat,2014,0.11324585229158401
qat,2015,0.10946440696716309
qat,2016,0.10418404638767242
qat,2017,0.09968805313110352
rou,2000,0.5591514706611633
rou,2001,0.5837984681129456
rou,2002,0.6330357789993286
rou,2003,0.4426255226135254
rou,2004,0.33110159635543823
rou,2005,0.32301872968673706
rou,2006,0.2924422025680542
rou,2007,0.2890763282775879
rou,2008,0.183110773563385
rou,2009,0.1876591295003891
rou,2010,0.1957431435585022
rou,2011,0.19898438453674316
rou,2012,0.125818133354187
rou,2013,0.11025981605052948
rou,2014,0.07398569583892822
rou,2015,0.10104457288980484
rou,2016,0.05734032392501831
rou,2017,0.06570091843605042
rus,2000,0.5041560530662537
rus,2001,0.4545561969280243
rus,2002,0.40512704849243164
rus,2003,0.35826781392097473
rus,2004,0.3182176649570465
rus,2005,0.28182855248451233
rus,2006,0.2501436769962311
rus,2007,0.22321000695228577
rus,2008,0.20101918280124664
rus,2009,0.18407797813415527
rus,2010,0.1703195422887802
rus,2011,0.1580817699432373
rus,2012,0.14700323343276978
rus,2013,0.136334627866745
rus,2014,0.12589888274669647
rus,2015,0.1152525320649147
rus,2016,0.10417580604553223
rus,2017,0.09548911452293396
rwa,2000,13.591364860534668
rwa,2001,7.927397727966309
rwa,2002,9.134456634521484
rwa,2003,5.1354475021362305
rwa,2004,4.323453426361084
rwa,2005,3.7900869846343994
rwa,2006,3.321343421936035
rwa,2007,2.916461229324341
rwa,2008,2.5781280994415283
rwa,2009,2.285200595855713
rwa,2010,1.5331236124038696
rwa,2011,1.2210502624511719
rwa,2012,0.9684711694717407
rwa,2013,0.8822266459465027
rwa,2014,0.812734067440033
rwa,2015,0.7568636536598206
rwa,2016,0.7088934183120728
rwa,2017,0.668573796749115
sau,2000,0.347324013710022
sau,2001,0.3142041563987732
sau,2002,0.35747355222702026
sau,2003,0.3245113492012024
sau,2004,0.296525776386261
sau,2005,0.2717348039150238
sau,2006,0.24928733706474304
sau,2007,0.22762031853199005
sau,2008,0.2079513669013977
sau,2009,0.18934780359268188
sau,2010,0.171700581908226
sau,2011,0.15557129681110382
sau,2012,0.14041423797607422
sau,2013,0.12640395760536194
sau,2014,0.11368516832590103
sau,2015,0.10192953050136566
sau,2016,0.0917167067527771
sau,2017,0.08441703021526337
sdn,2000,5.686489105224609
sdn,2001,3.734924077987671
sdn,2002,3.634207010269165
sdn,2003,3.4185285568237305
sdn,2004,3.286550521850586
sdn,2005,4.577502250671387
sdn,2006,4.42645263671875
sdn,2007,4.091606616973877
sdn,2008,2.3798811435699463
sdn,2009,2.147562026977539
sdn,2010,2.0064620971679688
sdn,2011,1.8784044981002808
sdn,2012,2.571615695953369
sdn,2013,1.5701748132705688
sdn,2014,1.1300063133239746
sdn,2015,1.1034530401229858
sdn,2016,1.062164306640625
sdn,2017,1.0100150108337402
sen,2000,7.16555118560791
sen,2001,4.817536354064941
sen,2002,4.496489524841309
sen,2003,4.195346355438232
sen,2004,3.8065342903137207
sen,2005,3.346634864807129
sen,2006,2.8681936264038086
sen,2007,2.516268014907837
sen,2008,2.289304733276367
sen,2009,2.1468422412872314
sen,2010,2.0123584270477295
sen,2011,1.893226146697998
sen,2012,1.7897883653640747
sen,2013,1.680962085723877
sen,2014,1.2381830215454102
sen,2015,1.1492846012115479
sen,2016,1.07498037815094
sen,2017,1.0266878604888916
sgp,2000,0.1545199304819107
sgp,2001,0.054784685373306274
sgp,2002,0.08168649673461914
sgp,2003,0.0
sgp,2004,0.028348328545689583
sgp,2005,0.03290735185146332
sgp,2006,0.0
sgp,2007,0.03187130391597748
sgp,2008,0.0335969552397728
sgp,2009,0.05803080275654793
sgp,2010,0.0
sgp,2011,0.04086189344525337
sgp,2012,0.0
sgp,2013,0.0
sgp,2014,0.0
sgp,2015,0.04250909760594368
sgp,2016,0.0
sgp,2017,0.014236576855182648
slb,2000,1.0963122844696045
slb,2001,1.0713621377944946
slb,2002,1.0755823850631714
slb,2003,1.1117748022079468
slb,2004,1.065961480140686
slb,2005,1.079308032989502
slb,2006,1.041195273399353
slb,2007,1.0051469802856445
slb,2008,0.889076828956604
slb,2009,0.7853047251701355
slb,2010,0.7051677703857422
slb,2011,0.6844766736030579
slb,2012,0.6630055904388428
slb,2013,0.6347172856330872
slb,2014,0.656686544418335
slb,2015,0.49889522790908813
slb,2016,0.32723182439804077
slb,2017,0.32338568568229675
sle,2000,8.570170402526855
sle,2001,8.408873558044434
sle,2002,8.165868759155273
sle,2003,7.893960475921631
sle,2004,7.575343608856201
sle,2005,7.01552677154541
sle,2006,6.285626411437988
sle,2007,5.413311004638672
sle,2008,4.7386393547058105
sle,2009,4.303802967071533
sle,2010,4.113283157348633
sle,2011,3.0010058879852295
sle,2012,2.7199277877807617
sle,2013,2.673293113708496
sle,2014,2.7631382942199707
sle,2015,2.623663902282715
sle,2016,2.523960590362549
sle,2017,2.293717622756958
slv,2000,0.5859458446502686
slv,2001,0.5327229499816895
slv,2002,0.6130201816558838
slv,2003,0.5685918927192688
slv,2004,0.5251602530479431
slv,2005,0.4872608184814453
slv,2006,0.4503937363624573
slv,2007,0.41334646940231323
slv,2008,0.3768574297428131
slv,2009,0.3403264582157135
slv,2010,0.3088057339191437
slv,2011,0.28173479437828064
slv,2012,0.26294395327568054
slv,2013,0.24332460761070251
slv,2014,0.22309228777885437
slv,2015,0.20506489276885986
slv,2016,0.19079016149044037
slv,2017,0.17860986292362213
smr,2000,0.0
smr,2001,0.0
smr,2002,0.0
smr,2003,0.0
smr,2004,0.0
smr,2005,0.0
smr,2006,0.0
smr,2007,0.0
smr,2008,0.0
smr,2009,0.0
smr,2010,0.0
smr,2011,0.0
smr,2012,0.0
smr,2013,0.0
smr,2014,0.0
smr,2015,0.0
smr,2016,0.0
smr,2017,0.0
som,2000,8.38996410369873
som,2001,12.249284744262695
som,2002,12.281210899353027
som,2003,8.478410720825195
som,2004,8.479649543762207
som,2005,8.424973487854004
som,2006,8.447696685791016
som,2007,8.419377326965332
som,2008,8.331440925598145
som,2009,8.187139511108398
som,2010,7.955446243286133
som,2011,7.564828395843506
som,2012,7.102281093597412
som,2013,6.504124164581299
som,2014,6.041902542114258
som,2015,5.705064296722412
som,2016,5.498091220855713
som,2017,5.265971660614014
srb,2000,0.1873304545879364
srb,2001,0.17624735832214355
srb,2002,0.09553510695695877
srb,2003,0.18835705518722534
srb,2004,0.1397567242383957
srb,2005,0.23134192824363708
srb,2006,0.12549662590026855
srb,2007,0.1311803013086319
srb,2008,0.03962254151701927
srb,2009,0.10686677694320679
srb,2010,0.0343431793153286
srb,2011,0.08720457553863525
srb,2012,0.019559932872653008
srb,2013,0.03933567553758621
srb,2014,0.041142307221889496
srb,2015,0.15896375477313995
srb,2016,0.07413813471794128
srb,2017,0.07124214619398117
ssd,2000,9.107219696044922
ssd,2001,6.012535095214844
ssd,2002,5.673707485198975
ssd,2003,5.367989540100098
ssd,2004,5.077010154724121
ssd,2005,6.742982864379883
ssd,2006,6.3961100578308105
ssd,2007,6.143272876739502
ssd,2008,4.22761344909668
ssd,2009,4.060525417327881
ssd,2010,3.938190460205078
ssd,2011,3.829064130783081
ssd,2012,5.181941509246826
ssd,2013,5.13059139251709
ssd,2014,3.6551263332366943
ssd,2015,3.6161177158355713
ssd,2016,3.582789182662964
ssd,2017,3.5884852409362793
stp,2000,2.2874765396118164
stp,2001,2.1436891555786133
stp,2002,1.9245752096176147
stp,2003,1.7477456331253052
stp,2004,1.561133861541748
stp,2005,1.7770538330078125
stp,2006,2.0019774436950684
stp,2007,1.9115179777145386
stp,2008,1.7467222213745117
stp,2009,1.4054937362670898
stp,2010,1.1684473752975464
stp,2011,0.9567895531654358
stp,2012,0.8532534241676331
stp,2013,0.4673929512500763
stp,2014,0.4552718997001648
stp,2015,0.43251311779022217
stp,2016,0.416201651096344
stp,2017,0.4203796088695526
sur,2000,0.7574924826622009
sur,2001,0.5918213129043579
sur,2002,1.398289680480957
sur,2003,0.34132975339889526
sur,2004,0.6245354413986206
sur,2005,0.2952580153942108
sur,2006,0.7488797903060913
sur,2007,0.18899385631084442
sur,2008,0.5366596579551697
sur,2009,0.5968443751335144
sur,2010,1.0038493871688843
sur,2011,0.5134673118591309
sur,2012,0.0
sur,2013,0.0
sur,2014,0.9688653349876404
sur,2015,0.3123411536216736
sur,2016,0.30724024772644043
sur,2017,0.29907718300819397
svk,2000,0.18886643648147583
svk,2001,0.29838892817497253
svk,2002,0.11421770602464676
svk,2003,0.17816200852394104
svk,2004,0.10134158283472061
svk,2005,0.11381544917821884
svk,2006,0.10366018861532211
svk,2007,0.0643821656703949
svk,2008,0.18585863709449768
svk,2009,0.11160846799612045
svk,2010,0.0936809778213501
svk,2011,0.08809938281774521
svk,2012,0.11648555845022202
svk,2013,0.01968279667198658
svk,2014,0.09279774129390717
svk,2015,0.0720096305012703
svk,2016,0.07016737014055252
svk,2017,0.06839951127767563
svn,2000,0.0
svn,2001,0.0
svn,2002,0.14196479320526123
svn,2003,0.0
svn,2004,0.0
svn,2005,0.04901919886469841
svn,2006,0.0
svn,2007,0.0
svn,2008,0.0
svn,2009,0.0
svn,2010,0.0
svn,2011,0.03912419080734253
svn,2012,0.05947975069284439
svn,2013,0.0
svn,2014,0.0
svn,2015,0.0
svn,2016,0.0
svn,2017,0.0
swe,2000,0.04892655834555626
swe,2001,0.04106815531849861
swe,2002,0.06834422796964645
swe,2003,0.0516175776720047
swe,2004,0.048560649156570435
swe,2005,0.04457927495241165
swe,2006,0.032285645604133606
swe,2007,0.0658736377954483
swe,2008,0.01316373236477375
swe,2009,0.009275993332266808
swe,2010,0.034545473754405975
swe,2011,0.0
swe,2012,0.02228384278714657
swe,2013,0.010097566992044449
swe,2014,0.012138940393924713
swe,2015,0.012141697108745575
swe,2016,0.017372742295265198
swe,2017,0.0129893459379673
swz,2000,2.7353625297546387
swz,2001,2.7803611755371094
swz,2002,2.8102967739105225
swz,2003,2.8067917823791504
swz,2004,2.760774850845337
swz,2005,2.6766936779022217
swz,2006,2.5558955669403076
swz,2007,2.3463969230651855
swz,2008,2.0614755153656006
swz,2009,1.6986907720565796
swz,2010,1.4197345972061157
swz,2011,1.2206460237503052
swz,2012,1.1070970296859741
swz,2013,1.0300098657608032
swz,2014,0.707286536693573
swz,2015,0.58980792760849
swz,2016,0.5798418521881104
swz,2017,0.5723549127578735
syc,2000,0.22697845101356506
syc,2001,0.21047572791576385
syc,2002,0.22107894718647003
syc,2003,0.21630600094795227
syc,2004,0.21938274800777435
syc,2005,0.21252119541168213
syc,2006,0.2196742594242096
syc,2007,0.2147308737039566
syc,2008,0.21271830797195435
syc,2009,0.21255114674568176
syc,2010,0.2427736073732376
syc,2011,0.24231840670108795
syc,2012,0.2516229748725891
syc,2013,0.25309938192367554
syc,2014,0.23905876278877258
syc,2015,0.24013400077819824
syc,2016,0.23155942559242249
syc,2017,0.21881800889968872
syr,2000,0.29871559143066406
syr,2001,0.33553022146224976
syr,2002,0.3112872838973999
syr,2003,0.29124733805656433
syr,2004,0.2728489935398102
syr,2005,0.2552030086517334
syr,2006,0.23891742527484894
syr,2007,0.2256001979112625
syr,2008,0.2135424166917801
syr,2009,0.20388665795326233
syr,2010,0.1929330825805664
syr,2011,0.17475199699401855
syr,2012,0.14864148199558258
syr,2013,0.12854015827178955
syr,2014,0.11689303070306778
syr,2015,0.11170239001512527
syr,2016,0.10965307056903839
syr,2017,0.11086785048246384
tcd,2000,8.198890686035156
tcd,2001,11.952882766723633
tcd,2002,8.084461212158203
tcd,2003,11.64337158203125
tcd,2004,11.333463668823242
tcd,2005,10.9722900390625
tcd,2006,7.193882465362549
tcd,2007,9.866917610168457
tcd,2008,6.29500150680542
tcd,2009,8.564268112182617
tcd,2010,8.155150413513184
tcd,2011,7.971191883087158
tcd,2012,7.859930038452148
tcd,2013,5.387301445007324
tcd,2014,5.330252170562744
tcd,2015,5.249271869659424
tcd,2016,5.156311511993408
tcd,2017,4.987058162689209
tgo,2000,3.295894145965576
tgo,2001,3.2979745864868164
tgo,2002,3.175032377243042
tgo,2003,3.0655555725097656
tgo,2004,2.9701054096221924
tgo,2005,2.911875009536743
tgo,2006,2.87921142578125
tgo,2007,2.840038299560547
tgo,2008,2.7483785152435303
tgo,2009,2.6086554527282715
tgo,2010,2.5361855030059814
tgo,2011,2.4573426246643066
tgo,2012,2.398773670196533
tgo,2013,2.295264482498169
tgo,2014,1.9602105617523193
tgo,2015,1.505765676498413
tgo,2016,1.4579204320907593
tgo,2017,1.9038721323013306
tha,2000,0.2767499089241028
tha,2001,0.25717025995254517
tha,2002,0.2415754199028015
tha,2003,0.22915421426296234
tha,2004,0.21377556025981903
tha,2005,0.2005162537097931
tha,2006,0.1854652464389801
tha,2007,0.17092135548591614
tha,2008,0.1601206660270691
tha,2009,0.15028424561023712
tha,2010,0.1397576779127121
tha,2011,0.13035006821155548
tha,2012,0.11999724060297012
tha,2013,0.11041812598705292
tha,2014,0.10228230804204941
tha,2015,0.09477018564939499
tha,2016,0.08781162649393082
tha,2017,0.08270920068025589
tjk,2000,4.717654705047607
tjk,2001,4.255417346954346
tjk,2002,3.7688450813293457
tjk,2003,3.326169967651367
tjk,2004,2.9556381702423096
tjk,2005,2.630692720413208
tjk,2006,2.318251848220825
tjk,2007,2.0064773559570312
tjk,2008,1.7043416500091553
tjk,2009,1.4564874172210693
tjk,2010,1.3003201484680176
tjk,2011,1.2175004482269287
tjk,2012,1.170057773590088
tjk,2013,1.1326208114624023
tjk,2014,1.1073269844055176
tjk,2015,1.0951831340789795
tjk,2016,1.0677404403686523
tjk,2017,1.0376979112625122
tkm,2000,2.996340036392212
tkm,2001,2.7772178649902344
tkm,2002,2.594576597213745
tkm,2003,2.449779748916626
tkm,2004,2.3105788230895996
tkm,2005,2.1520345211029053
tkm,2006,2.009355306625366
tkm,2007,1.8791364431381226
tkm,2008,1.7119122743606567
tkm,2009,1.5313199758529663
tkm,2010,1.3192384243011475
tkm,2011,1.1353576183319092
tkm,2012,0.9871229529380798
tkm,2013,0.9098048806190491
tkm,2014,0.8527336716651917
tkm,2015,0.8232070803642273
tkm,2016,0.7901495099067688
tkm,2017,0.7662394046783447
tls,2000,4.218072414398193
tls,2001,4.150101661682129
tls,2002,4.023155212402344
tls,2003,3.817906379699707
tls,2004,3.2911458015441895
tls,2005,2.98885178565979
tls,2006,2.6178481578826904
tls,2007,2.331094264984131
tls,2008,2.0634818077087402
tls,2009,1.9366450309753418
tls,2010,1.7957500219345093
tls,2011,1.7001116275787354
tls,2012,1.5574530363082886
tls,2013,1.3711551427841187
tls,2014,1.2394315004348755
tls,2015,1.162834644317627
tls,2016,1.1141185760498047
tls,2017,1.056968092918396
ton,2000,0.4140965938568115
ton,2001,0.40080714225769043
ton,2002,0.3771355450153351
ton,2003,0.37284713983535767
ton,2004,0.36344262957572937
ton,2005,0.4220845699310303
ton,2006,0.4270942509174347
ton,2007,0.4214201867580414
ton,2008,0.42112866044044495
ton,2009,0.4182308316230774
ton,2010,0.4153485596179962
ton,2011,0.4197075664997101
ton,2012,0.4055579602718353
ton,2013,0.3986653685569763
ton,2014,0.3826422393321991
ton,2015,0.3620803952217102
ton,2016,0.344612717628479
ton,2017,0.3267015218734741
tto,2000,0.4061969220638275
tto,2001,0.1586713194847107
tto,2002,0.3050087094306946
tto,2003,0.5300578474998474
tto,2004,0.14892305433750153
tto,2005,0.23748043179512024
tto,2006,0.2798810303211212
tto,2007,0.16576966643333435
tto,2008,0.26672202348709106
tto,2009,0.32527849078178406
tto,2010,0.39677512645721436
tto,2011,0.34550267457962036
tto,2012,0.1505880355834961
tto,2013,0.3073839247226715
tto,2014,0.3017570972442627
tto,2015,0.29395791888237
tto,2016,0.2877553403377533
tto,2017,0.2816004157066345
tun,2000,0.48581135272979736
tun,2001,0.43688786029815674
tun,2002,0.3925071954727173
tun,2003,0.43503665924072266
tun,2004,0.39259204268455505
tun,2005,0.35318079590797424
tun,2006,0.3175368309020996
tun,2007,0.2850985825061798
tun,2008,0.25592905282974243
tun,2009,0.23006917536258698
tun,2010,0.2082904875278473
tun,2011,0.18990594148635864
tun,2012,0.1761551946401596
tun,2013,0.1637580394744873
tun,2014,0.15212561190128326
tun,2015,0.14206527173519135
tun,2016,0.13385938107967377
tun,2017,0.1281094253063202
tur,2000,0.2214639037847519
tur,2001,0.19103693962097168
tur,2002,0.16459715366363525
tur,2003,0.14217276871204376
tur,2004,0.12659193575382233
tur,2005,0.11267900466918945
tur,2006,0.09911471605300903
tur,2007,0.14222726225852966
tur,2008,0.12432648986577988
tur,2009,0.14075301587581635
tur,2010,0.12537257373332977
tur,2011,0.10406416654586792
tur,2012,0.11704042553901672
tur,2013,0.090410515666008
tur,2014,0.05406442657113075
tur,2015,0.06184926629066467
tur,2016,0.06116761267185211
tur,2017,0.05347451940178871
tuv,2000,0.580854058265686
tuv,2001,0.7254700660705566
tuv,2002,0.5832229852676392
tuv,2003,0.5777499079704285
tuv,2004,0.4306027889251709
tuv,2005,0.4247805178165436
tuv,2006,0.5662606954574585
tuv,2007,0.42026591300964355
tuv,2008,0.41438761353492737
tuv,2009,0.5098773241043091
tuv,2010,0.3313637971878052
tuv,2011,0.48787328600883484
tuv,2012,0.47092920541763306
tuv,2013,0.45267346501350403
tuv,2014,0.2910740077495575
tuv,2015,0.28095924854278564
tuv,2016,0.26855701208114624
tuv,2017,0.25911545753479004
tza,2000,4.703532695770264
tza,2001,4.433806896209717
tza,2002,6.041752815246582
tza,2003,3.96726655960083
tza,2004,3.7483227252960205
tza,2005,3.5562663078308105
tza,2006,3.4265949726104736
tza,2007,3.152927875518799
tza,2008,2.8496711254119873
tza,2009,2.4873077869415283
tza,2010,2.209874391555786
tza,2011,2.020174026489258
tza,2012,1.925432801246643
tza,2013,1.329027771949768
tza,2014,1.157293677330017
tza,2015,1.0810832977294922
tza,2016,1.0176366567611694
tza,2017,0.9744863510131836
uga,2000,4.89493989944458
uga,2001,4.731213092803955
uga,2002,4.397383689880371
uga,2003,5.743672847747803
uga,2004,3.5724942684173584
uga,2005,3.200876474380493
uga,2006,4.091181755065918
uga,2007,3.7477076053619385
uga,2008,2.488062620162964
uga,2009,2.3521759510040283
uga,2010,2.2436137199401855
uga,2011,2.14556884765625
uga,2012,2.0503673553466797
uga,2013,1.9416472911834717
uga,2014,1.5498660802841187
uga,2015,1.420572280883789
uga,2016,1.2639790773391724
uga,2017,1.1678742170333862
ukr,2000,0.40542301535606384
ukr,2001,0.358584463596344
ukr,2002,0.3174314796924591
ukr,2003,0.2828909158706665
ukr,2004,0.2524118423461914
ukr,2005,0.22919994592666626
ukr,2006,0.2378104031085968
ukr,2007,0.2268248200416565
ukr,2008,0.21367429196834564
ukr,2009,0.1977984607219696
ukr,2010,0.17685116827487946
ukr,2011,0.1590712070465088
ukr,2012,0.15234476327896118
ukr,2013,0.13715815544128418
ukr,2014,0.11608188599348068
ukr,2015,0.1018858402967453
ukr,2016,0.09377026557922363
ukr,2017,0.0919070616364479
ury,2000,0.21848154067993164
ury,2001,0.43003174662590027
ury,2002,0.19174794852733612
ury,2003,0.36727815866470337
ury,2004,0.31963515281677246
ury,2005,0.6201558709144592
ury,2006,0.42924898862838745
ury,2007,0.4479282796382904
ury,2008,0.2660713791847229
ury,2009,0.30296429991722107
ury,2010,0.16349433362483978
ury,2011,0.21028798818588257
ury,2012,0.09913201630115509
ury,2013,0.1364666223526001
ury,2014,0.13280873000621796
ury,2015,0.20730270445346832
ury,2016,0.09955867379903793
ury,2017,0.12890128791332245
usa,2000,0.07820539176464081
usa,2001,0.0642520859837532
usa,2002,0.054494988173246384
usa,2003,0.05644587427377701
usa,2004,0.0520024336874485
usa,2005,0.054653991013765335
usa,2006,0.04798166826367378
usa,2007,0.04501836746931076
usa,2008,0.04286394640803337
usa,2009,0.044770002365112305
usa,2010,0.05718369036912918
usa,2011,0.03352876007556915
usa,2012,0.02550244890153408
usa,2013,0.041945163160562515
usa,2014,0.028700964525341988
usa,2015,0.03091108612716198
usa,2016,0.033135682344436646
usa,2017,0.030910992994904518
uzb,2000,2.4182848930358887
uzb,2001,2.2634403705596924
uzb,2002,2.09332013130188
uzb,2003,1.926857590675354
uzb,2004,1.7797671556472778
uzb,2005,1.6438716650009155
uzb,2006,1.4821834564208984
uzb,2007,1.306273102760315
uzb,2008,1.1203587055206299
uzb,2009,0.9276272654533386
uzb,2010,0.7968301177024841
uzb,2011,0.6926354765892029
uzb,2012,0.6239319443702698
uzb,2013,0.5678827166557312
uzb,2014,0.5257978439331055
uzb,2015,0.4975564181804657
uzb,2016,0.3225320875644684
uzb,2017,0.29784339666366577
vct,2000,0.24257051944732666
vct,2001,0.16868744790554047
vct,2002,0.0
vct,2003,0.0
vct,2004,0.0
vct,2005,0.0
vct,2006,0.0
vct,2007,0.0
vct,2008,0.0
vct,2009,0.0
vct,2010,0.0
vct,2011,0.0
vct,2012,0.0
vct,2013,0.0
vct,2014,0.0
vct,2015,0.0
vct,2016,0.0
vct,2017,0.0
ven,2000,0.45902296900749207
ven,2001,0.3702869117259979
ven,2002,0.32721996307373047
ven,2003,0.21296356618404388
ven,2004,0.2866848111152649
ven,2005,0.22150999307632446
ven,2006,0.20751667022705078
ven,2007,0.21320445835590363
ven,2008,0.23146574199199677
ven,2009,0.20868021249771118
ven,2010,0.1755474954843521
ven,2011,0.21845878660678864
ven,2012,0.23299792408943176
ven,2013,0.23488564789295197
ven,2014,0.2571662664413452
ven,2015,0.2927849590778351
ven,2016,0.3421003818511963
ven,2017,0.398540735244751
vnm,2000,0.5060064792633057
vnm,2001,0.47837233543395996
vnm,2002,0.45204976201057434
vnm,2003,0.42662155628204346
vnm,2004,0.401107519865036
vnm,2005,0.37794703245162964
vnm,2006,0.35964226722717285
vnm,2007,0.34711870551109314
vnm,2008,0.34028491377830505
vnm,2009,0.3355359733104706
vnm,2010,0.4057089388370514
vnm,2011,0.4038555920124054
vnm,2012,0.3973420262336731
vnm,2013,0.38525956869125366
vnm,2014,0.38073834776878357
vnm,2015,0.36992841958999634
vnm,2016,0.356518417596817
vnm,2017,0.34403908252716064
vut,2000,0.4717142581939697
vut,2001,0.45962056517601013
vut,2002,0.4007405638694763
vut,2003,0.35654667019844055
vut,2004,0.4054160416126251
vut,2005,0.43944859504699707
vut,2006,0.4409608244895935
vut,2007,0.4439181089401245
vut,2008,0.4491148591041565
vut,2009,0.44836878776550293
vut,2010,0.4506725072860718
vut,2011,0.5398622155189514
vut,2012,0.5402622222900391
vut,2013,0.5353032946586609
vut,2014,0.5186522006988525
vut,2015,0.497637540102005
vut,2016,0.47664645314216614
vut,2017,0.4578407108783722
wsm,2000,0.4041231572628021
wsm,2001,0.3788650929927826
wsm,2002,0.35259804129600525
wsm,2003,0.33340150117874146
wsm,2004,0.3036288619041443
wsm,2005,0.2764511704444885
wsm,2006,0.2598835825920105
wsm,2007,0.25481167435646057
wsm,2008,0.2848877012729645
wsm,2009,0.30634811520576477
wsm,2010,0.30875349044799805
wsm,2011,0.31805023550987244
wsm,2012,0.3126591145992279
wsm,2013,0.30212873220443726
wsm,2014,0.2857801020145416
wsm,2015,0.2721998691558838
wsm,2016,0.25776955485343933
wsm,2017,0.23880648612976074
yem,2000,3.0060782432556152
yem,2001,2.8241162300109863
yem,2002,2.6345279216766357
yem,2003,2.426603078842163
yem,2004,2.179508924484253
yem,2005,1.8774001598358154
yem,2006,1.6035255193710327
yem,2007,1.4005146026611328
yem,2008,1.2954256534576416
yem,2009,1.2188647985458374
yem,2010,1.1623432636260986
yem,2011,1.022642970085144
yem,2012,0.9318684935569763
yem,2013,0.9276489019393921
yem,2014,0.9141292572021484
yem,2015,0.8495523929595947
yem,2016,0.9302305579185486
yem,2017,0.9766212701797485
zaf,2000,0.9630404114723206
zaf,2001,0.8920791149139404
zaf,2002,0.8515879511833191
zaf,2003,0.8391696810722351
zaf,2004,0.818740963935852
zaf,2005,0.79351407289505
zaf,2006,0.7503747940063477
zaf,2007,0.7726800441741943
zaf,2008,0.7501143217086792
zaf,2009,0.7143640518188477
zaf,2010,0.6271703839302063
zaf,2011,0.5858747959136963
zaf,2012,0.47935566306114197
zaf,2013,0.4588272273540497
zaf,2014,0.4378439784049988
zaf,2015,0.4253133535385132
zaf,2016,0.4281412661075592
zaf,2017,0.4369184970855713
zmb,2000,5.398449420928955
zmb,2001,5.086120128631592
zmb,2002,4.5551042556762695
zmb,2003,3.9540629386901855
zmb,2004,3.337146043777466
zmb,2005,2.9262115955352783
zmb,2006,2.666428327560425
zmb,2007,2.5342252254486084
zmb,2008,2.414269208908081
zmb,2009,2.2835800647735596
zmb,2010,2.1704158782958984
zmb,2011,2.047672748565674
zmb,2012,1.9223582744598389
zmb,2013,1.7854235172271729
zmb,2014,1.2902098894119263
zmb,2015,1.1824231147766113
zmb,2016,1.0719671249389648
zmb,2017,1.0001498460769653
zwe,2000,1.8728294372558594
zwe,2001,1.9774856567382812
zwe,2002,2.1221635341644287
zwe,2003,2.2982871532440186
zwe,2004,2.5058517456054688
zwe,2005,2.7339556217193604
zwe,2006,2.8759665489196777
zwe,2007,2.7675249576568604
zwe,2008,2.7508351802825928
zwe,2009,2.488823413848877
zwe,2010,2.2050271034240723
zwe,2011,2.0306074619293213
zwe,2012,1.6751677989959717
zwe,2013,0.9751099944114685
zwe,2014,0.9335611462593079
zwe,2015,0.905813455581665
zwe,2016,0.853609561920166
zwe,2017,0.7750170826911926
