country,year,fpost7
afg,2000,0.062333278357982635
afg,2001,0.05957602337002754
afg,2002,0.06606913357973099
afg,2003,0.07377225905656815
afg,2004,0.07335830479860306
afg,2005,0.0707361251115799
afg,2006,0.06438477337360382
afg,2007,0.0676923468708992
afg,2008,0.06311795860528946
afg,2009,0.054090920835733414
afg,2010,0.05064225569367409
afg,2011,0.04739009216427803
afg,2012,0.04694569855928421
afg,2013,0.05064304545521736
afg,2014,0.043292246758937836
afg,2015,0.03782620653510094
afg,2016,0.03828594088554382
afg,2017,0.03708953410387039
ago,2000,0.06613084673881531
ago,2001,0.06360640376806259
ago,2002,0.040834758430719376
ago,2003,0.042023614048957825
ago,2004,0.042140595614910126
ago,2005,0.040152981877326965
ago,2006,0.037523429840803146
ago,2007,0.034868113696575165
ago,2008,0.03307069092988968
ago,2009,0.03195764496922493
ago,2010,0.03241821005940437
ago,2011,0.03222724795341492
ago,2012,0.03150266781449318
ago,2013,0.02927529625594616
ago,2014,0.024600204080343246
ago,2015,0.025203509256243706
ago,2016,0.024770719930529594
ago,2017,0.02450968511402607
alb,2000,0.0439683198928833
alb,2001,0.0425867922604084
alb,2002,0.04115177318453789
alb,2003,0.039801549166440964
alb,2004,0.038508135825395584
alb,2005,0.037225086241960526
alb,2006,0.03593721240758896
alb,2007,0.034756001085042953
alb,2008,0.03363275155425072
alb,2009,0.04159067943692207
alb,2010,0.040274158120155334
alb,2011,0.03895653411746025
alb,2012,0.03764426335692406
alb,2013,0.03623000159859657
alb,2014,0.03473488986492157
alb,2015,0.03381270542740822
alb,2016,0.032250069081783295
alb,2017,0.03145114332437515
and,2000,0.004711249377578497
and,2001,0.004373852163553238
and,2002,0.003941376227885485
and,2003,0.0034358224365860224
and,2004,0.0028808657079935074
and,2005,0.0024116826243698597
and,2006,0.0019556100014597178
and,2007,0.0015572539996355772
and,2008,0.0011513857170939445
and,2009,0.0007548494613729417
and,2010,0.0003750374889932573
and,2011,0.00012329482706263661
and,2012,0.0
and,2013,0.0
and,2014,0.0
and,2015,0.0
and,2016,0.0
and,2017,0.0
are,2000,0.03237390145659447
are,2001,0.031597331166267395
are,2002,0.03048545867204666
are,2003,0.029394635930657387
are,2004,0.028552813455462456
are,2005,0.027609648182988167
are,2006,0.026893267408013344
are,2007,0.025922181084752083
are,2008,0.02535344287753105
are,2009,0.02451132982969284
are,2010,0.023782657459378242
are,2011,0.02291666902601719
are,2012,0.022284235805273056
are,2013,0.021402539685368538
are,2014,0.020781708881258965
are,2015,0.020177792757749557
are,2016,0.019585415720939636
are,2017,0.019127001985907555
arg,2000,0.03247887268662453
arg,2001,0.029993677511811256
arg,2002,0.03157544881105423
arg,2003,0.03507746383547783
arg,2004,0.035529885441064835
arg,2005,0.033573757857084274
arg,2006,0.033253900706768036
arg,2007,0.028958167880773544
arg,2008,0.02989640086889267
arg,2009,0.029622241854667664
arg,2010,0.03331364318728447
arg,2011,0.02474488690495491
arg,2012,0.027303388342261314
arg,2013,0.02670019119977951
arg,2014,0.023258469998836517
arg,2015,0.02702041156589985
arg,2016,0.023948591202497482
arg,2017,0.024734213948249817
arm,2000,0.0457911416888237
arm,2001,0.04486449062824249
arm,2002,0.043596480041742325
arm,2003,0.04228009656071663
arm,2004,0.040927112102508545
arm,2005,0.03964623436331749
arm,2006,0.03838250786066055
arm,2007,0.03721711039543152
arm,2008,0.03607150912284851
arm,2009,0.03493589535355568
arm,2010,0.04204981029033661
arm,2011,0.041065018624067307
arm,2012,0.03932514414191246
arm,2013,0.037750910967588425
arm,2014,0.03610610216856003
arm,2015,0.03448929637670517
arm,2016,0.03306101635098457
arm,2017,0.03224772959947586
atg,2000,0.045454543083906174
atg,2001,0.09341692924499512
atg,2002,0.09675324708223343
atg,2003,0.06923077255487442
atg,2004,0.053333330899477005
atg,2005,0.0533333346247673
atg,2006,0.053333330899477005
atg,2007,0.0
atg,2008,0.0
atg,2009,0.0
atg,2010,0.0
atg,2011,0.0
atg,2012,0.0
atg,2013,0.0
atg,2014,0.0
atg,2015,0.0
atg,2016,0.0
atg,2017,0.0
aus,2000,0.037200506776571274
aus,2001,0.056762199848890305
aus,2002,0.018741220235824585
aus,2003,0.03800351172685623
aus,2004,0.04043032228946686
aus,2005,0.02877276949584484
aus,2006,0.02923114039003849
aus,2007,0.017180826514959335
aus,2008,0.020676417276263237
aus,2009,0.011877905577421188
aus,2010,0.026187719777226448
aus,2011,0.01775866188108921
aus,2012,0.03950575366616249
aus,2013,0.013718831352889538
aus,2014,0.024377627298235893
aus,2015,0.014761076308786869
aus,2016,0.01764116995036602
aus,2017,0.01764116995036602
aut,2000,0.03426893427968025
aut,2001,0.03952939435839653
aut,2002,0.024539874866604805
aut,2003,0.04217338189482689
aut,2004,0.02891129069030285
aut,2005,0.037348851561546326
aut,2006,0.03341434523463249
aut,2007,0.00916527770459652
aut,2008,0.04808361828327179
aut,2009,0.061071399599313736
aut,2010,0.055099889636039734
aut,2011,0.025205478072166443
aut,2012,0.05609183385968208
aut,2013,0.0700317919254303
aut,2014,0.02142857201397419
aut,2015,0.01253132801502943
aut,2016,0.012509606778621674
aut,2017,0.028287366032600403
aze,2000,0.04307228699326515
aze,2001,0.042339615523815155
aze,2002,0.04131553694605827
aze,2003,0.04023859649896622
aze,2004,0.038959238678216934
aze,2005,0.037454891949892044
aze,2006,0.035860996693372726
aze,2007,0.03463376685976982
aze,2008,0.03355836123228073
aze,2009,0.0323912687599659
aze,2010,0.030447345227003098
aze,2011,0.027468238025903702
aze,2012,0.02410670556128025
aze,2013,0.021823899820446968
aze,2014,0.014970367774367332
aze,2015,0.011818134225904942
aze,2016,0.011349596083164215
aze,2017,0.01096352282911539
bdi,2000,0.04495054855942726
bdi,2001,0.046356771141290665
bdi,2002,0.07713102549314499
bdi,2003,0.05102672055363655
bdi,2004,0.04787064343690872
bdi,2005,0.06798772513866425
bdi,2006,0.04373070225119591
bdi,2007,0.044336989521980286
bdi,2008,0.0448494479060173
bdi,2009,0.04525772109627724
bdi,2010,0.04591913893818855
bdi,2011,0.043107468634843826
bdi,2012,0.023785091936588287
bdi,2013,0.02394065447151661
bdi,2014,0.024858949705958366
bdi,2015,0.025338511914014816
bdi,2016,0.025403793901205063
bdi,2017,0.02622120827436447
bel,2000,0.08336447924375534
bel,2001,0.10778877139091492
bel,2002,0.07495550811290741
bel,2003,0.08011674880981445
bel,2004,0.09862979501485825
bel,2005,0.07811066508293152
bel,2006,0.08962046355009079
bel,2007,0.07662784308195114
bel,2008,0.053239695727825165
bel,2009,0.05408334359526634
bel,2010,0.022807549685239792
bel,2011,0.03299715742468834
bel,2012,0.04871243238449097
bel,2013,0.028263665735721588
bel,2014,0.026787925511598587
bel,2015,0.05169159919023514
bel,2016,0.03572702035307884
bel,2017,0.035727016627788544
ben,2000,0.038706641644239426
ben,2001,0.057427290827035904
ben,2002,0.062461841851472855
ben,2003,0.061524730175733566
ben,2004,0.05775177851319313
ben,2005,0.05067313089966774
ben,2006,0.029478566721081734
ben,2007,0.027551911771297455
ben,2008,0.02762410417199135
ben,2009,0.029156651347875595
ben,2010,0.031558919697999954
ben,2011,0.02921692654490471
ben,2012,0.040514834225177765
ben,2013,0.039992135018110275
ben,2014,0.025857901200652122
ben,2015,0.025498956441879272
ben,2016,0.025032702833414078
ben,2017,0.024696115404367447
bfa,2000,0.03174101561307907
bfa,2001,0.03571757674217224
bfa,2002,0.036759115755558014
bfa,2003,0.04045793041586876
bfa,2004,0.043766215443611145
bfa,2005,0.04301823303103447
bfa,2006,0.03830751031637192
bfa,2007,0.03385987505316734
bfa,2008,0.030726121738553047
bfa,2009,0.014600145630538464
bfa,2010,0.019035957753658295
bfa,2011,0.021126559004187584
bfa,2012,0.03004659339785576
bfa,2013,0.041071485728025436
bfa,2014,0.0194869302213192
bfa,2015,0.021390976384282112
bfa,2016,0.02217952534556389
bfa,2017,0.02272600680589676
bgd,2000,0.062008701264858246
bgd,2001,0.062199465930461884
bgd,2002,0.09401043504476547
bgd,2003,0.09294462203979492
bgd,2004,0.08527618646621704
bgd,2005,0.05590824410319328
bgd,2006,0.0567016638815403
bgd,2007,0.061673667281866074
bgd,2008,0.054950401186943054
bgd,2009,0.04755834490060806
bgd,2010,0.042087752372026443
bgd,2011,0.03859853371977806
bgd,2012,0.038834284991025925
bgd,2013,0.03802099451422691
bgd,2014,0.03733399137854576
bgd,2015,0.031841859221458435
bgd,2016,0.021124178543686867
bgd,2017,0.020119084045290947
bgr,2000,0.03159957006573677
bgr,2001,0.027568446472287178
bgr,2002,0.015675600618124008
bgr,2003,0.044794775545597076
bgr,2004,0.0401272252202034
bgr,2005,0.03657195717096329
bgr,2006,0.04900630563497543
bgr,2007,0.040476296097040176
bgr,2008,0.05420256033539772
bgr,2009,0.03730441629886627
bgr,2010,0.03771543875336647
bgr,2011,0.02950259856879711
bgr,2012,0.03382622078061104
bgr,2013,0.013306602835655212
bgr,2014,0.028787761926651
bgr,2015,0.025364726781845093
bgr,2016,0.025364726781845093
bgr,2017,0.025364726781845093
bhr,2000,0.0
bhr,2001,0.013646477833390236
bhr,2002,0.0
bhr,2003,0.02879471704363823
bhr,2004,0.0
bhr,2005,0.021685589104890823
bhr,2006,0.02375045418739319
bhr,2007,0.05366971716284752
bhr,2008,0.014251559972763062
bhr,2009,0.0
bhr,2010,0.016475684940814972
bhr,2011,0.0
bhr,2012,0.04492917284369469
bhr,2013,0.0
bhr,2014,0.0
bhr,2015,0.01515423133969307
bhr,2016,0.015154230408370495
bhr,2017,0.015154230408370495
bhs,2000,0.01839359477162361
bhs,2001,0.025090478360652924
bhs,2002,0.026604559272527695
bhs,2003,0.014138227328658104
bhs,2004,0.009550647810101509
bhs,2005,0.010147563181817532
bhs,2006,0.010705120861530304
bhs,2007,0.0
bhs,2008,0.0
bhs,2009,0.014298954047262669
bhs,2010,0.01483516488224268
bhs,2011,0.01541315857321024
bhs,2012,0.0
bhs,2013,0.0
bhs,2014,0.0
bhs,2015,0.0
bhs,2016,0.0
bhs,2017,0.0
bih,2000,0.030707506462931633
bih,2001,0.029763659462332726
bih,2002,0.028562728315591812
bih,2003,0.027734976261854172
bih,2004,0.03318888321518898
bih,2005,0.03220091015100479
bih,2006,0.03110765665769577
bih,2007,0.029741689562797546
bih,2008,0.02840280532836914
bih,2009,0.026942865923047066
bih,2010,0.025852937251329422
bih,2011,0.02489730902016163
bih,2012,0.02415808103978634
bih,2013,0.02342572808265686
bih,2014,0.022196967154741287
bih,2015,0.02211531065404415
bih,2016,0.021393220871686935
bih,2017,0.020599618554115295
blr,2000,0.03735368698835373
blr,2001,0.03553386032581329
blr,2002,0.03379888832569122
blr,2003,0.03204382210969925
blr,2004,0.030539264902472496
blr,2005,0.028876489028334618
blr,2006,0.02737223543226719
blr,2007,0.025990314781665802
blr,2008,0.02756124921143055
blr,2009,0.027655543759465218
blr,2010,0.026086296886205673
blr,2011,0.024670731276273727
blr,2012,0.023441914469003677
blr,2013,0.022195832803845406
blr,2014,0.020485352724790573
blr,2015,0.01839163713157177
blr,2016,0.017678437754511833
blr,2017,0.01693304441869259
blz,2000,0.0660398006439209
blz,2001,0.07691974192857742
blz,2002,0.06317678093910217
blz,2003,0.05921958386898041
blz,2004,0.02624179795384407
blz,2005,0.022847915068268776
blz,2006,0.016430679708719254
blz,2007,0.016681529581546783
blz,2008,0.02114223688840866
blz,2009,0.015443545766174793
blz,2010,0.016900483518838882
blz,2011,0.016327733173966408
blz,2012,0.026435375213623047
blz,2013,0.03629704937338829
blz,2014,0.0343804769217968
blz,2015,0.015393433161079884
blz,2016,0.011959318071603775
blz,2017,0.007346973288804293
bol,2000,0.03578619658946991
bol,2001,0.03304699808359146
bol,2002,0.031482771039009094
bol,2003,0.03113435208797455
bol,2004,0.030595088377594948
bol,2005,0.030134575441479683
bol,2006,0.02976536750793457
bol,2007,0.029315011575818062
bol,2008,0.029252290725708008
bol,2009,0.028863968327641487
bol,2010,0.02857319638133049
bol,2011,0.02833608351647854
bol,2012,0.02832981012761593
bol,2013,0.028268955647945404
bol,2014,0.020567916333675385
bol,2015,0.016109731048345566
bol,2016,0.01596084050834179
bol,2017,0.016613973304629326
bra,2000,0.05082947388291359
bra,2001,0.04771071672439575
bra,2002,0.040939223021268845
bra,2003,0.03789906203746796
bra,2004,0.039618901908397675
bra,2005,0.04009120538830757
bra,2006,0.042446836829185486
bra,2007,0.03939879313111305
bra,2008,0.039960768073797226
bra,2009,0.03934124484658241
bra,2010,0.03861980140209198
bra,2011,0.02882198803126812
bra,2012,0.02591194212436676
bra,2013,0.02236086130142212
bra,2014,0.02298206090927124
bra,2015,0.022487593814730644
bra,2016,0.022605612874031067
bra,2017,0.022691288962960243
brb,2000,0.06361789256334305
brb,2001,0.0424119271337986
brb,2002,0.026938162744045258
brb,2003,0.0055268071591854095
brb,2004,0.0056968629360198975
brb,2005,0.005877715535461903
brb,2006,0.0
brb,2007,0.0
brb,2008,0.0
brb,2009,0.0
brb,2010,0.0
brb,2011,0.0
brb,2012,0.0
brb,2013,0.0
brb,2014,0.0
brb,2015,0.0
brb,2016,0.0
brb,2017,0.0
brn,2000,0.012318304739892483
brn,2001,0.01736629568040371
brn,2002,0.009324009530246258
brn,2003,0.009661835618317127
brn,2004,0.0107769425958395
brn,2005,0.011197916232049465
brn,2006,0.011653116904199123
brn,2007,0.0
brn,2008,0.0
brn,2009,0.0
brn,2010,0.014891551807522774
brn,2011,0.014758593402802944
brn,2012,0.04443388059735298
brn,2013,0.029418105259537697
brn,2014,0.02916666865348816
brn,2015,0.0
brn,2016,0.0
brn,2017,0.0
btn,2000,0.04948791489005089
btn,2001,0.04766076058149338
btn,2002,0.049114733934402466
btn,2003,0.0489029735326767
btn,2004,0.04827866703271866
btn,2005,0.047573335468769073
btn,2006,0.04683710262179375
btn,2007,0.047211743891239166
btn,2008,0.046320002526044846
btn,2009,0.045383650809526443
btn,2010,0.042841311544179916
btn,2011,0.03878297284245491
btn,2012,0.032958317548036575
btn,2013,0.028784869238734245
btn,2014,0.02648637257516384
btn,2015,0.026156621053814888
btn,2016,0.02602924220263958
btn,2017,0.025718672201037407
bwa,2000,0.005601650103926659
bwa,2001,0.0072266762144863605
bwa,2002,0.008018746972084045
bwa,2003,0.008770741522312164
bwa,2004,0.009753642603754997
bwa,2005,0.011317774653434753
bwa,2006,0.013411870226264
bwa,2007,0.014910894446074963
bwa,2008,0.01568039320409298
bwa,2009,0.016335509717464447
bwa,2010,0.01701381616294384
bwa,2011,0.015039337798953056
bwa,2012,0.011329456232488155
bwa,2013,0.009889451786875725
bwa,2014,0.007954261265695095
bwa,2015,0.00835811160504818
bwa,2016,0.00851439218968153
bwa,2017,0.009227968752384186
caf,2000,0.05653434246778488
caf,2001,0.05594784393906593
caf,2002,0.03569783642888069
caf,2003,0.03502507507801056
caf,2004,0.03244689106941223
caf,2005,0.05003716051578522
caf,2006,0.03395315632224083
caf,2007,0.03380689024925232
caf,2008,0.05206560343503952
caf,2009,0.034756824374198914
caf,2010,0.036011435091495514
caf,2011,0.03603186830878258
caf,2012,0.055270783603191376
caf,2013,0.04126683250069618
caf,2014,0.04211907088756561
caf,2015,0.043420031666755676
caf,2016,0.043860528618097305
caf,2017,0.04460751637816429
can,2000,0.03507625684142113
can,2001,0.028868459165096283
can,2002,0.02745218016207218
can,2003,0.030332135036587715
can,2004,0.026494860649108887
can,2005,0.02559315226972103
can,2006,0.03086443990468979
can,2007,0.02917211502790451
can,2008,0.01200924627482891
can,2009,0.03676649555563927
can,2010,0.03193948045372963
can,2011,0.024237586185336113
can,2012,0.020128319039940834
can,2013,0.020334690809249878
can,2014,0.020334690809249878
can,2015,0.020334690809249878
can,2016,0.02033468894660473
can,2017,0.020334690809249878
che,2000,0.05176660045981407
che,2001,0.07099772989749908
che,2002,0.07381487637758255
che,2003,0.04625822231173515
che,2004,0.009778245352208614
che,2005,0.04102202504873276
che,2006,0.04002624750137329
che,2007,0.02480231784284115
che,2008,0.016132041811943054
che,2009,0.049947790801525116
che,2010,0.01735784485936165
che,2011,0.011100832372903824
che,2012,0.0
che,2013,0.013728919439017773
che,2014,0.0368560291826725
che,2015,0.03047020733356476
che,2016,0.027037249878048897
che,2017,0.027037248015403748
chl,2000,0.03915167227387428
chl,2001,0.057097289711236954
chl,2002,0.04423551261425018
chl,2003,0.04939126968383789
chl,2004,0.044475067406892776
chl,2005,0.051359787583351135
chl,2006,0.033581897616386414
chl,2007,0.027991052716970444
chl,2008,0.03062514029443264
chl,2009,0.0240311399102211
chl,2010,0.03943662345409393
chl,2011,0.023848505690693855
chl,2012,0.02873745746910572
chl,2013,0.015873366966843605
chl,2014,0.028913484886288643
chl,2015,0.012503184378147125
chl,2016,0.007364599499851465
chl,2017,0.01617027260363102
chn,2000,0.033538568764925
chn,2001,0.030777400359511375
chn,2002,0.029034294188022614
chn,2003,0.028149684891104698
chn,2004,0.025421006605029106
chn,2005,0.02372054196894169
chn,2006,0.02456696517765522
chn,2007,0.02603554166853428
chn,2008,0.028669752180576324
chn,2009,0.030386054888367653
chn,2010,0.030696529895067215
chn,2011,0.03004322573542595
chn,2012,0.027855144813656807
chn,2013,0.02616855874657631
chn,2014,0.02503187023103237
chn,2015,0.023850779980421066
chn,2016,0.023920325562357903
chn,2017,0.02401670627295971
civ,2000,0.020333316177129745
civ,2001,0.019369332119822502
civ,2002,0.019605567678809166
civ,2003,0.021777303889393806
civ,2004,0.03953868895769119
civ,2005,0.04698070511221886
civ,2006,0.05216884985566139
civ,2007,0.03444310650229454
civ,2008,0.05022139102220535
civ,2009,0.030504120513796806
civ,2010,0.029415354132652283
civ,2011,0.03021303564310074
civ,2012,0.04945511743426323
civ,2013,0.03377449885010719
civ,2014,0.03394879400730133
civ,2015,0.022554907947778702
civ,2016,0.022352512925863266
civ,2017,0.022537093609571457
cmr,2000,0.03448307886719704
cmr,2001,0.0488879457116127
cmr,2002,0.03284035995602608
cmr,2003,0.03100908361375332
cmr,2004,0.02976658195257187
cmr,2005,0.029864009469747543
cmr,2006,0.03160491958260536
cmr,2007,0.051094308495521545
cmr,2008,0.05221814289689064
cmr,2009,0.032773565500974655
cmr,2010,0.03175421804189682
cmr,2011,0.02837323397397995
cmr,2012,0.02119559422135353
cmr,2013,0.020558491349220276
cmr,2014,0.020782768726348877
cmr,2015,0.02128266729414463
cmr,2016,0.021916614845395088
cmr,2017,0.02198646403849125
cod,2000,0.041158176958560944
cod,2001,0.06212421879172325
cod,2002,0.04660716652870178
cod,2003,0.04883989691734314
cod,2004,0.0365111269056797
cod,2005,0.04274381324648857
cod,2006,0.033793509006500244
cod,2007,0.05628034844994545
cod,2008,0.0572524257004261
cod,2009,0.043789077550172806
cod,2010,0.04201541841030121
cod,2011,0.03594454750418663
cod,2012,0.03846404701471329
cod,2013,0.03434152901172638
cod,2014,0.031707312911748886
cod,2015,0.027734097093343735
cod,2016,0.022563792765140533
cod,2017,0.026552798226475716
cog,2000,0.026481499895453453
cog,2001,0.02565736696124077
cog,2002,0.02480863779783249
cog,2003,0.0272541381418705
cog,2004,0.028680479153990746
cog,2005,0.03256102278828621
cog,2006,0.033459581434726715
cog,2007,0.033217903226614
cog,2008,0.032167475670576096
cog,2009,0.028798455372452736
cog,2010,0.026587458327412605
cog,2011,0.024516426026821136
cog,2012,0.02279488742351532
cog,2013,0.013956233859062195
cog,2014,0.013442210853099823
cog,2015,0.011674780398607254
cog,2016,0.014425179921090603
cog,2017,0.014165136031806469
cok,2000,0.031215230002999306
cok,2001,0.030357200652360916
cok,2002,0.02954723685979843
cok,2003,0.028653012588620186
cok,2004,0.027757273986935616
cok,2005,0.026743710041046143
cok,2006,0.02577596716582775
cok,2007,0.024718638509511948
cok,2008,0.02373206987977028
cok,2009,0.027889957651495934
cok,2010,0.02660967968404293
cok,2011,0.02575412578880787
cok,2012,0.02473836950957775
cok,2013,0.02392960712313652
cok,2014,0.022953232750296593
cok,2015,0.02225765585899353
cok,2016,0.02135179564356804
cok,2017,0.020866435021162033
col,2000,0.03936368227005005
col,2001,0.038217175751924515
col,2002,0.03920583054423332
col,2003,0.0388699434697628
col,2004,0.0368482880294323
col,2005,0.042425189167261124
col,2006,0.04190333932638168
col,2007,0.031855884939432144
col,2008,0.030978534370660782
col,2009,0.03270132839679718
col,2010,0.027875933796167374
col,2011,0.025922907516360283
col,2012,0.020410602912306786
col,2013,0.021731702610850334
col,2014,0.0167273860424757
col,2015,0.020713329315185547
col,2016,0.019732540473341942
col,2017,0.019732538610696793
com,2000,0.06188341602683067
com,2001,0.06201585382223129
com,2002,0.06217626854777336
com,2003,0.0623595267534256
com,2004,0.06259981542825699
com,2005,0.06281368434429169
com,2006,0.06306871771812439
com,2007,0.06253388524055481
com,2008,0.060290589928627014
com,2009,0.05577932670712471
com,2010,0.05040253698825836
com,2011,0.04694834351539612
com,2012,0.04401145502924919
com,2013,0.04346602410078049
com,2014,0.04550052806735039
com,2015,0.045555926859378815
com,2016,0.045564308762550354
com,2017,0.045549195259809494
cpv,2000,0.02194215916097164
cpv,2001,0.02105988934636116
cpv,2002,0.020064834505319595
cpv,2003,0.01931348815560341
cpv,2004,0.01900707185268402
cpv,2005,0.01889430172741413
cpv,2006,0.021206337958574295
cpv,2007,0.021345464512705803
cpv,2008,0.02135029248893261
cpv,2009,0.020778559148311615
cpv,2010,0.021235307678580284
cpv,2011,0.02588971145451069
cpv,2012,0.025553466752171516
cpv,2013,0.025277169421315193
cpv,2014,0.02489679493010044
cpv,2015,0.02417888678610325
cpv,2016,0.023496784269809723
cpv,2017,0.023017393425107002
cri,2000,0.02053649351000786
cri,2001,0.019251229241490364
cri,2002,0.042971935123205185
cri,2003,0.015748225152492523
cri,2004,0.010971366427838802
cri,2005,0.027805635705590248
cri,2006,0.023944608867168427
cri,2007,0.02575666829943657
cri,2008,0.036076854914426804
cri,2009,0.027699192985892296
cri,2010,0.02576540783047676
cri,2011,0.026291048154234886
cri,2012,0.031907711178064346
cri,2013,0.019952084869146347
cri,2014,0.020462781190872192
cri,2015,0.023948781192302704
cri,2016,0.023948781192302704
cri,2017,0.023948781192302704
cub,2000,0.07301836460828781
cub,2001,0.05841687694191933
cub,2002,0.0320657342672348
cub,2003,0.051785457879304886
cub,2004,0.04277122765779495
cub,2005,0.05667157471179962
cub,2006,0.04770732671022415
cub,2007,0.03724157065153122
cub,2008,0.048588164150714874
cub,2009,0.030467862263321877
cub,2010,0.03458673134446144
cub,2011,0.05010904371738434
cub,2012,0.055260103195905685
cub,2013,0.03793808072805405
cub,2014,0.05027418211102486
cub,2015,0.02756328135728836
cub,2016,0.0716194212436676
cub,2017,0.04967846721410751
cyp,2000,0.03547801822423935
cyp,2001,0.03507116436958313
cyp,2002,0.03428835794329643
cyp,2003,0.03350601717829704
cyp,2004,0.032764170318841934
cyp,2005,0.03192821890115738
cyp,2006,0.031164955347776413
cyp,2007,0.030407121405005455
cyp,2008,0.02976268157362938
cyp,2009,0.029283665120601654
cyp,2010,0.047859497368335724
cyp,2011,0.04021144285798073
cyp,2012,0.032079704105854034
cyp,2013,0.0
cyp,2014,0.02551020123064518
cyp,2015,0.02717391401529312
cyp,2016,0.03920992836356163
cyp,2017,0.01557239145040512
cze,2000,0.037675146013498306
cze,2001,0.04462380334734917
cze,2002,0.022229937836527824
cze,2003,0.024605462327599525
cze,2004,0.0585172176361084
cze,2005,0.033288609236478806
cze,2006,0.01384111400693655
cze,2007,0.059363093227148056
cze,2008,0.022008510306477547
cze,2009,0.0570356510579586
cze,2010,0.019036397337913513
cze,2011,0.03876525163650513
cze,2012,0.022634340450167656
cze,2013,0.03105926886200905
cze,2014,0.032557178288698196
cze,2015,0.0076101417653262615
cze,2016,0.04108874499797821
cze,2017,0.02634928934276104
deu,2000,0.03555666282773018
deu,2001,0.0260494165122509
deu,2002,0.040111083537340164
deu,2003,0.03939049318432808
deu,2004,0.041206471621990204
deu,2005,0.034121982753276825
deu,2006,0.04568646848201752
deu,2007,0.028527718037366867
deu,2008,0.024182042106986046
deu,2009,0.017681442201137543
deu,2010,0.017376260831952095
deu,2011,0.015754012390971184
deu,2012,0.01975107751786709
deu,2013,0.021329635754227638
deu,2014,0.01956288143992424
deu,2015,0.022822167724370956
deu,2016,0.021241888403892517
deu,2017,0.021241888403892517
dji,2000,0.044296883046627045
dji,2001,0.046886056661605835
dji,2002,0.04788154363632202
dji,2003,0.04878714308142662
dji,2004,0.046270810067653656
dji,2005,0.040744975209236145
dji,2006,0.04601707682013512
dji,2007,0.042549848556518555
dji,2008,0.0345756895840168
dji,2009,0.03405545651912689
dji,2010,0.03350568935275078
dji,2011,0.03304183483123779
dji,2012,0.03171979635953903
dji,2013,0.022222362458705902
dji,2014,0.02338387258350849
dji,2015,0.0228636022657156
dji,2016,0.027196135371923447
dji,2017,0.02775001898407936
dma,2000,0.0
dma,2001,0.06663797050714493
dma,2002,0.07176396995782852
dma,2003,0.07774429768323898
dma,2004,0.0
dma,2005,0.0
dma,2006,0.0
dma,2007,0.0
dma,2008,0.0442642904818058
dma,2009,0.04024026170372963
dma,2010,0.03688690811395645
dma,2011,0.0
dma,2012,0.0
dma,2013,0.0
dma,2014,0.0
dma,2015,0.0
dma,2016,0.0
dma,2017,0.0
dnk,2000,0.03813648596405983
dnk,2001,0.05517774447798729
dnk,2002,0.044465649873018265
dnk,2003,0.04432724043726921
dnk,2004,0.05230020731687546
dnk,2005,0.029059289023280144
dnk,2006,0.012873753905296326
dnk,2007,0.03291536122560501
dnk,2008,0.022360248491168022
dnk,2009,0.017657531425356865
dnk,2010,0.021873705089092255
dnk,2011,0.026089878752827644
dnk,2012,0.012929731048643589
dnk,2013,0.013461971655488014
dnk,2014,0.025631703436374664
dnk,2015,0.032415952533483505
dnk,2016,0.032415952533483505
dnk,2017,0.032415952533483505
dom,2000,0.03155167028307915
dom,2001,0.029435861855745316
dom,2002,0.02673889324069023
dom,2003,0.023964151740074158
dom,2004,0.022272443398833275
dom,2005,0.02154172584414482
dom,2006,0.021614916622638702
dom,2007,0.021882925182580948
dom,2008,0.02207498624920845
dom,2009,0.022379156202077866
dom,2010,0.022747110575437546
dom,2011,0.02312413975596428
dom,2012,0.02309798263013363
dom,2013,0.022960273548960686
dom,2014,0.01989860087633133
dom,2015,0.020199744030833244
dom,2016,0.01923481561243534
dom,2017,0.015788216143846512
dza,2000,0.03137274459004402
dza,2001,0.030525654554367065
dza,2002,0.029739152640104294
dza,2003,0.02668819949030876
dza,2004,0.033301934599876404
dza,2005,0.0331256203353405
dza,2006,0.0317772775888443
dza,2007,0.029134009033441544
dza,2008,0.025112511590123177
dza,2009,0.02228722535073757
dza,2010,0.02086935006082058
dza,2011,0.020846493542194366
dza,2012,0.020839562639594078
dza,2013,0.020818354561924934
dza,2014,0.02094760350883007
dza,2015,0.02104446478188038
dza,2016,0.021167278289794922
dza,2017,0.021223796531558037
ecu,2000,0.016168998554348946
ecu,2001,0.01593836583197117
ecu,2002,0.015716224908828735
ecu,2003,0.01870470494031906
ecu,2004,0.018774116411805153
ecu,2005,0.018745580688118935
ecu,2006,0.018643168732523918
ecu,2007,0.018436767160892487
ecu,2008,0.018288301303982735
ecu,2009,0.018000800162553787
ecu,2010,0.017561577260494232
ecu,2011,0.017132697626948357
ecu,2012,0.016699710860848427
ecu,2013,0.016208698973059654
ecu,2014,0.014625482261180878
ecu,2015,0.01932436227798462
ecu,2016,0.014679244719445705
ecu,2017,0.01620570383965969
egy,2000,0.026402411982417107
egy,2001,0.02674277499318123
egy,2002,0.027119683101773262
egy,2003,0.027188345789909363
egy,2004,0.026988526806235313
egy,2005,0.026820972561836243
egy,2006,0.025899570435285568
egy,2007,0.025448093190789223
egy,2008,0.025483403354883194
egy,2009,0.0250695887953043
egy,2010,0.02474774606525898
egy,2011,0.024103060364723206
egy,2012,0.023301949724555016
egy,2013,0.022551219910383224
egy,2014,0.027074845507740974
egy,2015,0.025407105684280396
egy,2016,0.025732634589076042
egy,2017,0.025250859558582306
eri,2000,0.044194623827934265
eri,2001,0.056013014167547226
eri,2002,0.0601276271045208
eri,2003,0.06161395087838173
eri,2004,0.06580393016338348
eri,2005,0.06623190641403198
eri,2006,0.06262102723121643
eri,2007,0.06122961267828941
eri,2008,0.05601958557963371
eri,2009,0.05072743073105812
eri,2010,0.04913579300045967
eri,2011,0.04912448674440384
eri,2012,0.046287376433610916
eri,2013,0.049079377204179764
eri,2014,0.047167740762233734
eri,2015,0.04669596627354622
eri,2016,0.03078499808907509
eri,2017,0.02594555914402008
esp,2000,0.07427102327346802
esp,2001,0.04731876775622368
esp,2002,0.043902721256017685
esp,2003,0.05528517812490463
esp,2004,0.042656078934669495
esp,2005,0.05603664368391037
esp,2006,0.04641834273934364
esp,2007,0.04548163339495659
esp,2008,0.03986319527029991
esp,2009,0.05201496183872223
esp,2010,0.030852340161800385
esp,2011,0.03622569888830185
esp,2012,0.02869788371026516
esp,2013,0.04537235572934151
esp,2014,0.027184657752513885
esp,2015,0.02013499103486538
esp,2016,0.02616598829627037
esp,2017,0.024514149874448776
est,2000,0.020454678684473038
est,2001,0.03638835251331329
est,2002,0.042255938053131104
est,2003,0.022234460338950157
est,2004,0.024150094017386436
est,2005,0.04140666499733925
est,2006,0.022180570289492607
est,2007,0.02723359316587448
est,2008,0.08761487901210785
est,2009,0.042761366814374924
est,2010,0.06502166390419006
est,2011,0.06226053833961487
est,2012,0.0
est,2013,0.06892334669828415
est,2014,0.0436871163547039
est,2015,0.0
est,2016,0.06666666269302368
est,2017,0.03557334467768669
eth,2000,0.10644330084323883
eth,2001,0.11038484424352646
eth,2002,0.10348246246576309
eth,2003,0.10546036064624786
eth,2004,0.10514043271541595
eth,2005,0.10541011393070221
eth,2006,0.06575790792703629
eth,2007,0.06636276096105576
eth,2008,0.08688613772392273
eth,2009,0.05205448344349861
eth,2010,0.05483897402882576
eth,2011,0.05592593178153038
eth,2012,0.05205449089407921
eth,2013,0.04731232300400734
eth,2014,0.039893511682748795
eth,2015,0.03759011998772621
eth,2016,0.04086502641439438
eth,2017,0.04313255101442337
fin,2000,0.01272901613265276
fin,2001,0.008804655633866787
fin,2002,0.020835736766457558
fin,2003,0.032005805522203445
fin,2004,0.043079596012830734
fin,2005,0.03140585497021675
fin,2006,0.022496843710541725
fin,2007,0.023326830938458443
fin,2008,0.01880037970840931
fin,2009,0.020656360313296318
fin,2010,0.01619602181017399
fin,2011,0.014674248173832893
fin,2012,0.017548952251672745
fin,2013,0.012394475750625134
fin,2014,0.020819546654820442
fin,2015,0.013855666853487492
fin,2016,0.022929364815354347
fin,2017,0.020624395459890366
fji,2000,0.04748864844441414
fji,2001,0.04731292650103569
fji,2002,0.04316531866788864
fji,2003,0.04290376603603363
fji,2004,0.044453270733356476
fji,2005,0.043539296835660934
fji,2006,0.04245775192975998
fji,2007,0.04299745708703995
fji,2008,0.04191484674811363
fji,2009,0.04113870859146118
fji,2010,0.040301255881786346
fji,2011,0.03961235284805298
fji,2012,0.038930874317884445
fji,2013,0.03804599493741989
fji,2014,0.037092193961143494
fji,2015,0.035924967378377914
fji,2016,0.03475740924477577
fji,2017,0.033951885998249054
fra,2000,0.041042085736989975
fra,2001,0.037077367305755615
fra,2002,0.038773614913225174
fra,2003,0.03528335690498352
fra,2004,0.03445019572973251
fra,2005,0.024338752031326294
fra,2006,0.03922335430979729
fra,2007,0.03081890381872654
fra,2008,0.04041913524270058
fra,2009,0.02722824551165104
fra,2010,0.035080596804618835
fra,2011,0.031057750806212425
fra,2012,0.01415966171771288
fra,2013,0.032542403787374496
fra,2014,0.024488557130098343
fra,2015,0.026284219697117805
fra,2016,0.027789657935500145
fra,2017,0.027789657935500145
fsm,2000,0.03846496343612671
fsm,2001,0.03648464009165764
fsm,2002,0.03625314310193062
fsm,2003,0.03669899329543114
fsm,2004,0.03711095452308655
fsm,2005,0.037096764892339706
fsm,2006,0.03709136322140694
fsm,2007,0.03663231432437897
fsm,2008,0.03652499243617058
fsm,2009,0.036467187106609344
fsm,2010,0.026729153469204903
fsm,2011,0.028299493715167046
fsm,2012,0.02924264781177044
fsm,2013,0.029242100194096565
fsm,2014,0.029395336285233498
fsm,2015,0.029911547899246216
fsm,2016,0.031568609178066254
fsm,2017,0.03210381418466568
gab,2000,0.0143585791811347
gab,2001,0.010030563920736313
gab,2002,0.011881998740136623
gab,2003,0.013204655610024929
gab,2004,0.014652722515165806
gab,2005,0.02192639745771885
gab,2006,0.021704332903027534
gab,2007,0.021481551229953766
gab,2008,0.022625736892223358
gab,2009,0.02111412212252617
gab,2010,0.018398283049464226
gab,2011,0.01623685099184513
gab,2012,0.014859013259410858
gab,2013,0.01575980894267559
gab,2014,0.015913693234324455
gab,2015,0.015658054500818253
gab,2016,0.013480889610946178
gab,2017,0.014235992915928364
gbr,2000,0.06647737324237823
gbr,2001,0.076759472489357
gbr,2002,0.06122005358338356
gbr,2003,0.06894562393426895
gbr,2004,0.06041869893670082
gbr,2005,0.06132287159562111
gbr,2006,0.04232576861977577
gbr,2007,0.042384691536426544
gbr,2008,0.04035719111561775
gbr,2009,0.04235077649354935
gbr,2010,0.04249612241983414
gbr,2011,0.03809450939297676
gbr,2012,0.03086012415587902
gbr,2013,0.023728204891085625
gbr,2014,0.027287615463137627
gbr,2015,0.038747042417526245
gbr,2016,0.029922017827630043
gbr,2017,0.029922017827630043
geo,2000,0.0457342155277729
geo,2001,0.04446250572800636
geo,2002,0.042859550565481186
geo,2003,0.04119127243757248
geo,2004,0.03983557969331741
geo,2005,0.03878414258360863
geo,2006,0.03782268613576889
geo,2007,0.03635776787996292
geo,2008,0.034824568778276443
geo,2009,0.03319526091217995
geo,2010,0.040339358150959015
geo,2011,0.038492247462272644
geo,2012,0.03665512427687645
geo,2013,0.03505486249923706
geo,2014,0.03337198868393898
geo,2015,0.03182298317551613
geo,2016,0.030081411823630333
geo,2017,0.029473112896084785
gha,2000,0.027469173073768616
gha,2001,0.0278027281165123
gha,2002,0.02613869309425354
gha,2003,0.042116109281778336
gha,2004,0.04118330031633377
gha,2005,0.04133094474673271
gha,2006,0.026873895898461342
gha,2007,0.026654141023755074
gha,2008,0.03945029154419899
gha,2009,0.025017186999320984
gha,2010,0.024443835020065308
gha,2011,0.024657709524035454
gha,2012,0.03195912763476372
gha,2013,0.016923937946558
gha,2014,0.016548411920666695
gha,2015,0.018262486904859543
gha,2016,0.017785271629691124
gha,2017,0.016977395862340927
gin,2000,0.033956561237573624
gin,2001,0.032337408512830734
gin,2002,0.03645649924874306
gin,2003,0.0370044931769371
gin,2004,0.040946248918771744
gin,2005,0.04044938087463379
gin,2006,0.040050383657217026
gin,2007,0.0398072712123394
gin,2008,0.05631216615438461
gin,2009,0.033218346536159515
gin,2010,0.032315369695425034
gin,2011,0.03184356540441513
gin,2012,0.03325691819190979
gin,2013,0.05585670471191406
gin,2014,0.03818085044622421
gin,2015,0.03989480808377266
gin,2016,0.04017554968595505
gin,2017,0.04080485180020332
gmb,2000,0.037178341299295425
gmb,2001,0.058889277279376984
gmb,2002,0.039991699159145355
gmb,2003,0.04003271460533142
gmb,2004,0.04113837331533432
gmb,2005,0.041113656014204025
gmb,2006,0.04102516919374466
gmb,2007,0.040904439985752106
gmb,2008,0.04113003611564636
gmb,2009,0.04130282253026962
gmb,2010,0.031603436917066574
gmb,2011,0.02965405024588108
gmb,2012,0.03975898027420044
gmb,2013,0.027075093239545822
gmb,2014,0.027797909453511238
gmb,2015,0.02766459621489048
gmb,2016,0.028258755803108215
gmb,2017,0.029663538560271263
gnb,2000,0.04451420530676842
gnb,2001,0.050706252455711365
gnb,2002,0.04966471716761589
gnb,2003,0.0346517339348793
gnb,2004,0.041254181414842606
gnb,2005,0.05538548156619072
gnb,2006,0.05737913399934769
gnb,2007,0.057076066732406616
gnb,2008,0.053137607872486115
gnb,2009,0.04781142994761467
gnb,2010,0.044176194816827774
gnb,2011,0.04231269657611847
gnb,2012,0.042369771748781204
gnb,2013,0.04327981173992157
gnb,2014,0.04408758133649826
gnb,2015,0.03962193801999092
gnb,2016,0.03195829316973686
gnb,2017,0.030649129301309586
gnq,2000,0.01940670982003212
gnq,2001,0.01745496317744255
gnq,2002,0.01573420874774456
gnq,2003,0.014424281194806099
gnq,2004,0.01308158878237009
gnq,2005,0.012283070012927055
gnq,2006,0.013266072608530521
gnq,2007,0.013083555735647678
gnq,2008,0.013002531602978706
gnq,2009,0.012682847678661346
gnq,2010,0.0135547099635005
gnq,2011,0.012991150841116905
gnq,2012,0.012865308672189713
gnq,2013,0.013832315802574158
gnq,2014,0.014643342234194279
gnq,2015,0.014228054322302341
gnq,2016,0.013958349823951721
gnq,2017,0.016240153461694717
grc,2000,0.03921608626842499
grc,2001,0.020703934133052826
grc,2002,0.004692595452070236
grc,2003,0.02533656917512417
grc,2004,0.020949330180883408
grc,2005,0.010537189431488514
grc,2006,0.017161410301923752
grc,2007,0.009874974377453327
grc,2008,0.018817521631717682
grc,2009,0.025800133123993874
grc,2010,0.004773027263581753
grc,2011,0.010344828478991985
grc,2012,0.005859969183802605
grc,2013,0.027814827859401703
grc,2014,0.039154913276433945
grc,2015,0.019569959491491318
grc,2016,0.02884656749665737
grc,2017,0.02884656935930252
grd,2000,0.0
grd,2001,0.0
grd,2002,0.0
grd,2003,0.0
grd,2004,0.0
grd,2005,0.0
grd,2006,0.0
grd,2007,0.0
grd,2008,0.0
grd,2009,0.0
grd,2010,0.0
grd,2011,0.0
grd,2012,0.0
grd,2013,0.0
grd,2014,0.0
grd,2015,0.0
grd,2016,0.0
grd,2017,0.0
gtm,2000,0.04457246512174606
gtm,2001,0.04474901035428047
gtm,2002,0.04486915469169617
gtm,2003,0.04343461990356445
gtm,2004,0.04031125083565712
gtm,2005,0.03535189479589462
gtm,2006,0.03172702714800835
gtm,2007,0.029639219865202904
gtm,2008,0.029244011268019676
gtm,2009,0.02915041707456112
gtm,2010,0.029424849897623062
gtm,2011,0.029915694147348404
gtm,2012,0.030029432848095894
gtm,2013,0.027360206469893456
gtm,2014,0.02383440174162388
gtm,2015,0.019609497860074043
gtm,2016,0.01956305094063282
gtm,2017,0.018712302669882774
guy,2000,0.016805242747068405
guy,2001,0.029215555638074875
guy,2002,0.020525138825178146
guy,2003,0.025784125551581383
guy,2004,0.029744897037744522
guy,2005,0.03544120118021965
guy,2006,0.01927187852561474
guy,2007,0.02716526947915554
guy,2008,0.028452670201659203
guy,2009,0.061269428580999374
guy,2010,0.017223985865712166
guy,2011,0.04326578974723816
guy,2012,0.036012593656778336
guy,2013,0.03483864292502403
guy,2014,0.018478039652109146
guy,2015,0.032099250704050064
guy,2016,0.03175204619765282
guy,2017,0.03155497834086418
hnd,2000,0.025398902595043182
hnd,2001,0.025218063965439796
hnd,2002,0.024994492530822754
hnd,2003,0.024818725883960724
hnd,2004,0.024838265031576157
hnd,2005,0.024916643276810646
hnd,2006,0.024760792031884193
hnd,2007,0.024500491097569466
hnd,2008,0.024352077394723892
hnd,2009,0.024363867938518524
hnd,2010,0.024039827287197113
hnd,2011,0.023675454780459404
hnd,2012,0.023198217153549194
hnd,2013,0.022696996107697487
hnd,2014,0.022251566872000694
hnd,2015,0.021624915301799774
hnd,2016,0.020970823243260384
hnd,2017,0.02049996890127659
hrv,2000,0.041936904191970825
hrv,2001,0.05104558914899826
hrv,2002,0.04683925583958626
hrv,2003,0.025934677571058273
hrv,2004,0.011922288686037064
hrv,2005,0.08089800179004669
hrv,2006,0.013785896822810173
hrv,2007,0.0
hrv,2008,0.0418381541967392
hrv,2009,0.06393840909004211
hrv,2010,0.06292977929115295
hrv,2011,0.05734623223543167
hrv,2012,0.09423434734344482
hrv,2013,0.03701670095324516
hrv,2014,0.0178690105676651
hrv,2015,0.060047779232263565
hrv,2016,0.03617510944604874
hrv,2017,0.037174079567193985
hti,2000,0.05937981605529785
hti,2001,0.059741806238889694
hti,2002,0.06018298491835594
hti,2003,0.06060909107327461
hti,2004,0.06102386862039566
hti,2005,0.06138727441430092
hti,2006,0.061778683215379715
hti,2007,0.062417592853307724
hti,2008,0.06265578418970108
hti,2009,0.0631970688700676
hti,2010,0.019300274550914764
hti,2011,0.061826568096876144
hti,2012,0.059443309903144836
hti,2013,0.05507740378379822
hti,2014,0.05264531448483467
hti,2015,0.051115263253450394
hti,2016,0.05089126527309418
hti,2017,0.05053197965025902
hun,2000,0.027954712510108948
hun,2001,0.05033768713474274
hun,2002,0.03182860463857651
hun,2003,0.02543293684720993
hun,2004,0.049479663372039795
hun,2005,0.05335602909326553
hun,2006,0.039831534028053284
hun,2007,0.03540081903338432
hun,2008,0.03540484234690666
hun,2009,0.03633265197277069
hun,2010,0.029270239174365997
hun,2011,0.02850125916302204
hun,2012,0.017464786767959595
hun,2013,0.057464033365249634
hun,2014,0.03928545489907265
hun,2015,0.04984351620078087
hun,2016,0.07552085071802139
hun,2017,0.054577577859163284
idn,2000,0.0554780550301075
idn,2001,0.03712209686636925
idn,2002,0.037739478051662445
idn,2003,0.037308596074581146
idn,2004,0.02940751053392887
idn,2005,0.03405340015888214
idn,2006,0.03266453742980957
idn,2007,0.035951483994722366
idn,2008,0.03767502307891846
idn,2009,0.03588319942355156
idn,2010,0.03521110862493515
idn,2011,0.03397039324045181
idn,2012,0.03464127331972122
idn,2013,0.03298422694206238
idn,2014,0.029685596004128456
idn,2015,0.026186993345618248
idn,2016,0.024959536269307137
idn,2017,0.02409856766462326
ind,2000,0.05311020463705063
ind,2001,0.05207740515470505
ind,2002,0.05240695923566818
ind,2003,0.05184571444988251
ind,2004,0.051026299595832825
ind,2005,0.05278825759887695
ind,2006,0.05114557966589928
ind,2007,0.05204112455248833
ind,2008,0.051658157259225845
ind,2009,0.05050747096538544
ind,2010,0.0517197847366333
ind,2011,0.05159186199307442
ind,2012,0.05274302884936333
ind,2013,0.05131631717085838
ind,2014,0.04931686073541641
ind,2015,0.041574086993932724
ind,2016,0.042097654193639755
ind,2017,0.042474016547203064
irl,2000,0.09756898134946823
irl,2001,0.06487218290567398
irl,2002,0.07493272423744202
irl,2003,0.0747879147529602
irl,2004,0.08043733984231949
irl,2005,0.09484068304300308
irl,2006,0.032994844019412994
irl,2007,0.07407761365175247
irl,2008,0.06483712792396545
irl,2009,0.047182172536849976
irl,2010,0.03648964315652847
irl,2011,0.013317360542714596
irl,2012,0.050496313720941544
irl,2013,0.01835399866104126
irl,2014,0.01015965174883604
irl,2015,0.0251321941614151
irl,2016,0.02513219602406025
irl,2017,0.0251321941614151
irn,2000,0.05033901333808899
irn,2001,0.03252158686518669
irn,2002,0.032106656581163406
irn,2003,0.0316266305744648
irn,2004,0.03138007968664169
irn,2005,0.0310201533138752
irn,2006,0.030725207179784775
irn,2007,0.030494632199406624
irn,2008,0.03033706545829773
irn,2009,0.03026627190411091
irn,2010,0.030250459909439087
irn,2011,0.030360136181116104
irn,2012,0.030503826215863228
irn,2013,0.029426632449030876
irn,2014,0.027018005028367043
irn,2015,0.02315066009759903
irn,2016,0.02052365243434906
irn,2017,0.018902741372585297
irq,2000,0.034200649708509445
irq,2001,0.03425215184688568
irq,2002,0.03412654623389244
irq,2003,0.03566502779722214
irq,2004,0.03466545417904854
irq,2005,0.03541184216737747
irq,2006,0.03497597575187683
irq,2007,0.03465435653924942
irq,2008,0.034535448998212814
irq,2009,0.033197157084941864
irq,2010,0.03345134109258652
irq,2011,0.03165309131145477
irq,2012,0.0291470754891634
irq,2013,0.02692399173974991
irq,2014,0.025360295549035072
irq,2015,0.02500743418931961
irq,2016,0.02505193091928959
irq,2017,0.02276298776268959
isl,2000,0.0
isl,2001,0.0
isl,2002,0.07954545319080353
isl,2003,0.0833333283662796
isl,2004,0.0833333283662796
isl,2005,0.05000000074505806
isl,2006,0.05263157933950424
isl,2007,0.0555555559694767
isl,2008,0.0
isl,2009,0.0
isl,2010,0.0
isl,2011,0.0
isl,2012,0.0
isl,2013,0.0
isl,2014,0.0
isl,2015,0.0
isl,2016,0.0
isl,2017,0.0
isr,2000,0.0033709793351590633
isr,2001,0.015411775559186935
isr,2002,0.037299614399671555
isr,2003,0.03066033311188221
isr,2004,0.01757320761680603
isr,2005,0.012248442508280277
isr,2006,0.0367511548101902
isr,2007,0.014352629892528057
isr,2008,0.02668236568570137
isr,2009,0.022514143958687782
isr,2010,0.02137061394751072
isr,2011,0.029541317373514175
isr,2012,0.01759413257241249
isr,2013,0.027103962376713753
isr,2014,0.032652705907821655
isr,2015,0.026307255029678345
isr,2016,0.028554057702422142
isr,2017,0.02855405956506729
ita,2000,0.014617625623941422
ita,2001,0.01679888926446438
ita,2002,0.01776762492954731
ita,2003,0.02931753173470497
ita,2004,0.019329840317368507
ita,2005,0.01903519034385681
ita,2006,0.02588866837322712
ita,2007,0.021405817940831184
ita,2008,0.015024262480437756
ita,2009,0.022303635254502296
ita,2010,0.01818186044692993
ita,2011,0.01258636824786663
ita,2012,0.014410888776183128
ita,2013,0.012397181242704391
ita,2014,0.015067786909639835
ita,2015,0.020899781957268715
ita,2016,0.016143333166837692
ita,2017,0.01614333502948284
jam,2000,0.01584640145301819
jam,2001,0.016039086505770683
jam,2002,0.01661510393023491
jam,2003,0.01782454177737236
jam,2004,0.019300268962979317
jam,2005,0.01007544994354248
jam,2006,0.04140125587582588
jam,2007,0.027573198080062866
jam,2008,0.026345405727624893
jam,2009,0.024774419143795967
jam,2010,0.032554756850004196
jam,2011,0.02922891266644001
jam,2012,0.01695803552865982
jam,2013,0.009025153703987598
jam,2014,0.0
jam,2015,0.008834823966026306
jam,2016,0.00874973926693201
jam,2017,0.008743057027459145
jor,2000,0.035060085356235504
jor,2001,0.04334696754813194
jor,2002,0.042985059320926666
jor,2003,0.04195786267518997
jor,2004,0.04082396253943443
jor,2005,0.039903584867715836
jor,2006,0.03890525922179222
jor,2007,0.037929728627204895
jor,2008,0.03681771084666252
jor,2009,0.0357113778591156
jor,2010,0.03459486737847328
jor,2011,0.03350071981549263
jor,2012,0.032430101186037064
jor,2013,0.03141001611948013
jor,2014,0.03042495995759964
jor,2015,0.0294397734105587
jor,2016,0.028501324355602264
jor,2017,0.027845021337270737
jpn,2000,0.01856006309390068
jpn,2001,0.017451388761401176
jpn,2002,0.014594410546123981
jpn,2003,0.01772468350827694
jpn,2004,0.013513613492250443
jpn,2005,0.01592574082314968
jpn,2006,0.012154276482760906
jpn,2007,0.01665765792131424
jpn,2008,0.009593404829502106
jpn,2009,0.013576880097389221
jpn,2010,0.018201295286417007
jpn,2011,0.007103162817656994
jpn,2012,0.006450515706092119
jpn,2013,0.008203293196856976
jpn,2014,0.007025787606835365
jpn,2015,0.00491085322573781
jpn,2016,0.006972681265324354
jpn,2017,0.006972680799663067
kaz,2000,0.03388869762420654
kaz,2001,0.03297698497772217
kaz,2002,0.03216082230210304
kaz,2003,0.03147876262664795
kaz,2004,0.0308445543050766
kaz,2005,0.030403796583414078
kaz,2006,0.02933468669652939
kaz,2007,0.027275050058960915
kaz,2008,0.02414928376674652
kaz,2009,0.020876344293355942
kaz,2010,0.018858687952160835
kaz,2011,0.01811777986586094
kaz,2012,0.014776460826396942
kaz,2013,0.013276317156851292
kaz,2014,0.012831267900764942
kaz,2015,0.01149503979831934
kaz,2016,0.009637818671762943
kaz,2017,0.00933327991515398
ken,2000,0.03783458471298218
ken,2001,0.03592425584793091
ken,2002,0.03318740427494049
ken,2003,0.03177418187260628
ken,2004,0.031067518517374992
ken,2005,0.04786905273795128
ken,2006,0.04836060479283333
ken,2007,0.03228077292442322
ken,2008,0.0330875888466835
ken,2009,0.034088198095560074
ken,2010,0.03431721404194832
ken,2011,0.023885972797870636
ken,2012,0.024275386705994606
ken,2013,0.025828495621681213
ken,2014,0.0255876611918211
ken,2015,0.027387244626879692
ken,2016,0.02753242664039135
ken,2017,0.028987489640712738
kgz,2000,0.04347465932369232
kgz,2001,0.035677310079336166
kgz,2002,0.03443591669201851
kgz,2003,0.03480551764369011
kgz,2004,0.03635044023394585
kgz,2005,0.03213651105761528
kgz,2006,0.04449988529086113
kgz,2007,0.05032801255583763
kgz,2008,0.0337727814912796
kgz,2009,0.030149830505251884
kgz,2010,0.028735963627696037
kgz,2011,0.02470218576490879
kgz,2012,0.015177343972027302
kgz,2013,0.03032866306602955
kgz,2014,0.028310202062129974
kgz,2015,0.034434426575899124
kgz,2016,0.023769542574882507
kgz,2017,0.02885964699089527
khm,2000,0.06101561337709427
khm,2001,0.062033236026763916
khm,2002,0.06291438639163971
khm,2003,0.06219180300831795
khm,2004,0.061856333166360855
khm,2005,0.061175018548965454
khm,2006,0.0599173940718174
khm,2007,0.05957117676734924
khm,2008,0.05508722737431526
khm,2009,0.04961858689785004
khm,2010,0.04548425227403641
khm,2011,0.04093628749251366
khm,2012,0.039006222039461136
khm,2013,0.03849497437477112
khm,2014,0.037725187838077545
khm,2015,0.025912465527653694
khm,2016,0.02150462009012699
khm,2017,0.022146761417388916
kir,2000,0.053291164338588715
kir,2001,0.05335868149995804
kir,2002,0.05339827015995979
kir,2003,0.05279497802257538
kir,2004,0.053051821887493134
kir,2005,0.05373058840632439
kir,2006,0.05230347439646721
kir,2007,0.04909662902355194
kir,2008,0.04341145232319832
kir,2009,0.03924141451716423
kir,2010,0.03673473000526428
kir,2011,0.03642569109797478
kir,2012,0.03679646551609039
kir,2013,0.030612530186772346
kir,2014,0.028764186426997185
kir,2015,0.026158835738897324
kir,2016,0.02545427903532982
kir,2017,0.02239694632589817
kna,2000,0.0
kna,2001,0.0
kna,2002,0.0
kna,2003,0.0
kna,2004,0.0
kna,2005,0.0
kna,2006,0.0
kna,2007,0.0
kna,2008,0.0
kna,2009,0.0
kna,2010,0.0
kna,2011,0.0714285746216774
kna,2012,0.07692307978868484
kna,2013,0.1666666716337204
kna,2014,0.0833333358168602
kna,2015,0.0833333358168602
kna,2016,0.03205128386616707
kna,2017,0.046296294778585434
kor,2000,0.02461346611380577
kor,2001,0.021989639848470688
kor,2002,0.023420436307787895
kor,2003,0.018664048984646797
kor,2004,0.020925793796777725
kor,2005,0.016474619507789612
kor,2006,0.022817078977823257
kor,2007,0.029372960329055786
kor,2008,0.021123241633176804
kor,2009,0.023435629904270172
kor,2010,0.025061434134840965
kor,2011,0.03315720334649086
kor,2012,0.0267223808914423
kor,2013,0.025848140940070152
kor,2014,0.009238803759217262
kor,2015,0.013351979665458202
kor,2016,0.030755596235394478
kor,2017,0.017833799123764038
kwt,2000,0.015707755461335182
kwt,2001,0.029327765107154846
kwt,2002,0.005532793700695038
kwt,2003,0.024216318503022194
kwt,2004,0.015712441876530647
kwt,2005,0.02424292080104351
kwt,2006,0.004891421180218458
kwt,2007,0.009226465597748756
kwt,2008,0.0
kwt,2009,0.012196898460388184
kwt,2010,0.010514097288250923
kwt,2011,0.02429201453924179
kwt,2012,0.01316759642213583
kwt,2013,0.017948303371667862
kwt,2014,0.0
kwt,2015,0.010217025876045227
kwt,2016,0.010217026807367802
kwt,2017,0.010217025876045227
lao,2000,0.05289382487535477
lao,2001,0.054587721824645996
lao,2002,0.05302583798766136
lao,2003,0.048620667308568954
lao,2004,0.04675111919641495
lao,2005,0.048963334411382675
lao,2006,0.05001380294561386
lao,2007,0.04579518362879753
lao,2008,0.05221019685268402
lao,2009,0.048377636820077896
lao,2010,0.042680881917476654
lao,2011,0.03822045773267746
lao,2012,0.0361548513174057
lao,2013,0.03506757318973541
lao,2014,0.023720325902104378
lao,2015,0.02273607812821865
lao,2016,0.0226448941975832
lao,2017,0.021837329491972923
lbn,2000,0.030608439818024635
lbn,2001,0.02921893447637558
lbn,2002,0.028078153729438782
lbn,2003,0.03341866657137871
lbn,2004,0.031646449118852615
lbn,2005,0.029401374980807304
lbn,2006,0.027909839525818825
lbn,2007,0.027066482231020927
lbn,2008,0.026454096660017967
lbn,2009,0.02576468698680401
lbn,2010,0.02502707578241825
lbn,2011,0.02422683872282505
lbn,2012,0.02341553568840027
lbn,2013,0.021446939557790756
lbn,2014,0.021996434777975082
lbn,2015,0.021041512489318848
lbn,2016,0.02021624520421028
lbn,2017,0.019899781793355942
lbr,2000,0.04968423396348953
lbr,2001,0.05001344159245491
lbr,2002,0.05777809023857117
lbr,2003,0.05928623303771019
lbr,2004,0.060463834553956985
lbr,2005,0.0630832388997078
lbr,2006,0.06040269136428833
lbr,2007,0.05639698728919029
lbr,2008,0.05274436995387077
lbr,2009,0.0496736504137516
lbr,2010,0.04309076815843582
lbr,2011,0.04480013996362686
lbr,2012,0.04886927828192711
lbr,2013,0.05032053589820862
lbr,2014,0.04260481894016266
lbr,2015,0.03247465565800667
lbr,2016,0.028563501313328743
lbr,2017,0.03759538382291794
lby,2000,0.034466348588466644
lby,2001,0.033501893281936646
lby,2002,0.032606545835733414
lby,2003,0.031687408685684204
lby,2004,0.030728308483958244
lby,2005,0.02965245023369789
lby,2006,0.02848771959543228
lby,2007,0.034350454807281494
lby,2008,0.033181652426719666
lby,2009,0.0317210853099823
lby,2010,0.03036978654563427
lby,2011,0.023479970172047615
lby,2012,0.027893511578440666
lby,2013,0.0267547145485878
lby,2014,0.025655260309576988
lby,2015,0.024688951671123505
lby,2016,0.023747596889734268
lby,2017,0.023190708830952644
lca,2000,0.021824466064572334
lca,2001,0.015536058694124222
lca,2002,0.025997750461101532
lca,2003,0.01974274031817913
lca,2004,0.02105892263352871
lca,2005,0.0
lca,2006,0.005021723918616772
lca,2007,0.005293168593198061
lca,2008,0.0055956351570785046
lca,2009,0.03553050383925438
lca,2010,0.03660718351602554
lca,2011,0.03775116056203842
lca,2012,0.0
lca,2013,0.0
lca,2014,0.0
lca,2015,0.0
lca,2016,0.0
lca,2017,0.0
lka,2000,0.026173913851380348
lka,2001,0.025465143844485283
lka,2002,0.02471506968140602
lka,2003,0.024094760417938232
lka,2004,0.008830903097987175
lka,2005,0.022622788324952126
lka,2006,0.021815182641148567
lka,2007,0.021009109914302826
lka,2008,0.020188992843031883
lka,2009,0.01948356069624424
lka,2010,0.024137070402503014
lka,2011,0.02327841706573963
lka,2012,0.022320184856653214
lka,2013,0.02144707925617695
lka,2014,0.020601017400622368
lka,2015,0.01982024312019348
lka,2016,0.01914246566593647
lka,2017,0.018660765141248703
lso,2000,0.03285687044262886
lso,2001,0.03256538510322571
lso,2002,0.0323307141661644
lso,2003,0.03236117213964462
lso,2004,0.032634250819683075
lso,2005,0.03262627497315407
lso,2006,0.03276718035340309
lso,2007,0.032305121421813965
lso,2008,0.030275646597146988
lso,2009,0.028249267488718033
lso,2010,0.028517642989754677
lso,2011,0.026883257552981377
lso,2012,0.026926040649414062
lso,2013,0.02714093215763569
lso,2014,0.02709793485701084
lso,2015,0.024881284683942795
lso,2016,0.015040392056107521
lso,2017,0.015146140940487385
ltu,2000,0.041973087936639786
ltu,2001,0.04950660839676857
ltu,2002,0.053573500365018845
ltu,2003,0.07246874272823334
ltu,2004,0.017415346577763557
ltu,2005,0.04637725278735161
ltu,2006,0.052748993039131165
ltu,2007,0.03619804605841637
ltu,2008,0.03381048142910004
ltu,2009,0.02171063795685768
ltu,2010,0.08447880297899246
ltu,2011,0.06026746705174446
ltu,2012,0.06844349950551987
ltu,2013,0.09984441101551056
ltu,2014,0.07536491751670837
ltu,2015,0.046070847660303116
ltu,2016,0.0873417779803276
ltu,2017,0.06190958246588707
lux,2000,0.14265872538089752
lux,2001,0.0978231206536293
lux,2002,0.03928571194410324
lux,2003,0.0
lux,2004,0.0
lux,2005,0.0
lux,2006,0.0
lux,2007,0.0
lux,2008,0.05303030088543892
lux,2009,0.0555555559694767
lux,2010,0.09166666865348816
lux,2011,0.035087719559669495
lux,2012,0.03703703731298447
lux,2013,0.0476190485060215
lux,2014,0.0476190485060215
lux,2015,0.0634920671582222
lux,2016,0.0317460298538208
lux,2017,0.0476190485060215
lva,2000,0.03421952575445175
lva,2001,0.04131091386079788
lva,2002,0.00892344955354929
lva,2003,0.04113500565290451
lva,2004,0.026403706520795822
lva,2005,0.03855994716286659
lva,2006,0.03992128744721413
lva,2007,0.015393080189824104
lva,2008,0.043053966015577316
lva,2009,0.0321243554353714
lva,2010,0.0
lva,2011,0.058466263115406036
lva,2012,0.0
lva,2013,0.03810502588748932
lva,2014,0.0
lva,2015,0.0
lva,2016,0.012590774334967136
lva,2017,0.012590774334967136
mar,2000,0.0706196203827858
mar,2001,0.04616250470280647
mar,2002,0.04575229436159134
mar,2003,0.04516077786684036
mar,2004,0.044882744550704956
mar,2005,0.043008748441934586
mar,2006,0.0394168458878994
mar,2007,0.03377559408545494
mar,2008,0.0295678973197937
mar,2009,0.02739056758582592
mar,2010,0.027030298486351967
mar,2011,0.024818433448672295
mar,2012,0.017751630395650864
mar,2013,0.016478806734085083
mar,2014,0.014896495267748833
mar,2015,0.015034547075629234
mar,2016,0.014629149809479713
mar,2017,0.01447825413197279
mco,2000,0.028793996199965477
mco,2001,0.027600474655628204
mco,2002,0.02643297240138054
mco,2003,0.025580307468771935
mco,2004,0.0247366763651371
mco,2005,0.023901669308543205
mco,2006,0.023089872673153877
mco,2007,0.022300386801362038
mco,2008,0.021549059078097343
mco,2009,0.020825278013944626
mco,2010,0.020111357793211937
mco,2011,0.019405195489525795
mco,2012,0.01870533637702465
mco,2013,0.018011970445513725
mco,2014,0.017335902899503708
mco,2015,
mco,2016,
mco,2017,
mda,2000,0.04820985347032547
mda,2001,0.02153732441365719
mda,2002,0.03605904057621956
mda,2003,0.03582048416137695
mda,2004,0.040061287581920624
mda,2005,0.06300155073404312
mda,2006,0.015797719359397888
mda,2007,0.03062417544424534
mda,2008,0.042755696922540665
mda,2009,0.05884389951825142
mda,2010,0.05132631957530975
mda,2011,0.07912623137235641
mda,2012,0.04292796179652214
mda,2013,0.027188828215003014
mda,2014,0.05664791166782379
mda,2015,0.03685428947210312
mda,2016,0.05232905223965645
mda,2017,0.048610422760248184
mdg,2000,0.06083022430539131
mdg,2001,0.061675265431404114
mdg,2002,0.06272116303443909
mdg,2003,0.06173359975218773
mdg,2004,0.06523628532886505
mdg,2005,0.06886938959360123
mdg,2006,0.06728728860616684
mdg,2007,0.06418405473232269
mdg,2008,0.058958910405635834
mdg,2009,0.05336717888712883
mdg,2010,0.051003243774175644
mdg,2011,0.051429662853479385
mdg,2012,0.049105413258075714
mdg,2013,0.034226685762405396
mdg,2014,0.03686850890517235
mdg,2015,0.0344085656106472
mdg,2016,0.03573054447770119
mdg,2017,0.034847889095544815
mdv,2000,0.027618030086159706
mdv,2001,0.026972230523824692
mdv,2002,0.02164616622030735
mdv,2003,0.024872923269867897
mdv,2004,0.018955251201987267
mdv,2005,0.022410761564970016
mdv,2006,0.021928636357188225
mdv,2007,0.02103753760457039
mdv,2008,0.019764121621847153
mdv,2009,0.018890609964728355
mdv,2010,0.018093494698405266
mdv,2011,0.01729787141084671
mdv,2012,0.016540061682462692
mdv,2013,0.019740242511034012
mdv,2014,0.018759965896606445
mdv,2015,0.017964862287044525
mdv,2016,0.017118889838457108
mdv,2017,0.01675247959792614
mex,2000,0.02580229751765728
mex,2001,0.02116551250219345
mex,2002,0.020007848739624023
mex,2003,0.02156130038201809
mex,2004,0.02142728492617607
mex,2005,0.01883690245449543
mex,2006,0.02103610709309578
mex,2007,0.02009423077106476
mex,2008,0.019293176010251045
mex,2009,0.015171322971582413
mex,2010,0.01854480430483818
mex,2011,0.018509479239583015
mex,2012,0.015657415613532066
mex,2013,0.015728894621133804
mex,2014,0.015966203063726425
mex,2015,0.015040775761008263
mex,2016,0.012980317696928978
mex,2017,0.014662164263427258
mhl,2000,0.04085996374487877
mhl,2001,0.03753767907619476
mhl,2002,0.03522559627890587
mhl,2003,0.0329422801733017
mhl,2004,0.03536999598145485
mhl,2005,0.03521600365638733
mhl,2006,0.03437361866235733
mhl,2007,0.03235773742198944
mhl,2008,0.03083726391196251
mhl,2009,0.024534106254577637
mhl,2010,0.028152253478765488
mhl,2011,0.027665462344884872
mhl,2012,0.02764333412051201
mhl,2013,0.029358569532632828
mhl,2014,0.030819464474916458
mhl,2015,0.024317653849720955
mhl,2016,0.02606801502406597
mhl,2017,0.025157224386930466
mkd,2000,0.020545868203043938
mkd,2001,0.04492298141121864
mkd,2002,0.04665304347872734
mkd,2003,0.04553317651152611
mkd,2004,0.05176463723182678
mkd,2005,0.019792428240180016
mkd,2006,0.034838709980249405
mkd,2007,0.1237599104642868
mkd,2008,0.05468301847577095
mkd,2009,0.054819509387016296
mkd,2010,0.11598575860261917
mkd,2011,0.07625021040439606
mkd,2012,0.023545706644654274
mkd,2013,0.0
mkd,2014,0.03258315846323967
mkd,2015,0.03258315473794937
mkd,2016,0.03258315846323967
mkd,2017,0.03258315473794937
mli,2000,0.04276944696903229
mli,2001,0.04044828936457634
mli,2002,0.04389708861708641
mli,2003,0.0657869428396225
mli,2004,0.06502946466207504
mli,2005,0.06498106569051743
mli,2006,0.06293975561857224
mli,2007,0.03947196528315544
mli,2008,0.057454563677310944
mli,2009,0.03489983454346657
mli,2010,0.03467227891087532
mli,2011,0.028550827875733376
mli,2012,0.04318341985344887
mli,2013,0.028229866176843643
mli,2014,0.029320772737264633
mli,2015,0.030611393973231316
mli,2016,0.03300473839044571
mli,2017,0.0340791717171669
mlt,2000,0.1547618955373764
mlt,2001,0.1061224564909935
mlt,2002,0.0
mlt,2003,0.0
mlt,2004,0.03448275849223137
mlt,2005,0.0357142873108387
mlt,2006,0.03846153989434242
mlt,2007,0.0
mlt,2008,0.0476190447807312
mlt,2009,0.05817285180091858
mlt,2010,0.1692839413881302
mlt,2011,0.11679832637310028
mlt,2012,0.10256410390138626
mlt,2013,0.0
mlt,2014,0.022857142612338066
mlt,2015,0.0317460335791111
mlt,2016,0.0396825410425663
mlt,2017,0.02380952425301075
mmr,2000,0.06130117550492287
mmr,2001,0.05667813494801521
mmr,2002,0.05713293328881264
mmr,2003,0.056308090686798096
mmr,2004,0.05441678687930107
mmr,2005,0.05394942685961723
mmr,2006,0.05236781761050224
mmr,2007,0.050569742918014526
mmr,2008,0.03435938060283661
mmr,2009,0.05093930661678314
mmr,2010,0.049958400428295135
mmr,2011,0.047924190759658813
mmr,2012,0.043497368693351746
mmr,2013,0.039616331458091736
mmr,2014,0.036178577691316605
mmr,2015,0.0339796356856823
mmr,2016,0.0332748219370842
mmr,2017,0.02085484005510807
mne,2000,0.03830781579017639
mne,2001,0.038151759654283524
mne,2002,0.037726182490587234
mne,2003,0.036952193826436996
mne,2004,0.05605408176779747
mne,2005,0.046446047723293304
mne,2006,0.036787040531635284
mne,2007,0.02670278586447239
mne,2008,0.029411764815449715
mne,2009,0.04159849137067795
mne,2010,0.019086617976427078
mne,2011,0.030538590624928474
mne,2012,0.030538588762283325
mne,2013,0.030538590624928474
mne,2014,0.030538590624928474
mne,2015,0.030538590624928474
mne,2016,0.030538586899638176
mne,2017,0.030538592487573624
mng,2000,0.04443734139204025
mng,2001,0.04397699609398842
mng,2002,0.0440041720867157
mng,2003,0.04303054139018059
mng,2004,0.04090176895260811
mng,2005,0.03738565742969513
mng,2006,0.033204998821020126
mng,2007,0.029312221333384514
mng,2008,0.026524173095822334
mng,2009,0.024998828768730164
mng,2010,0.024089660495519638
mng,2011,0.023449990898370743
mng,2012,0.022790860384702682
mng,2013,0.02229900285601616
mng,2014,0.021920379251241684
mng,2015,0.020801104605197906
mng,2016,0.02019142173230648
mng,2017,0.020138075575232506
moz,2000,0.03894726559519768
moz,2001,0.0380566380918026
moz,2002,0.03776618465781212
moz,2003,0.037553030997514725
moz,2004,0.038336824625730515
moz,2005,0.03857416287064552
moz,2006,0.04371348395943642
moz,2007,0.04376108944416046
moz,2008,0.04201332479715347
moz,2009,0.038229379802942276
moz,2010,0.033865947276353836
moz,2011,0.03235189616680145
moz,2012,0.03257640078663826
moz,2013,0.02691950462758541
moz,2014,0.02341635897755623
moz,2015,0.023183485493063927
moz,2016,0.02329432964324951
moz,2017,0.023612130433321
mrt,2000,0.04382855445146561
mrt,2001,0.03915970399975777
mrt,2002,0.043424494564533234
mrt,2003,0.04368886724114418
mrt,2004,0.04153010621666908
mrt,2005,0.048512689769268036
mrt,2006,0.04756079986691475
mrt,2007,0.04614540934562683
mrt,2008,0.0440685898065567
mrt,2009,0.03986886888742447
mrt,2010,0.0339195542037487
mrt,2011,0.0350465252995491
mrt,2012,0.036920830607414246
mrt,2013,0.03614719957113266
mrt,2014,0.02749689854681492
mrt,2015,0.028888197615742683
mrt,2016,0.02833450213074684
mrt,2017,0.02718658559024334
mus,2000,0.044727880507707596
mus,2001,0.05131184309720993
mus,2002,0.019889507442712784
mus,2003,0.029956642538309097
mus,2004,0.03358500823378563
mus,2005,0.0328490287065506
mus,2006,0.0792916789650917
mus,2007,0.012322316877543926
mus,2008,0.04023180156946182
mus,2009,0.037518732249736786
mus,2010,0.03841648995876312
mus,2011,0.02747754380106926
mus,2012,0.0
mus,2013,0.01790849305689335
mus,2014,0.09057217836380005
mus,2015,0.024606037884950638
mus,2016,0.019941728562116623
mus,2017,0.03763827681541443
mwi,2000,0.03310132026672363
mwi,2001,0.03118908405303955
mwi,2002,0.02860136330127716
mwi,2003,0.027103140950202942
mwi,2004,0.026783674955368042
mwi,2005,0.027864428237080574
mwi,2006,0.029670752584934235
mwi,2007,0.03055129013955593
mwi,2008,0.031416211277246475
mwi,2009,0.03213009238243103
mwi,2010,0.030845653265714645
mwi,2011,0.032436005771160126
mwi,2012,0.017054827883839607
mwi,2013,0.02011241763830185
mwi,2014,0.021704375743865967
mwi,2015,0.022175760939717293
mwi,2016,0.02358323521912098
mwi,2017,0.02279677242040634
mys,2000,0.028674643486738205
mys,2001,0.027094652876257896
mys,2002,0.025909174233675003
mys,2003,0.024936696514487267
mys,2004,0.029892943799495697
mys,2005,0.028965013101696968
mys,2006,0.028377747163176537
mys,2007,0.027915051206946373
mys,2008,0.027669277042150497
mys,2009,0.027393752709031105
mys,2010,0.02703659050166607
mys,2011,0.026494216173887253
mys,2012,0.026053613051772118
mys,2013,0.025553489103913307
mys,2014,0.02518870308995247
mys,2015,0.02481488138437271
mys,2016,0.024391956627368927
mys,2017,0.02381082996726036
nam,2000,0.020982949063181877
nam,2001,0.020047970116138458
nam,2002,0.02009008638560772
nam,2003,0.020099053159356117
nam,2004,0.019824393093585968
nam,2005,0.022031623870134354
nam,2006,0.023939862847328186
nam,2007,0.027325769886374474
nam,2008,0.029004674404859543
nam,2009,0.027399394661188126
nam,2010,0.025756895542144775
nam,2011,0.02362087555229664
nam,2012,0.021639665588736534
nam,2013,0.022125540301203728
nam,2014,0.021921105682849884
nam,2015,0.01457622367888689
nam,2016,0.014525283128023148
nam,2017,0.015862705186009407
ner,2000,0.08788897097110748
ner,2001,0.07916666567325592
ner,2002,0.08568941056728363
ner,2003,0.08120138943195343
ner,2004,0.07935652136802673
ner,2005,0.0955776497721672
ner,2006,0.09560120105743408
ner,2007,0.06150931119918823
ner,2008,0.08689714223146439
ner,2009,0.07889176905155182
ner,2010,0.047730911523103714
ner,2011,0.045283541083335876
ner,2012,0.0447361059486866
ner,2013,0.0452444814145565
ner,2014,0.0438946932554245
ner,2015,0.057424481958150864
ner,2016,0.035087790340185165
ner,2017,0.03468943014740944
nga,2000,0.027998056262731552
nga,2001,0.02902926690876484
nga,2002,0.031481146812438965
nga,2003,0.04139869660139084
nga,2004,0.04606768116354942
nga,2005,0.041275184601545334
nga,2006,0.031207265332341194
nga,2007,0.031831830739974976
nga,2008,0.049424294382333755
nga,2009,0.05166766420006752
nga,2010,0.03373081609606743
nga,2011,0.033294420689344406
nga,2012,0.05142303556203842
nga,2013,0.0472768098115921
nga,2014,0.03270835801959038
nga,2015,0.04486082121729851
nga,2016,0.0299309641122818
nga,2017,0.0464952290058136
nic,2000,0.025438137352466583
nic,2001,0.025708194822072983
nic,2002,0.02557416819036007
nic,2003,0.025415677577257156
nic,2004,0.02522193267941475
nic,2005,0.02546689659357071
nic,2006,0.025750771164894104
nic,2007,0.02603309601545334
nic,2008,0.02605704963207245
nic,2009,0.025912920013070107
nic,2010,0.025581466034054756
nic,2011,0.0252506323158741
nic,2012,0.024889716878533363
nic,2013,0.024639634415507317
nic,2014,0.024298114702105522
nic,2015,0.018269319087266922
nic,2016,0.02316886931657791
nic,2017,0.03275028616189957
niu,2000,0.042658716440200806
niu,2001,0.042545247822999954
niu,2002,0.0424656979739666
niu,2003,0.0420263297855854
niu,2004,0.04147586598992348
niu,2005,0.040776327252388
niu,2006,0.04030313342809677
niu,2007,0.0396578386425972
niu,2008,0.03893893584609032
niu,2009,0.03804194554686546
niu,2010,0.03707698732614517
niu,2011,0.03609536588191986
niu,2012,0.035134561359882355
niu,2013,0.03430042788386345
niu,2014,0.03335205838084221
niu,2015,0.032397057861089706
niu,2016,0.03141260892152786
niu,2017,0.02325667440891266
nld,2000,0.07351552695035934
nld,2001,0.07592511922121048
nld,2002,0.07639801502227783
nld,2003,0.06863401085138321
nld,2004,0.027420831844210625
nld,2005,0.055279672145843506
nld,2006,0.025877123698592186
nld,2007,0.04065356031060219
nld,2008,0.030931303277611732
nld,2009,0.04215257614850998
nld,2010,0.05091891065239906
nld,2011,0.04573802649974823
nld,2012,0.027631040662527084
nld,2013,0.005087502766400576
nld,2014,0.03828037530183792
nld,2015,0.01054929755628109
nld,2016,0.03614442050457001
nld,2017,0.02822975628077984
nor,2000,0.10886632651090622
nor,2001,0.0
nor,2002,0.021235493943095207
nor,2003,0.04970436915755272
nor,2004,0.025256147608160973
nor,2005,0.0
nor,2006,0.05281060189008713
nor,2007,0.04158362001180649
nor,2008,0.0
nor,2009,0.051796119660139084
nor,2010,0.015940017998218536
nor,2011,0.05055054649710655
nor,2012,0.018159013241529465
nor,2013,0.019707994535565376
nor,2014,0.021386288106441498
nor,2015,0.0
nor,2016,0.06083736941218376
nor,2017,0.02440701425075531
npl,2000,0.05719338357448578
npl,2001,0.05514246225357056
npl,2002,0.056896451860666275
npl,2003,0.0520741306245327
npl,2004,0.050509728491306305
npl,2005,0.061904069036245346
npl,2006,0.06512003391981125
npl,2007,0.06426870822906494
npl,2008,0.06286430358886719
npl,2009,0.06275928765535355
npl,2010,0.05739615485072136
npl,2011,0.04871750995516777
npl,2012,0.04185717925429344
npl,2013,0.04262223467230797
npl,2014,0.04221875220537186
npl,2015,0.04113844409584999
npl,2016,0.03407864645123482
npl,2017,0.028085432946681976
nru,2000,0.03427336737513542
nru,2001,0.034839317202568054
nru,2002,0.03551720455288887
nru,2003,0.03666410222649574
nru,2004,0.03839616850018501
nru,2005,0.040242262184619904
nru,2006,0.04180723801255226
nru,2007,0.04072936624288559
nru,2008,0.03678241744637489
nru,2009,0.03116363100707531
nru,2010,0.02753838524222374
nru,2011,0.026029765605926514
nru,2012,0.026532389223575592
nru,2013,0.02641955390572548
nru,2014,0.025960341095924377
nru,2015,0.02562316507101059
nru,2016,0.025495583191514015
nru,2017,0.025712747126817703
nzl,2000,0.07852258533239365
nzl,2001,0.10174786299467087
nzl,2002,0.07707797735929489
nzl,2003,0.05359504371881485
nzl,2004,0.05811529979109764
nzl,2005,0.06659440696239471
nzl,2006,0.013613861054182053
nzl,2007,0.03651377558708191
nzl,2008,0.05000423640012741
nzl,2009,0.015717601403594017
nzl,2010,0.035945385694503784
nzl,2011,0.06179383024573326
nzl,2012,0.024271229282021523
nzl,2013,0.026082780212163925
nzl,2014,0.03775613754987717
nzl,2015,0.03775613382458687
nzl,2016,0.03775613382458687
nzl,2017,0.03775613382458687
omn,2000,0.027730273082852364
omn,2001,0.026679549366235733
omn,2002,0.03306914493441582
omn,2003,0.0317801833152771
omn,2004,0.03066517598927021
omn,2005,0.02971629425883293
omn,2006,0.029005026444792747
omn,2007,0.02826089598238468
omn,2008,0.027565287426114082
omn,2009,0.02698434144258499
omn,2010,0.026495791971683502
omn,2011,0.025826362892985344
omn,2012,0.025261657312512398
omn,2013,0.024670489132404327
omn,2014,0.023967988789081573
omn,2015,0.023379115387797356
omn,2016,0.022651564329862595
omn,2017,0.022184547036886215
pak,2000,0.05116277188062668
pak,2001,0.050913255661726
pak,2002,0.050700705498456955
pak,2003,0.050255101174116135
pak,2004,0.05027123913168907
pak,2005,0.050020646303892136
pak,2006,0.049419671297073364
pak,2007,0.048441171646118164
pak,2008,0.04689092934131622
pak,2009,0.04383113235235214
pak,2010,0.040515024214982986
pak,2011,0.03857852518558502
pak,2012,0.03761950507760048
pak,2013,0.028698263689875603
pak,2014,0.02846076898276806
pak,2015,0.02750605344772339
pak,2016,0.026456283405423164
pak,2017,0.025855423882603645
pan,2000,0.034638166427612305
pan,2001,0.03325656056404114
pan,2002,0.03049517795443535
pan,2003,0.015077179297804832
pan,2004,0.03157997503876686
pan,2005,0.021816445514559746
pan,2006,0.024871760979294777
pan,2007,0.024771399796009064
pan,2008,0.016115836799144745
pan,2009,0.03436068445444107
pan,2010,0.03199062868952751
pan,2011,0.034082554280757904
pan,2012,0.022410275414586067
pan,2013,0.026763195171952248
pan,2014,0.021800315007567406
pan,2015,0.018395010381937027
pan,2016,0.016718346625566483
pan,2017,0.018976807594299316
per,2000,0.0375133715569973
per,2001,0.03636828437447548
per,2002,0.03539916127920151
per,2003,0.033941783010959625
per,2004,0.033440619707107544
per,2005,0.03236834332346916
per,2006,0.03224165737628937
per,2007,0.03203681856393814
per,2008,0.03163040429353714
per,2009,0.030889902263879776
per,2010,0.03021221049129963
per,2011,0.02934720180928707
per,2012,0.02842610888183117
per,2013,0.027386900037527084
per,2014,0.026445534080266953
per,2015,0.0255302581936121
per,2016,0.02458650805056095
per,2017,0.023860430344939232
phl,2000,0.046541113406419754
phl,2001,0.04624110087752342
phl,2002,0.045928362756967545
phl,2003,0.04552919790148735
phl,2004,0.04554061219096184
phl,2005,0.06996840238571167
phl,2006,0.045636821538209915
phl,2007,0.04524509981274605
phl,2008,0.044949010014534
phl,2009,0.04415659233927727
phl,2010,0.042877450585365295
phl,2011,0.040345657616853714
phl,2012,0.03747735545039177
phl,2013,0.034044232219457626
phl,2014,0.030767863616347313
phl,2015,0.028562083840370178
phl,2016,0.025703126564621925
phl,2017,0.021936455741524696
plw,2000,0.053341496735811234
plw,2001,0.051864154636859894
plw,2002,0.05038463696837425
plw,2003,0.048941753804683685
plw,2004,0.04754972085356712
plw,2005,0.04603823274374008
plw,2006,0.044495973736047745
plw,2007,0.04252485930919647
plw,2008,0.04018314182758331
plw,2009,0.0369064137339592
plw,2010,0.036360371857881546
plw,2011,0.03640936315059662
plw,2012,0.03619483485817909
plw,2013,0.0354713499546051
plw,2014,0.03435125946998596
plw,2015,0.03315327316522598
plw,2016,0.03210487589240074
plw,2017,0.03137652203440666
png,2000,0.03604763746261597
png,2001,0.03747675567865372
png,2002,0.03782002255320549
png,2003,0.039848655462265015
png,2004,0.037734899669885635
png,2005,0.04329993948340416
png,2006,0.04334403946995735
png,2007,0.04359608143568039
png,2008,0.04140836000442505
png,2009,0.03237815946340561
png,2010,0.034893739968538284
png,2011,0.03394322842359543
png,2012,0.030683530494570732
png,2013,0.025670869275927544
png,2014,0.02619858644902706
png,2015,0.030091706663370132
png,2016,0.026939989998936653
png,2017,0.024421067908406258
pol,2000,0.028965678066015244
pol,2001,0.028084322810173035
pol,2002,0.021701831370592117
pol,2003,0.02464994415640831
pol,2004,0.021124515682458878
pol,2005,0.020716022700071335
pol,2006,0.029173584654927254
pol,2007,0.02086198888719082
pol,2008,0.02431555464863777
pol,2009,0.022737471386790276
pol,2010,0.0215427428483963
pol,2011,0.02101648412644863
pol,2012,0.019893767312169075
pol,2013,0.01915254071354866
pol,2014,0.016027256846427917
pol,2015,0.018839456140995026
pol,2016,0.018002739176154137
pol,2017,0.018002739176154137
prk,2000,0.06196126714348793
prk,2001,0.06316953897476196
prk,2002,0.06406564265489578
prk,2003,0.06453423947095871
prk,2004,0.06475964933633804
prk,2005,0.0650119036436081
prk,2006,0.0653512105345726
prk,2007,0.06575066596269608
prk,2008,0.06617004424333572
prk,2009,0.06646711379289627
prk,2010,0.06585340946912766
prk,2011,0.06277624517679214
prk,2012,0.05695640295743942
prk,2013,0.04983639717102051
prk,2014,0.04506215825676918
prk,2015,0.042900290340185165
prk,2016,0.042736947536468506
prk,2017,0.04261837899684906
prt,2000,0.08390036225318909
prt,2001,0.02523435652256012
prt,2002,0.08154590427875519
prt,2003,0.0626445859670639
prt,2004,0.05189501494169235
prt,2005,0.0411454476416111
prt,2006,0.030395878478884697
prt,2007,0.019646311178803444
prt,2008,0.011969361454248428
prt,2009,0.012971064075827599
prt,2010,0.03278835490345955
prt,2011,0.02358904480934143
prt,2012,0.007834205403923988
prt,2013,0.02306235022842884
prt,2014,0.028380628675222397
prt,2015,0.015931641682982445
prt,2016,0.023661751300096512
prt,2017,0.023661751300096512
pry,2000,0.026607975363731384
pry,2001,0.026515932753682137
pry,2002,0.026250014081597328
pry,2003,0.03306035324931145
pry,2004,0.033197883516550064
pry,2005,0.033117182552814484
pry,2006,0.03276004269719124
pry,2007,0.03184790164232254
pry,2008,0.030724091455340385
pry,2009,0.029771242290735245
pry,2010,0.029223425313830376
pry,2011,0.028691135346889496
pry,2012,0.02817547507584095
pry,2013,0.02748907543718815
pry,2014,0.026627380400896072
pry,2015,0.025656575337052345
pry,2016,0.024764543399214745
pry,2017,0.024144206196069717
qat,2000,0.03398772329092026
qat,2001,0.032833341509103775
qat,2002,0.031747207045555115
qat,2003,0.030547775328159332
qat,2004,0.02947891689836979
qat,2005,0.028588347136974335
qat,2006,0.02758120186626911
qat,2007,0.02668071910738945
qat,2008,0.02571910247206688
qat,2009,0.024828637018799782
qat,2010,0.023951876908540726
qat,2011,0.02323506399989128
qat,2012,0.022577565163373947
qat,2013,0.02199852466583252
qat,2014,0.021418146789073944
qat,2015,0.020936276763677597
qat,2016,0.02033933810889721
qat,2017,0.0198481734842062
rou,2000,0.0431445874273777
rou,2001,0.04524536058306694
rou,2002,0.05288298800587654
rou,2003,0.03919186815619469
rou,2004,0.03285927698016167
rou,2005,0.03388518467545509
rou,2006,0.034507546573877335
rou,2007,0.03565674275159836
rou,2008,0.02530713565647602
rou,2009,0.024328676983714104
rou,2010,0.030146900564432144
rou,2011,0.031670451164245605
rou,2012,0.018084004521369934
rou,2013,0.019005483016371727
rou,2014,0.01371754053980112
rou,2015,0.020330505445599556
rou,2016,0.012540620751678944
rou,2017,0.015533351339399815
rus,2000,0.044034555554389954
rus,2001,0.04227588325738907
rus,2002,0.0402800478041172
rus,2003,0.03809487074613571
rus,2004,0.03626994043588638
rus,2005,0.034417055547237396
rus,2006,0.03264220803976059
rus,2007,0.030959539115428925
rus,2008,0.029461944475769997
rus,2009,0.028151659294962883
rus,2010,0.026837559416890144
rus,2011,0.025595832616090775
rus,2012,0.02433689869940281
rus,2013,0.02322567254304886
rus,2014,0.022303562611341476
rus,2015,0.0213968213647604
rus,2016,0.020370736718177795
rus,2017,0.019632840529084206
rwa,2000,0.09355282783508301
rwa,2001,0.05743905529379845
rwa,2002,0.07460709661245346
rwa,2003,0.04462925344705582
rwa,2004,0.04238707572221756
rwa,2005,0.04180898517370224
rwa,2006,0.04113086313009262
rwa,2007,0.04063815250992775
rwa,2008,0.04009927436709404
rwa,2009,0.039701588451862335
rwa,2010,0.02736770361661911
rwa,2011,0.023569412529468536
rwa,2012,0.019374419003725052
rwa,2013,0.01921159401535988
rwa,2014,0.019180474802851677
rwa,2015,0.018965328112244606
rwa,2016,0.01873006485402584
rwa,2017,0.018516745418310165
sau,2000,0.033150605857372284
sau,2001,0.032048266381025314
sau,2002,0.03896009549498558
sau,2003,0.0376950278878212
sau,2004,0.03659297153353691
sau,2005,0.03558984771370888
sau,2006,0.03468558192253113
sau,2007,0.03372180089354515
sau,2008,0.03276452794671059
sau,2009,0.03172836825251579
sau,2010,0.03078886866569519
sau,2011,0.029760364443063736
sau,2012,0.028714226558804512
sau,2013,0.027685074135661125
sau,2014,0.026709532365202904
sau,2015,0.025687074288725853
sau,2016,0.02474535070359707
sau,2017,0.02411549910902977
sdn,2000,0.080408476293087
sdn,2001,0.05203690752387047
sdn,2002,0.051499634981155396
sdn,2003,0.05130189657211304
sdn,2004,0.05377091094851494
sdn,2005,0.08230768889188766
sdn,2006,0.08059178292751312
sdn,2007,0.07620950788259506
sdn,2008,0.04593154415488243
sdn,2009,0.042574744671583176
sdn,2010,0.04004476219415665
sdn,2011,0.03868759796023369
sdn,2012,0.05669420585036278
sdn,2013,0.03257199376821518
sdn,2014,0.024239690974354744
sdn,2015,0.024151206016540527
sdn,2016,0.023563409224152565
sdn,2017,0.02370963990688324
sen,2000,0.06901966035366058
sen,2001,0.04032314941287041
sen,2002,0.033906981348991394
sen,2003,0.047049518674612045
sen,2004,0.05096246674656868
sen,2005,0.04750653728842735
sen,2006,0.04302164912223816
sen,2007,0.04043875262141228
sen,2008,0.0390714667737484
sen,2009,0.038398612290620804
sen,2010,0.03864959999918938
sen,2011,0.03923926502466202
sen,2012,0.039330270141363144
sen,2013,0.03953623026609421
sen,2014,0.02845664508640766
sen,2015,0.02769068442285061
sen,2016,0.027031758800148964
sen,2017,0.02727271057665348
sgp,2000,0.05548639968037605
sgp,2001,0.02494802512228489
sgp,2002,0.03999470919370651
sgp,2003,0.0
sgp,2004,0.01595470868051052
sgp,2005,0.01921667344868183
sgp,2006,0.0
sgp,2007,0.019547324627637863
sgp,2008,0.020491166040301323
sgp,2009,0.03563237935304642
sgp,2010,0.0
sgp,2011,0.024417968466877937
sgp,2012,0.0
sgp,2013,0.0
sgp,2014,0.0
sgp,2015,0.02510010451078415
sgp,2016,0.0
sgp,2017,0.008055475540459156
slb,2000,0.0572025291621685
slb,2001,0.056835100054740906
slb,2002,0.05792621895670891
slb,2003,0.06064150854945183
slb,2004,0.058373041450977325
slb,2005,0.059792473912239075
slb,2006,0.057997290045022964
slb,2007,0.05643383786082268
slb,2008,0.04959995672106743
slb,2009,0.04406192526221275
slb,2010,0.040162958204746246
slb,2011,0.04011652246117592
slb,2012,0.040168359875679016
slb,2013,0.03978144749999046
slb,2014,0.040679510682821274
slb,2015,0.03253614529967308
slb,2016,0.020225713029503822
slb,2017,0.020697886124253273
sle,2000,0.039411164820194244
sle,2001,0.03907354921102524
sle,2002,0.038379792124032974
sle,2003,0.03766646236181259
sle,2004,0.04170848801732063
sle,2005,0.038801409304142
sle,2006,0.034707389771938324
sle,2007,0.02964409440755844
sle,2008,0.025764785706996918
sle,2009,0.023803379386663437
sle,2010,0.024134023115038872
sle,2011,0.016095740720629692
sle,2012,0.014966076239943504
sle,2013,0.016202205792069435
sle,2014,0.01896228827536106
sle,2015,0.019164396449923515
sle,2016,0.01971404440701008
sle,2017,0.01823071390390396
slv,2000,0.02867516502737999
slv,2001,0.027485316619277
slv,2002,0.03405541926622391
slv,2003,0.033564936369657516
slv,2004,0.03305446729063988
slv,2005,0.03264157846570015
slv,2006,0.03208950534462929
slv,2007,0.03127920255064964
slv,2008,0.030158165842294693
slv,2009,0.028754951432347298
slv,2010,0.027493154630064964
slv,2011,0.026537252590060234
slv,2012,0.02600698545575142
slv,2013,0.025272991508245468
slv,2014,0.024191681295633316
slv,2015,0.02323622815310955
slv,2016,0.022376205772161484
slv,2017,0.021458815783262253
smr,2000,0.0
smr,2001,
smr,2002,
smr,2003,
smr,2004,
smr,2005,
smr,2006,
smr,2007,
smr,2008,0.0
smr,2009,0.0
smr,2010,0.0
smr,2011,0.0
smr,2012,0.0
smr,2013,0.0
smr,2014,0.0
smr,2015,0.0
smr,2016,0.0
smr,2017,0.0
som,2000,0.05971628800034523
som,2001,0.09216947853565216
som,2002,0.0871587023139
som,2003,0.0515143983066082
som,2004,0.05646784231066704
som,2005,0.06266813725233078
som,2006,0.07531832158565521
som,2007,0.07391931116580963
som,2008,0.07541310787200928
som,2009,0.07595176994800568
som,2010,0.07883841544389725
som,2011,0.05399337038397789
som,2012,0.05998813360929489
som,2013,0.06266853213310242
som,2014,0.04488329961895943
som,2015,0.0476544126868248
som,2016,0.05104728788137436
som,2017,0.05556303262710571
srb,2000,0.03710057586431503
srb,2001,0.033260416239500046
srb,2002,0.020607290789484978
srb,2003,0.03767070919275284
srb,2004,0.036231931298971176
srb,2005,0.057325322180986404
srb,2006,0.0334036722779274
srb,2007,0.04126011207699776
srb,2008,0.012831857427954674
srb,2009,0.03556913137435913
srb,2010,0.011884585954248905
srb,2011,0.03164931759238243
srb,2012,0.0074510048143565655
srb,2013,0.015789272263646126
srb,2014,0.017234785482287407
srb,2015,0.06965211778879166
srb,2016,0.03422539681196213
srb,2017,0.03422539308667183
ssd,2000,0.06695830821990967
ssd,2001,0.04343082383275032
ssd,2002,0.04324323311448097
ssd,2003,0.04328622668981552
ssd,2004,0.044764358550310135
ssd,2005,0.06914959102869034
ssd,2006,0.06938866525888443
ssd,2007,0.06973127275705338
ssd,2008,0.04642392694950104
ssd,2009,0.04733669385313988
ssd,2010,0.048594214022159576
ssd,2011,0.0499393604695797
ssd,2012,0.07710164785385132
ssd,2013,0.07758750766515732
ssd,2014,0.05280609801411629
ssd,2015,0.05142830312252045
ssd,2016,0.05025191605091095
ssd,2017,0.05071614310145378
stp,2000,0.03717272728681564
stp,2001,0.035994380712509155
stp,2002,0.033591561019420624
stp,2003,0.03206067159771919
stp,2004,0.030374811962246895
stp,2005,0.03809149190783501
stp,2006,0.046758417040109634
stp,2007,0.047878194600343704
stp,2008,0.050223249942064285
stp,2009,0.04411905258893967
stp,2010,0.03809504583477974
stp,2011,0.032230205833911896
stp,2012,0.030178595334291458
stp,2013,0.01650363951921463
stp,2014,0.017114466056227684
stp,2015,0.016888180747628212
stp,2016,0.0169583261013031
stp,2017,0.018660392612218857
sur,2000,0.04667089506983757
sur,2001,0.03747399151325226
sur,2002,0.09163457900285721
sur,2003,0.02303868532180786
sur,2004,0.04376678913831711
sur,2005,0.011900045908987522
sur,2006,0.05619272589683533
sur,2007,0.014621124602854252
sur,2008,0.04290800541639328
sur,2009,0.0494425930082798
sur,2010,0.08565074950456619
sur,2011,0.04520267993211746
sur,2012,0.0
sur,2013,0.0
sur,2014,0.09532143920660019
sur,2015,0.031552642583847046
sur,2016,0.031552642583847046
sur,2017,0.03155263885855675
svk,2000,0.03767920285463333
svk,2001,0.06200263649225235
svk,2002,0.02454463578760624
svk,2003,0.03915911912918091
svk,2004,0.022850586101412773
svk,2005,0.026453470811247826
svk,2006,0.024784334003925323
svk,2007,0.015905844047665596
svk,2008,0.04780232906341553
svk,2009,0.029813148081302643
svk,2010,0.026041943579912186
svk,2011,0.025559108704328537
svk,2012,0.035253215581178665
svk,2013,0.006116642616689205
svk,2014,0.02976982668042183
svk,2015,0.023713229224085808
svk,2016,0.023713229224085808
svk,2017,0.023713229224085808
svn,2000,0.0
svn,2001,0.0
svn,2002,0.0714285746216774
svn,2003,0.0
svn,2004,0.0
svn,2005,0.028947368264198303
svn,2006,0.0
svn,2007,0.0
svn,2008,0.0
svn,2009,0.0
svn,2010,0.0
svn,2011,0.02905982919037342
svn,2012,0.0476190485060215
svn,2013,0.0
svn,2014,0.0
svn,2015,0.0
svn,2016,0.0
svn,2017,0.0
swe,2000,0.026639344170689583
swe,2001,0.02351253293454647
swe,2002,0.040041279047727585
swe,2003,0.030875861644744873
swe,2004,0.02382580004632473
swe,2005,0.02799687162041664
swe,2006,0.0208915863186121
swe,2007,0.043785639107227325
swe,2008,0.009016744792461395
swe,2009,0.00648648664355278
swe,2010,0.024595284834504128
swe,2011,0.0
swe,2012,0.016387194395065308
swe,2013,0.0076486761681735516
swe,2014,0.009545199573040009
swe,2015,0.009923785924911499
swe,2016,0.014772745780646801
swe,2017,0.011493295431137085
swz,2000,0.025144005194306374
swz,2001,0.02482667937874794
swz,2002,0.02471122331917286
swz,2003,0.024524865671992302
swz,2004,0.02432316169142723
swz,2005,0.024043463170528412
swz,2006,0.025036105886101723
swz,2007,0.02438567765057087
swz,2008,0.022202206775546074
swz,2009,0.019348522648215294
swz,2010,0.017807014286518097
swz,2011,0.017802560701966286
swz,2012,0.019435331225395203
swz,2013,0.019458912312984467
swz,2014,0.01330956257879734
swz,2015,0.011742020025849342
swz,2016,0.01186830922961235
swz,2017,0.012378050945699215
syc,2000,0.02609047293663025
syc,2001,0.025488760322332382
syc,2002,0.025002308189868927
syc,2003,0.0245217215269804
syc,2004,0.024035219103097916
syc,2005,0.023466646671295166
syc,2006,0.022908585146069527
syc,2007,0.02242269180715084
syc,2008,0.021900681778788567
syc,2009,0.021460698917508125
syc,2010,0.02688119001686573
syc,2011,0.02638467401266098
syc,2012,0.025896593928337097
syc,2013,0.025338560342788696
syc,2014,0.024764353409409523
syc,2015,0.024107517674565315
syc,2016,0.023397408425807953
syc,2017,0.022828567773103714
syr,2000,0.024212796241044998
syr,2001,0.02904636785387993
syr,2002,0.02851414866745472
syr,2003,0.027894390746951103
syr,2004,0.027739986777305603
syr,2005,0.0269719660282135
syr,2006,0.026511624455451965
syr,2007,0.0259055458009243
syr,2008,0.025785144418478012
syr,2009,0.02438955381512642
syr,2010,0.02295897901058197
syr,2011,0.019448278471827507
syr,2012,0.013103230856359005
syr,2013,0.01109690684825182
syr,2014,0.009794101119041443
syr,2015,0.009595031850039959
syr,2016,0.009055260568857193
syr,2017,0.009366944432258606
tcd,2000,0.0569111667573452
tcd,2001,0.08267223834991455
tcd,2002,0.05531620979309082
tcd,2003,0.08462528139352798
tcd,2004,0.07999814301729202
tcd,2005,0.08292152732610703
tcd,2006,0.054704051464796066
tcd,2007,0.0803840160369873
tcd,2008,0.049987755715847015
tcd,2009,0.07282961905002594
tcd,2010,0.07080575078725815
tcd,2011,0.07022000104188919
tcd,2012,0.07221290469169617
tcd,2013,0.049480706453323364
tcd,2014,0.04996233806014061
tcd,2015,0.05087227746844292
tcd,2016,0.05125980079174042
tcd,2017,0.05142739415168762
tgo,2000,0.03094310685992241
tgo,2001,0.0328710600733757
tgo,2002,0.036610208451747894
tgo,2003,0.03590453043580055
tgo,2004,0.03550630807876587
tgo,2005,0.03592655062675476
tgo,2006,0.03638504445552826
tgo,2007,0.03656027838587761
tgo,2008,0.03606555983424187
tgo,2009,0.035371895879507065
tgo,2010,0.034785035997629166
tgo,2011,0.035557955503463745
tgo,2012,0.03583390265703201
tgo,2013,0.035287678241729736
tgo,2014,0.03130952641367912
tgo,2015,0.023730428889393806
tgo,2016,0.02284495159983635
tgo,2017,0.033547207713127136
tha,2000,0.021986883133649826
tha,2001,0.02159036137163639
tha,2002,0.021517176181077957
tha,2003,0.021629810333251953
tha,2004,0.02178521640598774
tha,2005,0.02191048115491867
tha,2006,0.02175896428525448
tha,2007,0.02139001525938511
tha,2008,0.021364662796258926
tha,2009,0.02124401181936264
tha,2010,0.020877555012702942
tha,2011,0.02050049416720867
tha,2012,0.019774101674556732
tha,2013,0.019077563658356667
tha,2014,0.01850632205605507
tha,2015,0.017902294173836708
tha,2016,0.01729901321232319
tha,2017,0.01700665056705475
tjk,2000,0.06592664867639542
tjk,2001,0.0653415247797966
tjk,2002,0.06456687301397324
tjk,2003,0.0635967031121254
tjk,2004,0.06249771639704704
tjk,2005,0.06141023337841034
tjk,2006,0.05941227078437805
tjk,2007,0.05528632178902626
tjk,2008,0.04892875626683235
tjk,2009,0.042395077645778656
tjk,2010,0.038023512810468674
tjk,2011,0.03619549423456192
tjk,2012,0.03581755980849266
tjk,2013,0.035645727068185806
tjk,2014,0.03593657165765762
tjk,2015,0.03690728545188904
tjk,2016,0.03718407079577446
tjk,2017,0.03734244033694267
tkm,2000,0.043328456580638885
tkm,2001,0.04290759935975075
tkm,2002,0.04250537231564522
tkm,2003,0.04225948825478554
tkm,2004,0.04178197681903839
tkm,2005,0.04107288643717766
tkm,2006,0.040187254548072815
tkm,2007,0.03930193558335304
tkm,2008,0.03747473284602165
tkm,2009,0.03476281091570854
tkm,2010,0.030582979321479797
tkm,2011,0.02668922208249569
tkm,2012,0.02356835827231407
tkm,2013,0.022060977295041084
tkm,2014,0.021250596269965172
tkm,2015,0.020944584161043167
tkm,2016,0.02075313776731491
tkm,2017,0.020590638741850853
tls,2000,0.05494886636734009
tls,2001,0.05744319409132004
tls,2002,0.05954771861433983
tls,2003,0.0605817548930645
tls,2004,0.055913474410772324
tls,2005,0.054719097912311554
tls,2006,0.05155777186155319
tls,2007,0.049153558909893036
tls,2008,0.046053964644670486
tls,2009,0.04568210244178772
tls,2010,0.04443064704537392
tls,2011,0.044047240167856216
tls,2012,0.04211430624127388
tls,2013,0.0383920855820179
tls,2014,0.036212652921676636
tls,2015,0.03521199896931648
tls,2016,0.035276707261800766
tls,2017,0.034858644008636475
ton,2000,0.032662760466337204
ton,2001,0.031663116067647934
ton,2002,0.0307373758405447
ton,2003,0.030042732134461403
ton,2004,0.029396824538707733
ton,2005,0.03608747199177742
ton,2006,0.03533121943473816
ton,2007,0.03464585170149803
ton,2008,0.03390021622180939
ton,2009,0.03328259289264679
ton,2010,0.03253953903913498
ton,2011,0.03179315850138664
ton,2012,0.030948929488658905
ton,2013,0.030205724760890007
ton,2014,0.029269380494952202
ton,2015,0.02838694117963314
ton,2016,0.02748112380504608
ton,2017,0.026896381750702858
tto,2000,0.034717775881290436
tto,2001,0.01362182479351759
tto,2002,0.021539201959967613
tto,2003,0.046441782265901566
tto,2004,0.013032780028879642
tto,2005,0.020750511437654495
tto,2006,0.024493904784321785
tto,2007,0.01450375933200121
tto,2008,0.02358267270028591
tto,2009,0.019585050642490387
tto,2010,0.0356198251247406
tto,2011,0.0314079150557518
tto,2012,0.011087893508374691
tto,2013,0.02603854238986969
tto,2014,0.02603854238986969
tto,2015,0.02603854052722454
tto,2016,0.02603854052722454
tto,2017,0.02603854052722454
tun,2000,0.03149862587451935
tun,2001,0.03055722825229168
tun,2002,0.029553405940532684
tun,2003,0.035859085619449615
tun,2004,0.03476615622639656
tun,2005,0.03364294394850731
tun,2006,0.03253364935517311
tun,2007,0.031345538794994354
tun,2008,0.03014375828206539
tun,2009,0.028875641524791718
tun,2010,0.027655592188239098
tun,2011,0.026390910148620605
tun,2012,0.025365378707647324
tun,2013,0.02425696700811386
tun,2014,0.02316163294017315
tun,2015,0.02214980497956276
tun,2016,0.02127889357507229
tun,2017,0.0207329411059618
tur,2000,0.010890825651586056
tur,2001,0.01018894836306572
tur,2002,0.00939978752285242
tur,2003,0.008754241280257702
tur,2004,0.008411684073507786
tur,2005,0.008065660484135151
tur,2006,0.007609904743731022
tur,2007,0.011748864315450191
tur,2008,0.010977586731314659
tur,2009,0.013248135335743427
tur,2010,0.012505431659519672
tur,2011,0.011146299540996552
tur,2012,0.013502601534128189
tur,2013,0.01145866233855486
tur,2014,0.007758670020848513
tur,2015,0.009767836891114712
tur,2016,0.010184336453676224
tur,2017,0.009226302616298199
tuv,2000,0.03819115459918976
tuv,2001,0.03786953166127205
tuv,2002,0.03761788085103035
tuv,2003,0.03668712079524994
tuv,2004,0.03574002906680107
tuv,2005,0.03469041362404823
tuv,2006,0.033975642174482346
tuv,2007,0.033201005309820175
tuv,2008,0.0323222316801548
tuv,2009,0.03943051025271416
tuv,2010,0.038272518664598465
tuv,2011,0.03756624087691307
tuv,2012,0.036575496196746826
tuv,2013,0.03545942157506943
tuv,2014,0.03449226915836334
tuv,2015,0.03371511027216911
tuv,2016,0.03276395425200462
tuv,2017,0.032130319625139236
tza,2000,0.04440522566437721
tza,2001,0.044542573392391205
tza,2002,0.06895267218351364
tza,2003,0.04602861404418945
tza,2004,0.046564940363168716
tza,2005,0.047231681644916534
tza,2006,0.04792654141783714
tza,2007,0.046536706387996674
tza,2008,0.04379953444004059
tza,2009,0.0387716218829155
tza,2010,0.035333532840013504
tza,2011,0.03388027101755142
tza,2012,0.034271467477083206
tza,2013,0.0211192537099123
tza,2014,0.018056493252515793
tza,2015,0.017608346417546272
tza,2016,0.01715605892241001
tza,2017,0.01699187606573105
uga,2000,0.036720022559165955
uga,2001,0.037886086851358414
uga,2002,0.035592254251241684
uga,2003,0.052681006491184235
uga,2004,0.03539137914776802
uga,2005,0.03369232639670372
uga,2006,0.04950015991926193
uga,2007,0.048511918634176254
uga,2008,0.0319536067545414
uga,2009,0.03225899487733841
uga,2010,0.03346711024641991
uga,2011,0.03458213806152344
uga,2012,0.036769114434719086
uga,2013,0.038248009979724884
uga,2014,0.03071887604892254
uga,2015,0.030051568523049355
uga,2016,0.028328636661171913
uga,2017,0.02726801484823227
ukr,2000,0.03858077898621559
ukr,2001,0.03667234256863594
ukr,2002,0.03505675867199898
ukr,2003,0.0336022786796093
ukr,2004,0.03224595636129379
ukr,2005,0.03119475394487381
ukr,2006,0.03542409837245941
ukr,2007,0.036113277077674866
ukr,2008,0.0360734798014164
ukr,2009,0.035071082413196564
ukr,2010,0.032684024423360825
ukr,2011,0.030543820932507515
ukr,2012,0.030504880473017693
ukr,2013,0.02836001105606556
ukr,2014,0.024413732811808586
ukr,2015,0.02174820564687252
ukr,2016,0.020444629713892937
ukr,2017,0.020707303658127785
ury,2000,0.024666564539074898
ury,2001,0.05029591545462608
ury,2002,0.022968726232647896
ury,2003,0.045003533363342285
ury,2004,0.040400952100753784
ury,2005,0.08121843636035919
ury,2006,0.05854567885398865
ury,2007,0.06399712711572647
ury,2008,0.040087033063173294
ury,2009,0.048662666231393814
ury,2010,0.027973264455795288
ury,2011,0.03869377076625824
ury,2012,0.019599871709942818
ury,2013,0.029065612703561783
ury,2014,0.03054600954055786
ury,2015,0.05108485743403435
ury,2016,0.026157960295677185
ury,2017,0.03608636558055878
usa,2000,0.020444752648472786
usa,2001,0.01671295240521431
usa,2002,0.015258275903761387
usa,2003,0.015607493929564953
usa,2004,0.014323272742331028
usa,2005,0.01566116139292717
usa,2006,0.013856773264706135
usa,2007,0.013452437706291676
usa,2008,0.012377151288092136
usa,2009,0.012889149598777294
usa,2010,0.016291026026010513
usa,2011,0.009763477370142937
usa,2012,0.008016176521778107
usa,2013,0.013410431332886219
usa,2014,0.009461374953389168
usa,2015,0.009849420748651028
usa,2016,0.010809882543981075
usa,2017,0.010038169100880623
uzb,2000,0.05225003510713577
uzb,2001,0.051949482411146164
uzb,2002,0.05147954449057579
uzb,2003,0.05099236220121384
uzb,2004,0.05023181810975075
uzb,2005,0.04927102476358414
uzb,2006,0.04830029606819153
uzb,2007,0.04547154903411865
uzb,2008,0.04097159951925278
uzb,2009,0.03453630954027176
uzb,2010,0.030050236731767654
uzb,2011,0.027563726529479027
uzb,2012,0.02714437060058117
uzb,2013,0.026699719950556755
uzb,2014,0.026645079255104065
uzb,2015,0.026606930419802666
uzb,2016,0.013343472965061665
uzb,2017,0.01327580027282238
vct,2000,0.026100587099790573
vct,2001,0.017695313319563866
vct,2002,0.0
vct,2003,0.0
vct,2004,0.0
vct,2005,0.0
vct,2006,0.0
vct,2007,0.0
vct,2008,0.0
vct,2009,0.0
vct,2010,0.0
vct,2011,0.0
vct,2012,0.0
vct,2013,0.0
vct,2014,0.0
vct,2015,0.0
vct,2016,0.0
vct,2017,0.0
ven,2000,0.04181399196386337
ven,2001,0.033980417996644974
ven,2002,0.030906541272997856
ven,2003,0.021611494943499565
ven,2004,0.03137361258268356
ven,2005,0.025813529267907143
ven,2006,0.025398528203368187
ven,2007,0.026886358857154846
ven,2008,0.031047936528921127
ven,2009,0.027226831763982773
ven,2010,0.02622024156153202
ven,2011,0.033217836171388626
ven,2012,0.030352240428328514
ven,2013,0.032890062779188156
ven,2014,0.03209327533841133
ven,2015,0.03205140307545662
ven,2016,0.03192779794335365
ven,2017,0.031775880604982376
vnm,2000,0.026431923732161522
vnm,2001,0.026887351647019386
vnm,2002,0.026959147304296494
vnm,2003,0.02798566035926342
vnm,2004,0.028213107958436012
vnm,2005,0.027384428307414055
vnm,2006,0.026429759338498116
vnm,2007,0.026064161211252213
vnm,2008,0.02608388289809227
vnm,2009,0.025282949209213257
vnm,2010,0.03188725560903549
vnm,2011,0.03293735533952713
vnm,2012,0.032559193670749664
vnm,2013,0.0316755548119545
vnm,2014,0.02836226113140583
vnm,2015,0.031372781842947006
vnm,2016,0.030506327748298645
vnm,2017,0.029779424890875816
vut,2000,0.02418975532054901
vut,2001,0.023960689082741737
vut,2002,0.019950587302446365
vut,2003,0.016665533185005188
vut,2004,0.019170375540852547
vut,2005,0.021707933396100998
vut,2006,0.021785300225019455
vut,2007,0.021884344518184662
vut,2008,0.02208879217505455
vut,2009,0.02239122986793518
vut,2010,0.02228332683444023
vut,2011,0.027972929179668427
vut,2012,0.027952397242188454
vut,2013,0.027911299839615822
vut,2014,0.027310054749250412
vut,2015,0.02651558443903923
vut,2016,0.025725359097123146
vut,2017,0.025288036093115807
wsm,2000,0.03297248110175133
wsm,2001,0.03058607131242752
wsm,2002,0.030031073838472366
wsm,2003,0.027287650853395462
wsm,2004,0.025834735482931137
wsm,2005,0.021489441394805908
wsm,2006,0.01876778155565262
wsm,2007,0.019793866202235222
wsm,2008,0.022242777049541473
wsm,2009,0.016844384372234344
wsm,2010,0.027539609000086784
wsm,2011,0.026835525408387184
wsm,2012,0.027967603877186775
wsm,2013,0.0290901530534029
wsm,2014,0.028114300221204758
wsm,2015,0.026669897139072418
wsm,2016,0.02591930516064167
wsm,2017,0.024333015084266663
yem,2000,0.04708397760987282
yem,2001,0.0505540557205677
yem,2002,0.05081809312105179
yem,2003,0.047843050211668015
yem,2004,0.044433947652578354
yem,2005,0.042529862374067307
yem,2006,0.03832684084773064
yem,2007,0.038438089191913605
yem,2008,0.03808556869626045
yem,2009,0.03805244714021683
yem,2010,0.0377902090549469
yem,2011,0.03280383720993996
yem,2012,0.02960638701915741
yem,2013,0.030124077573418617
yem,2014,0.029395030811429024
yem,2015,0.02727988362312317
yem,2016,0.03009062446653843
yem,2017,0.03163546696305275
zaf,2000,0.014997298829257488
zaf,2001,0.013242279179394245
zaf,2002,0.012089159339666367
zaf,2003,0.01162032876163721
zaf,2004,0.011204337701201439
zaf,2005,0.010943452827632427
zaf,2006,0.010941935703158379
zaf,2007,0.011727598495781422
zaf,2008,0.012833314016461372
zaf,2009,0.014042050577700138
zaf,2010,0.012775374576449394
zaf,2011,0.01411469466984272
zaf,2012,0.013643980026245117
zaf,2013,0.01429583691060543
zaf,2014,0.014564478769898415
zaf,2015,0.014026062563061714
zaf,2016,0.015264134854078293
zaf,2017,0.01622980646789074
zmb,2000,0.035086821764707565
zmb,2001,0.03562461584806442
zmb,2002,0.033233415335416794
zmb,2003,0.03237620368599892
zmb,2004,0.029418671503663063
zmb,2005,0.027593402191996574
zmb,2006,0.027034057304263115
zmb,2007,0.027324946597218513
zmb,2008,0.027752742171287537
zmb,2009,0.028425507247447968
zmb,2010,0.02769627422094345
zmb,2011,0.028488626703619957
zmb,2012,0.029349638149142265
zmb,2013,0.029208634048700333
zmb,2014,0.019632237032055855
zmb,2015,0.01855010725557804
zmb,2016,0.01691543310880661
zmb,2017,0.016259849071502686
zwe,2000,0.022785475477576256
zwe,2001,0.024567749351263046
zwe,2002,0.02699419856071472
zwe,2003,0.03031291253864765
zwe,2004,0.03352368623018265
zwe,2005,0.03687584772706032
zwe,2006,0.03864528611302376
zwe,2007,0.038015760481357574
zwe,2008,0.039108991622924805
zwe,2009,0.03704269975423813
zwe,2010,0.034707337617874146
zwe,2011,0.03512231260538101
zwe,2012,0.03223705291748047
zwe,2013,0.019372738897800446
zwe,2014,0.0206740815192461
zwe,2015,0.021809574216604233
zwe,2016,0.02245481312274933
zwe,2017,0.02173001505434513
