country,year,fneo11
afg,2000,0.25899210572242737
afg,2001,0.26486092805862427
afg,2002,0.27315306663513184
afg,2003,0.2845982313156128
afg,2004,0.29560747742652893
afg,2005,0.2974461317062378
afg,2006,0.2942248582839966
afg,2007,0.289499431848526
afg,2008,0.28530415892601013
afg,2009,0.28132984042167664
afg,2010,0.27567124366760254
afg,2011,0.269977331161499
afg,2012,0.26617082953453064
afg,2013,0.2651365399360657
afg,2014,0.26484227180480957
afg,2015,0.2642046809196472
afg,2016,0.2626303732395172
afg,2017,0.2626304030418396
ago,2000,0.31689390540122986
ago,2001,0.31676146388053894
ago,2002,0.3171737790107727
ago,2003,0.32060936093330383
ago,2004,0.32390716671943665
ago,2005,0.32600724697113037
ago,2006,0.32464951276779175
ago,2007,0.32209059596061707
ago,2008,0.31942465901374817
ago,2009,0.31765663623809814
ago,2010,0.31579118967056274
ago,2011,0.314644455909729
ago,2012,0.3143976926803589
ago,2013,0.31544673442840576
ago,2014,0.31768083572387695
ago,2015,0.3194081783294678
ago,2016,0.3217834234237671
ago,2017,0.3217834234237671
alb,2000,0.12806248664855957
alb,2001,0.1270483136177063
alb,2002,0.12647825479507446
alb,2003,0.12629015743732452
alb,2004,0.12611088156700134
alb,2005,0.1264391839504242
alb,2006,0.12691330909729004
alb,2007,0.1273534744977951
alb,2008,0.12744933366775513
alb,2009,0.12703070044517517
alb,2010,0.12628087401390076
alb,2011,0.12543794512748718
alb,2012,0.12450939416885376
alb,2013,0.12370996177196503
alb,2014,0.12320145219564438
alb,2015,0.12279597669839859
alb,2016,0.12247402220964432
alb,2017,0.12247401475906372
and,2000,0.0
and,2001,0.0
and,2002,0.0
and,2003,0.0
and,2004,0.0
and,2005,0.0
and,2006,0.0
and,2007,0.0
and,2008,0.0
and,2009,0.0
and,2010,0.0
and,2011,0.0
and,2012,0.0
and,2013,0.0
and,2014,0.0
and,2015,0.0
and,2016,0.0
and,2017,0.0
are,2000,0.14569297432899475
are,2001,0.1446465700864792
are,2002,0.1435464471578598
are,2003,0.1423521339893341
are,2004,0.14104782044887543
are,2005,0.13990691304206848
are,2006,0.13893283903598785
are,2007,0.13808798789978027
are,2008,0.13726535439491272
are,2009,0.13623307645320892
are,2010,0.13506267964839935
are,2011,0.1338486522436142
are,2012,0.13272970914840698
are,2013,0.1316576451063156
are,2014,0.1308206021785736
are,2015,0.13010045886039734
are,2016,0.12955516576766968
are,2017,0.12955518066883087
arg,2000,0.10069723427295685
arg,2001,0.08937989920377731
arg,2002,0.09689359366893768
arg,2003,0.08833521604537964
arg,2004,0.0876355767250061
arg,2005,0.08358308672904968
arg,2006,0.07464265823364258
arg,2007,0.0825430303812027
arg,2008,0.07777965813875198
arg,2009,0.07669038325548172
arg,2010,0.07586449384689331
arg,2011,0.06872600317001343
arg,2012,0.06927309930324554
arg,2013,0.07250188291072845
arg,2014,0.0759352296590805
arg,2015,0.0725376084446907
arg,2016,0.0725376158952713
arg,2017,0.0725376084446907
arm,2000,0.12853235006332397
arm,2001,0.12676575779914856
arm,2002,0.12518376111984253
arm,2003,0.12378605455160141
arm,2004,0.12252259254455566
arm,2005,0.12133849412202835
arm,2006,0.12034479528665543
arm,2007,0.11936228722333908
arm,2008,0.11844214051961899
arm,2009,0.11744868010282516
arm,2010,0.11656875908374786
arm,2011,0.1157010942697525
arm,2012,0.11518804728984833
arm,2013,0.11471933126449585
arm,2014,0.11443717777729034
arm,2015,0.11412255465984344
arm,2016,0.11388953775167465
arm,2017,0.11388953030109406
atg,2000,0.29556649923324585
atg,2001,0.23360727727413177
atg,2002,0.035943515598773956
atg,2003,0.057809848338365555
atg,2004,0.02207130938768387
atg,2005,0.12514935433864594
atg,2006,0.12687429785728455
atg,2007,0.169526144862175
atg,2008,0.20860564708709717
atg,2009,0.3313491642475128
atg,2010,0.4138176739215851
atg,2011,0.33037036657333374
atg,2012,0.30112722516059875
atg,2013,0.19696970283985138
atg,2014,0.1527777910232544
atg,2015,0.08834876120090485
atg,2016,0.13478007912635803
atg,2017,0.14004629850387573
aus,2000,0.1613663136959076
aus,2001,0.15109573304653168
aus,2002,0.17683687806129456
aus,2003,0.17552533745765686
aus,2004,0.14898988604545593
aus,2005,0.1444881707429886
aus,2006,0.1398772895336151
aus,2007,0.16363635659217834
aus,2008,0.15394087135791779
aus,2009,0.17245371639728546
aus,2010,0.15594060719013214
aus,2011,0.1806451678276062
aus,2012,0.17485548555850983
aus,2013,0.17408905923366547
aus,2014,0.171875
aus,2015,0.17043478786945343
aus,2016,0.17214608192443848
aus,2017,0.17214608192443848
aut,2000,0.09600000083446503
aut,2001,0.09677419811487198
aut,2002,0.0325581394135952
aut,2003,0.05726872757077217
aut,2004,0.059071723371744156
aut,2005,0.06666667014360428
aut,2006,0.021052630618214607
aut,2007,0.08510638773441315
aut,2008,0.1300000101327896
aut,2009,0.07065218687057495
aut,2010,0.08252427726984024
aut,2011,0.13978493213653564
aut,2012,0.10285714268684387
aut,2013,0.06557376682758331
aut,2014,0.12365591526031494
aut,2015,0.12244898080825806
aut,2016,0.15999998152256012
aut,2017,0.1599999964237213
aze,2000,0.23484081029891968
aze,2001,0.2312246561050415
aze,2002,0.22872991859912872
aze,2003,0.22715705633163452
aze,2004,0.22623156011104584
aze,2005,0.22545015811920166
aze,2006,0.22406288981437683
aze,2007,0.22224894165992737
aze,2008,0.22010073065757751
aze,2009,0.21807439625263214
aze,2010,0.21675118803977966
aze,2011,0.21608150005340576
aze,2012,0.21613037586212158
aze,2013,0.21617558598518372
aze,2014,0.21584738790988922
aze,2015,0.21505394577980042
aze,2016,0.21397489309310913
aze,2017,0.21397487819194794
bdi,2000,0.3127728998661041
bdi,2001,0.31784436106681824
bdi,2002,0.3222886919975281
bdi,2003,0.324590802192688
bdi,2004,0.3242095112800598
bdi,2005,0.32126402854919434
bdi,2006,0.31617188453674316
bdi,2007,0.3117898106575012
bdi,2008,0.3086281418800354
bdi,2009,0.30722180008888245
bdi,2010,0.30607542395591736
bdi,2011,0.3047714829444885
bdi,2012,0.30279380083084106
bdi,2013,0.30140769481658936
bdi,2014,0.3005927801132202
bdi,2015,0.2997370958328247
bdi,2016,0.2986583709716797
bdi,2017,0.2986583709716797
bel,2000,0.15615615248680115
bel,2001,0.13719512522220612
bel,2002,0.12543553113937378
bel,2003,0.13793101906776428
bel,2004,0.12027490884065628
bel,2005,0.14851485192775726
bel,2006,0.142857164144516
bel,2007,0.1405750960111618
bel,2008,0.1376146674156189
bel,2009,0.15302491188049316
bel,2010,0.1666666716337204
bel,2011,0.20146521925926208
bel,2012,0.13013699650764465
bel,2013,0.17407405376434326
bel,2014,0.189964160323143
bel,2015,0.16455592215061188
bel,2016,0.16455592215061188
bel,2017,0.16455592215061188
ben,2000,0.2731097638607025
ben,2001,0.27106156945228577
ben,2002,0.27025121450424194
ben,2003,0.27037882804870605
ben,2004,0.2707458436489105
ben,2005,0.26985713839530945
ben,2006,0.2677108347415924
ben,2007,0.26535090804100037
ben,2008,0.26433953642845154
ben,2009,0.26501473784446716
ben,2010,0.26610806584358215
ben,2011,0.2666877806186676
ben,2012,0.26616737246513367
ben,2013,0.2653433382511139
ben,2014,0.26410096883773804
ben,2015,0.26299288868904114
ben,2016,0.2618608772754669
ben,2017,0.2618609070777893
bfa,2000,0.27992743253707886
bfa,2001,0.279152512550354
bfa,2002,0.277002215385437
bfa,2003,0.27518945932388306
bfa,2004,0.27227842807769775
bfa,2005,0.27090373635292053
bfa,2006,0.26998841762542725
bfa,2007,0.270595908164978
bfa,2008,0.27134886384010315
bfa,2009,0.2723897397518158
bfa,2010,0.27345138788223267
bfa,2011,0.27430281043052673
bfa,2012,0.27451884746551514
bfa,2013,0.27410149574279785
bfa,2014,0.2731826901435852
bfa,2015,0.2722247838973999
bfa,2016,0.2712148129940033
bfa,2017,0.2712148427963257
bgd,2000,0.25377851724624634
bgd,2001,0.24950583279132843
bgd,2002,0.24599871039390564
bgd,2003,0.24465914070606232
bgd,2004,0.24526666104793549
bgd,2005,0.24835650622844696
bgd,2006,0.25164690613746643
bgd,2007,0.25301966071128845
bgd,2008,0.25226888060569763
bgd,2009,0.24921086430549622
bgd,2010,0.24525219202041626
bgd,2011,0.2413831502199173
bgd,2012,0.23766492307186127
bgd,2013,0.23448903858661652
bgd,2014,0.231782466173172
bgd,2015,0.22939248383045197
bgd,2016,0.22738583385944366
bgd,2017,0.22738586366176605
bgr,2000,0.15977443754673004
bgr,2001,0.1375245600938797
bgr,2002,0.09462365508079529
bgr,2003,0.10884354263544083
bgr,2004,0.13425926864147186
bgr,2005,0.14788731932640076
bgr,2006,0.16494843363761902
bgr,2007,0.24653738737106323
bgr,2008,0.11842107027769089
bgr,2009,0.17380954325199127
bgr,2010,0.17368420958518982
bgr,2011,0.1912568211555481
bgr,2012,0.15488217771053314
bgr,2013,0.17328520119190216
bgr,2014,0.14625850319862366
bgr,2015,0.15880858898162842
bgr,2016,0.15880858898162842
bgr,2017,0.15880857408046722
bhr,2000,0.14814814925193787
bhr,2001,0.09677419811487198
bhr,2002,0.0
bhr,2003,0.13725490868091583
bhr,2004,0.01492537371814251
bhr,2005,0.1428571343421936
bhr,2006,0.05263157933950424
bhr,2007,0.072727270424366
bhr,2008,0.21568627655506134
bhr,2009,0.07692307978868484
bhr,2010,0.04878048971295357
bhr,2011,0.05714285746216774
bhr,2012,0.0
bhr,2013,0.02222222276031971
bhr,2014,0.025316454470157623
bhr,2015,0.013710482977330685
bhr,2016,0.013710482977330685
bhr,2017,0.013710484839975834
bhs,2000,0.19993451237678528
bhs,2001,0.1507648527622223
bhs,2002,0.0795712098479271
bhs,2003,0.15838158130645752
bhs,2004,0.21997849643230438
bhs,2005,0.20487536489963531
bhs,2006,0.13216744363307953
bhs,2007,0.1014973595738411
bhs,2008,0.1401311159133911
bhs,2009,0.14173343777656555
bhs,2010,0.126878559589386
bhs,2011,0.12052612006664276
bhs,2012,0.14847485721111298
bhs,2013,0.16839030385017395
bhs,2014,0.16502006351947784
bhs,2015,0.1554681956768036
bhs,2016,0.1554681807756424
bhs,2017,0.1554681956768036
bih,2000,0.1287938952445984
bih,2001,0.12676846981048584
bih,2002,0.12550941109657288
bih,2003,0.12486553937196732
bih,2004,0.12455561757087708
bih,2005,0.12421546131372452
bih,2006,0.12380460649728775
bih,2007,0.12323977053165436
bih,2008,0.1226818636059761
bih,2009,0.12180998176336288
bih,2010,0.12120987474918365
bih,2011,0.12041881680488586
bih,2012,0.11976076662540436
bih,2013,0.11936109513044357
bih,2014,0.11900676041841507
bih,2015,0.11892928183078766
bih,2016,0.11873862892389297
bih,2017,0.11873862892389297
blr,2000,0.11467550694942474
blr,2001,0.11474224925041199
blr,2002,0.11483626067638397
blr,2003,0.11492344737052917
blr,2004,0.11497246474027634
blr,2005,0.11467530578374863
blr,2006,0.11430536210536957
blr,2007,0.11369259655475616
blr,2008,0.11282487213611603
blr,2009,0.11204463243484497
blr,2010,0.111073799431324
blr,2011,0.11037760227918625
blr,2012,0.10953514277935028
blr,2013,0.10894449800252914
blr,2014,0.10824261605739594
blr,2015,0.10749455541372299
blr,2016,0.10710612684488297
blr,2017,0.10710611939430237
blz,2000,0.2020999789237976
blz,2001,0.22962364554405212
blz,2002,0.20356065034866333
blz,2003,0.21851584315299988
blz,2004,0.1902591735124588
blz,2005,0.22559522092342377
blz,2006,0.2072613388299942
blz,2007,0.20143069326877594
blz,2008,0.19333641231060028
blz,2009,0.18941599130630493
blz,2010,0.17085206508636475
blz,2011,0.190998837351799
blz,2012,0.15188124775886536
blz,2013,0.17845243215560913
blz,2014,0.1461879312992096
blz,2015,0.16968931257724762
blz,2016,0.1441110521554947
blz,2017,0.14563705027103424
bol,2000,0.2999611496925354
bol,2001,0.29839572310447693
bol,2002,0.2959306240081787
bol,2003,0.2924586832523346
bol,2004,0.2892024517059326
bol,2005,0.2856944501399994
bol,2006,0.28163453936576843
bol,2007,0.276684045791626
bol,2008,0.2713909149169922
bol,2009,0.26608118414878845
bol,2010,0.2618521749973297
bol,2011,0.25884267687797546
bol,2012,0.2571406662464142
bol,2013,0.25600555539131165
bol,2014,0.2550015449523926
bol,2015,0.25365111231803894
bol,2016,0.25216013193130493
bol,2017,0.2521601617336273
bra,2000,0.1520131230354309
bra,2001,0.15672485530376434
bra,2002,0.16039513051509857
bra,2003,0.14959362149238586
bra,2004,0.1609553098678589
bra,2005,0.1565338373184204
bra,2006,0.1669902354478836
bra,2007,0.1641968935728073
bra,2008,0.1614019125699997
bra,2009,0.16181613504886627
bra,2010,0.16017580032348633
bra,2011,0.15348166227340698
bra,2012,0.1511273831129074
bra,2013,0.15134459733963013
bra,2014,0.14681150019168854
bra,2015,0.1502382606267929
bra,2016,0.14946706593036652
bra,2017,0.1494670808315277
brb,2000,0.25757575035095215
brb,2001,0.2486402541399002
brb,2002,0.1940331757068634
brb,2003,0.26493847370147705
brb,2004,0.2574574053287506
brb,2005,0.26321983337402344
brb,2006,0.23226740956306458
brb,2007,0.2522435188293457
brb,2008,0.300542414188385
brb,2009,0.2520236074924469
brb,2010,0.22912456095218658
brb,2011,0.13020619750022888
brb,2012,0.16596795618534088
brb,2013,0.1566755771636963
brb,2014,0.20356935262680054
brb,2015,0.17346245050430298
brb,2016,0.17346246540546417
brb,2017,0.17346243560314178
brn,2000,0.08572080731391907
brn,2001,0.08572080731391907
brn,2002,0.08572080731391907
brn,2003,0.08572080731391907
brn,2004,0.08572081476449966
brn,2005,0.08572080731391907
brn,2006,0.08572081476449966
brn,2007,0.08572080731391907
brn,2008,0.08572080731391907
brn,2009,0.08572080731391907
brn,2010,0.08571863174438477
brn,2011,0.0931810736656189
brn,2012,0.09127411991357803
brn,2013,0.1293693631887436
brn,2014,0.1017966940999031
brn,2015,0.1092032939195633
brn,2016,0.07744280248880386
brn,2017,0.10266949981451035
btn,2000,0.28591811656951904
btn,2001,0.28051525354385376
btn,2002,0.2743833661079407
btn,2003,0.2684985101222992
btn,2004,0.26408007740974426
btn,2005,0.2607590854167938
btn,2006,0.2574029564857483
btn,2007,0.2539435625076294
btn,2008,0.2489922195672989
btn,2009,0.24416318535804749
btn,2010,0.23889978229999542
btn,2011,0.23341210186481476
btn,2012,0.22854793071746826
btn,2013,0.2246204912662506
btn,2014,0.22185663878917694
btn,2015,0.22020791471004486
btn,2016,0.2191247045993805
btn,2017,0.2191247045993805
bwa,2000,0.2545464038848877
bwa,2001,0.25313079357147217
bwa,2002,0.25106337666511536
bwa,2003,0.2488562911748886
bwa,2004,0.24607886373996735
bwa,2005,0.2426683008670807
bwa,2006,0.23919163644313812
bwa,2007,0.23713821172714233
bwa,2008,0.2361147552728653
bwa,2009,0.23505032062530518
bwa,2010,0.23383809626102448
bwa,2011,0.2336755245923996
bwa,2012,0.23247167468070984
bwa,2013,0.2307262420654297
bwa,2014,0.2294306755065918
bwa,2015,0.2275688797235489
bwa,2016,0.22607670724391937
bwa,2017,0.22607670724391937
caf,2000,0.29653072357177734
caf,2001,0.29515939950942993
caf,2002,0.2925291955471039
caf,2003,0.29163140058517456
caf,2004,0.29279327392578125
caf,2005,0.2954229712486267
caf,2006,0.2999374568462372
caf,2007,0.30547410249710083
caf,2008,0.3115158677101135
caf,2009,0.3143504559993744
caf,2010,0.31417176127433777
caf,2011,0.314290851354599
caf,2012,0.3133612871170044
caf,2013,0.3129207491874695
caf,2014,0.30875155329704285
caf,2015,0.30589234828948975
caf,2016,0.3024204969406128
caf,2017,0.3024204671382904
can,2000,0.1551569700241089
can,2001,0.15428955852985382
can,2002,0.1435869336128235
can,2003,0.16780492663383484
can,2004,0.17402519285678864
can,2005,0.15462280809879303
can,2006,0.15155234932899475
can,2007,0.1592533141374588
can,2008,0.15920023620128632
can,2009,0.14317896962165833
can,2010,0.17091436684131622
can,2011,0.14225724339485168
can,2012,0.1569298654794693
can,2013,0.13833880424499512
can,2014,0.13833878934383392
can,2015,0.1383388191461563
can,2016,0.13833880424499512
can,2017,0.13833880424499512
che,2000,0.13216403126716614
che,2001,0.13112883269786835
che,2002,0.13008274137973785
che,2003,0.12942683696746826
che,2004,0.12841998040676117
che,2005,0.12744414806365967
che,2006,0.12642520666122437
che,2007,0.12534141540527344
che,2008,0.12431987375020981
che,2009,0.1237444207072258
che,2010,0.12283670157194138
che,2011,0.12236658483743668
che,2012,0.12155139446258545
che,2013,0.12113960832357407
che,2014,0.12038935720920563
che,2015,0.11965885013341904
che,2016,0.11925817281007767
che,2017,0.11925815045833588
chl,2000,0.08151792734861374
chl,2001,0.08038584142923355
chl,2002,0.07896924763917923
chl,2003,0.07136714458465576
chl,2004,0.0906200259923935
chl,2005,0.07431875169277191
chl,2006,0.08367513865232468
chl,2007,0.0680379867553711
chl,2008,0.05826772004365921
chl,2009,0.053030308336019516
chl,2010,0.06295400112867355
chl,2011,0.06488549709320068
chl,2012,0.06656225025653839
chl,2013,0.05028853565454483
chl,2014,0.07650695741176605
chl,2015,0.07455429434776306
chl,2016,0.06718165427446365
chl,2017,0.06718164682388306
chn,2000,0.28133848309516907
chn,2001,0.28211116790771484
chn,2002,0.27731066942214966
chn,2003,0.27067527174949646
chn,2004,0.2597629427909851
chn,2005,0.2520297169685364
chn,2006,0.2550295293331146
chn,2007,0.2573818266391754
chn,2008,0.2581031322479248
chn,2009,0.2590751051902771
chn,2010,0.2572578489780426
chn,2011,0.2541617155075073
chn,2012,0.25476396083831787
chn,2013,0.2595890462398529
chn,2014,0.2676021456718445
chn,2015,0.27553117275238037
chn,2016,0.2755303978919983
chn,2017,0.27553024888038635
civ,2000,0.2857617735862732
civ,2001,0.2867410480976105
civ,2002,0.2884215712547302
civ,2003,0.289255291223526
civ,2004,0.28919926285743713
civ,2005,0.28641894459724426
civ,2006,0.2841724157333374
civ,2007,0.2811409831047058
civ,2008,0.28010863065719604
civ,2009,0.2797893285751343
civ,2010,0.2801665663719177
civ,2011,0.28007063269615173
civ,2012,0.2784103453159332
civ,2013,0.27812859416007996
civ,2014,0.277655690908432
civ,2015,0.2778949737548828
civ,2016,0.2761935293674469
civ,2017,0.2761934995651245
cmr,2000,0.3061825931072235
cmr,2001,0.3071032464504242
cmr,2002,0.3086487352848053
cmr,2003,0.30971023440361023
cmr,2004,0.3100355863571167
cmr,2005,0.3104146718978882
cmr,2006,0.31154897809028625
cmr,2007,0.31419217586517334
cmr,2008,0.3167165219783783
cmr,2009,0.3183990716934204
cmr,2010,0.31772470474243164
cmr,2011,0.31600332260131836
cmr,2012,0.31363460421562195
cmr,2013,0.3119647204875946
cmr,2014,0.31140509247779846
cmr,2015,0.31119096279144287
cmr,2016,0.3110063672065735
cmr,2017,0.3110063970088959
cod,2000,0.30861803889274597
cod,2001,0.3096413016319275
cod,2002,0.3121168315410614
cod,2003,0.31236159801483154
cod,2004,0.31023550033569336
cod,2005,0.30724355578422546
cod,2006,0.30503714084625244
cod,2007,0.3034397065639496
cod,2008,0.3022036552429199
cod,2009,0.3015156388282776
cod,2010,0.3004761338233948
cod,2011,0.29962730407714844
cod,2012,0.2983182668685913
cod,2013,0.298762708902359
cod,2014,0.2997686266899109
cod,2015,0.3009810745716095
cod,2016,0.3008888065814972
cod,2017,0.3008888363838196
cog,2000,0.2993449866771698
cog,2001,0.2981411814689636
cog,2002,0.2957219183444977
cog,2003,0.29190942645072937
cog,2004,0.2859877049922943
cog,2005,0.281333327293396
cog,2006,0.2764037549495697
cog,2007,0.27243512868881226
cog,2008,0.2677564024925232
cog,2009,0.26427310705184937
cog,2010,0.2614023685455322
cog,2011,0.2597641944885254
cog,2012,0.2584926187992096
cog,2013,0.25808149576187134
cog,2014,0.2581225335597992
cog,2015,0.2585206627845764
cog,2016,0.25842711329460144
cog,2017,0.25842711329460144
cok,2000,0.1521582305431366
cok,2001,0.15079928934574127
cok,2002,0.14954692125320435
cok,2003,0.14845795929431915
cok,2004,0.14745251834392548
cok,2005,0.14649325609207153
cok,2006,0.1456986367702484
cok,2007,0.14495499432086945
cok,2008,0.14423376321792603
cok,2009,0.1436031460762024
cok,2010,0.14286120235919952
cok,2011,0.1421937197446823
cok,2012,0.1414055973291397
cok,2013,0.14064769446849823
cok,2014,0.13980673253536224
cok,2015,0.13906541466712952
cok,2016,0.1382550597190857
cok,2017,0.1382550597190857
col,2000,0.15577997267246246
col,2001,0.13504335284233093
col,2002,0.13335952162742615
col,2003,0.1464148908853531
col,2004,0.13710585236549377
col,2005,0.1266752928495407
col,2006,0.12163416296243668
col,2007,0.13002291321754456
col,2008,0.13466644287109375
col,2009,0.12259072065353394
col,2010,0.0952380821108818
col,2011,0.09973593801259995
col,2012,0.07964601367712021
col,2013,0.08286088705062866
col,2014,0.08739542961120605
col,2015,0.08739543706178665
col,2016,0.08739543706178665
col,2017,0.08739542961120605
com,2000,0.25455763936042786
com,2001,0.25659337639808655
com,2002,0.2591370642185211
com,2003,0.26133406162261963
com,2004,0.2611134648323059
com,2005,0.2594316005706787
com,2006,0.25654101371765137
com,2007,0.25434020161628723
com,2008,0.25215283036231995
com,2009,0.2508004903793335
com,2010,0.24989132583141327
com,2011,0.24878907203674316
com,2012,0.24688880145549774
com,2013,0.24393479526042938
com,2014,0.24085168540477753
com,2015,0.23830625414848328
com,2016,0.23649564385414124
com,2017,0.23649565875530243
cpv,2000,0.17956697940826416
cpv,2001,0.1760873794555664
cpv,2002,0.17461322247982025
cpv,2003,0.17474651336669922
cpv,2004,0.1757843941450119
cpv,2005,0.17509806156158447
cpv,2006,0.1745745688676834
cpv,2007,0.1735280156135559
cpv,2008,0.1719941645860672
cpv,2009,0.1700177639722824
cpv,2010,0.16746696829795837
cpv,2011,0.16454550623893738
cpv,2012,0.1611088216304779
cpv,2013,0.1580321341753006
cpv,2014,0.15514995157718658
cpv,2015,0.15262910723686218
cpv,2016,0.1505362093448639
cpv,2017,0.1505361944437027
cri,2000,0.1178637146949768
cri,2001,0.10196778178215027
cri,2002,0.08159393072128296
cri,2003,0.09980040788650513
cri,2004,0.09311740845441818
cri,2005,0.10699588060379028
cri,2006,0.1368209421634674
cri,2007,0.095703125
cri,2008,0.118012435734272
cri,2009,0.12895376980304718
cri,2010,0.12199533730745316
cri,2011,0.11570081859827042
cri,2012,0.11007025837898254
cri,2013,0.11822659522294998
cri,2014,0.08788598328828812
cri,2015,0.10535892844200134
cri,2016,0.10535892844200134
cri,2017,0.10535892844200134
cub,2000,0.21118010580539703
cub,2001,0.1962616890668869
cub,2002,0.17546848952770233
cub,2003,0.15977443754673004
cub,2004,0.19770115613937378
cub,2005,0.1215880885720253
cub,2006,0.14689265191555023
cub,2007,0.10914453864097595
cub,2008,0.1340482532978058
cub,2009,0.1482558250427246
cub,2010,0.16265058517456055
cub,2011,0.15245477855205536
cub,2012,0.12341771274805069
cub,2013,0.15032680332660675
cub,2014,0.11578947305679321
cub,2015,0.12000000476837158
cub,2016,0.12871219217777252
cub,2017,0.12871219217777252
cyp,2000,0.031125131994485855
cyp,2001,0.031125128269195557
cyp,2002,0.031125130131840706
cyp,2003,0.031125126406550407
cyp,2004,0.031125128269195557
cyp,2005,0.031125128269195557
cyp,2006,0.031125128269195557
cyp,2007,0.031125130131840706
cyp,2008,0.031125128269195557
cyp,2009,0.031125128269195557
cyp,2010,0.04402223229408264
cyp,2011,0.04631921276450157
cyp,2012,0.03666443005204201
cyp,2013,0.012882447801530361
cyp,2014,0.003486633999273181
cyp,2015,0.007024469319730997
cyp,2016,0.010618384927511215
cyp,2017,0.010618384927511215
cze,2000,0.19213972985744476
cze,2001,0.1463414579629898
cze,2002,0.15789473056793213
cze,2003,0.14999999105930328
cze,2004,0.15596331655979156
cze,2005,0.1428571343421936
cze,2006,0.19915252923965454
cze,2007,0.2142857164144516
cze,2008,0.21359223127365112
cze,2009,0.21808508038520813
cze,2010,0.2368421107530594
cze,2011,0.14917127788066864
cze,2012,0.1952662616968155
cze,2013,0.16438354551792145
cze,2014,0.15757577121257782
cze,2015,0.1349693238735199
cze,2016,0.1525314301252365
cze,2017,0.1525314450263977
deu,2000,0.07150152325630188
deu,2001,0.0803474485874176
deu,2002,0.0699893981218338
deu,2003,0.08841295540332794
deu,2004,0.06772907823324203
deu,2005,0.06879299134016037
deu,2006,0.0882531926035881
deu,2007,0.07652173936367035
deu,2008,0.0810810774564743
deu,2009,0.07744564861059189
deu,2010,0.08967392146587372
deu,2011,0.10157274454832077
deu,2012,0.10225670784711838
deu,2013,0.09618008136749268
deu,2014,0.10873786360025406
deu,2015,0.10099750012159348
deu,2016,0.10216584801673889
deu,2017,0.10216585546731949
dji,2000,0.2875969111919403
dji,2001,0.28475284576416016
dji,2002,0.27960509061813354
dji,2003,0.273951917886734
dji,2004,0.2681075632572174
dji,2005,0.2633776068687439
dji,2006,0.26070696115493774
dji,2007,0.25820598006248474
dji,2008,0.2562866508960724
dji,2009,0.25451675057411194
dji,2010,0.2525964677333832
dji,2011,0.2513878345489502
dji,2012,0.24985896050930023
dji,2013,0.2480342537164688
dji,2014,0.24595879018306732
dji,2015,0.244852215051651
dji,2016,0.24426178634166718
dji,2017,0.2442617565393448
dma,2000,0.10428571701049805
dma,2001,0.10289576649665833
dma,2002,0.12559525668621063
dma,2003,0.19567102193832397
dma,2004,0.18194551765918732
dma,2005,0.10752999037504196
dma,2006,0.018099550157785416
dma,2007,0.1785714328289032
dma,2008,0.18888887763023376
dma,2009,0.3984375
dma,2010,0.3088141083717346
dma,2011,0.44839176535606384
dma,2012,0.36530816555023193
dma,2013,0.45045045018196106
dma,2014,0.46378615498542786
dma,2015,0.49103227257728577
dma,2016,0.4748767912387848
dma,2017,0.45165449380874634
dnk,2000,0.16551847755908966
dnk,2001,0.13793103396892548
dnk,2002,0.0954773873090744
dnk,2003,0.1249999925494194
dnk,2004,0.09900990128517151
dnk,2005,0.1355140060186386
dnk,2006,0.12280702590942383
dnk,2007,0.13461537659168243
dnk,2008,0.14388489723205566
dnk,2009,0.08139535784721375
dnk,2010,0.08456877619028091
dnk,2011,0.08774217963218689
dnk,2012,0.11492574959993362
dnk,2013,0.1114112064242363
dnk,2014,0.09081826359033585
dnk,2015,0.10042589902877808
dnk,2016,0.10042591392993927
dnk,2017,0.10042590647935867
dom,2000,0.21359030902385712
dom,2001,0.2139468491077423
dom,2002,0.22018222510814667
dom,2003,0.22376953065395355
dom,2004,0.2256590873003006
dom,2005,0.2256612479686737
dom,2006,0.2258758544921875
dom,2007,0.22576002776622772
dom,2008,0.22494828701019287
dom,2009,0.22333694994449615
dom,2010,0.2218712419271469
dom,2011,0.2208237498998642
dom,2012,0.22019129991531372
dom,2013,0.21960799396038055
dom,2014,0.21895016729831696
dom,2015,0.2181226760149002
dom,2016,0.21713005006313324
dom,2017,0.21713006496429443
dza,2000,0.2176523357629776
dza,2001,0.21689511835575104
dza,2002,0.2167334258556366
dza,2003,0.21703748404979706
dza,2004,0.21776136755943298
dza,2005,0.21846246719360352
dza,2006,0.21934758126735687
dza,2007,0.22010402381420135
dza,2008,0.22150301933288574
dza,2009,0.22326073050498962
dza,2010,0.22502394020557404
dza,2011,0.22598695755004883
dza,2012,0.22637204825878143
dza,2013,0.2263154536485672
dza,2014,0.2261062115430832
dza,2015,0.22568590939044952
dza,2016,0.22482110559940338
dza,2017,0.22482112050056458
ecu,2000,0.11086760461330414
ecu,2001,0.11086761206388474
ecu,2002,0.11086760461330414
ecu,2003,0.11086759716272354
ecu,2004,0.11086758971214294
ecu,2005,0.11086760461330414
ecu,2006,0.11086759716272354
ecu,2007,0.11086759716272354
ecu,2008,0.11086760461330414
ecu,2009,0.11086759716272354
ecu,2010,0.11086759716272354
ecu,2011,0.11086760461330414
ecu,2012,0.11086761206388474
ecu,2013,0.11086758971214294
ecu,2014,0.11883862316608429
ecu,2015,0.10298420488834381
ecu,2016,0.11086759716272354
ecu,2017,0.11086759716272354
egy,2000,0.21407058835029602
egy,2001,0.2120581865310669
egy,2002,0.20971545577049255
egy,2003,0.20763051509857178
egy,2004,0.2055935114622116
egy,2005,0.2038680911064148
egy,2006,0.20232535898685455
egy,2007,0.2006799429655075
egy,2008,0.19844986498355865
egy,2009,0.19624881446361542
egy,2010,0.19392812252044678
egy,2011,0.19158954918384552
egy,2012,0.18916161358356476
egy,2013,0.18671253323554993
egy,2014,0.18467938899993896
egy,2015,0.18246257305145264
egy,2016,0.18047286570072174
egy,2017,0.18047288060188293
eri,2000,0.30795010924339294
eri,2001,0.30932751297950745
eri,2002,0.3083893060684204
eri,2003,0.3061198890209198
eri,2004,0.3039000630378723
eri,2005,0.3020307421684265
eri,2006,0.3007649779319763
eri,2007,0.2999729514122009
eri,2008,0.2995387613773346
eri,2009,0.2990269660949707
eri,2010,0.2980945110321045
eri,2011,0.29646578431129456
eri,2012,0.2948561906814575
eri,2013,0.29341503977775574
eri,2014,0.29203638434410095
eri,2015,0.2903977632522583
eri,2016,0.28870779275894165
eri,2017,0.28870776295661926
esp,2000,0.11753184348344803
esp,2001,0.12488174438476562
esp,2002,0.10980034619569778
esp,2003,0.09565217792987823
esp,2004,0.09909091144800186
esp,2005,0.10917875915765762
esp,2006,0.11436948925256729
esp,2007,0.10516064614057541
esp,2008,0.11776251345872879
esp,2009,0.14240169525146484
esp,2010,0.13641245663166046
esp,2011,0.15427301824092865
esp,2012,0.12771391868591309
esp,2013,0.12971343100070953
esp,2014,0.10547397285699844
esp,2015,0.15582655370235443
esp,2016,0.1304471790790558
esp,2017,0.1304471641778946
est,2000,0.0810810849070549
est,2001,0.1147540956735611
est,2002,0.21276594698429108
est,2003,0.2549019753932953
est,2004,0.1896551549434662
est,2005,0.30434781312942505
est,2006,0.07894736528396606
est,2007,0.11363635957241058
est,2008,0.1428571492433548
est,2009,0.23037318885326385
est,2010,0.3448275625705719
est,2011,0.20000000298023224
est,2012,0.20000000298023224
est,2013,0.4375
est,2014,0.19999998807907104
est,2015,0.2380952388048172
est,2016,0.28919517993927
est,2017,0.2891952097415924
eth,2000,0.3242660164833069
eth,2001,0.32760071754455566
eth,2002,0.3300621509552002
eth,2003,0.33120864629745483
eth,2004,0.33107897639274597
eth,2005,0.32948821783065796
eth,2006,0.3275551497936249
eth,2007,0.3254157602787018
eth,2008,0.3231736123561859
eth,2009,0.32019251585006714
eth,2010,0.315926194190979
eth,2011,0.3113671541213989
eth,2012,0.307038277387619
eth,2013,0.30373615026474
eth,2014,0.30109670758247375
eth,2015,0.29872646927833557
eth,2016,0.296273797750473
eth,2017,0.2962738275527954
fin,2000,0.12652228772640228
fin,2001,0.12206767499446869
fin,2002,0.11778553575277328
fin,2003,0.13599242269992828
fin,2004,0.14302192628383636
fin,2005,0.13721199333667755
fin,2006,0.10863601416349411
fin,2007,0.1042795330286026
fin,2008,0.12424691766500473
fin,2009,0.14597982168197632
fin,2010,0.1455819010734558
fin,2011,0.1411816030740738
fin,2012,0.1406763195991516
fin,2013,0.15924802422523499
fin,2014,0.1546439230442047
fin,2015,0.15142002701759338
fin,2016,0.1482202261686325
fin,2017,0.15387658774852753
fji,2000,0.15634040534496307
fji,2001,0.15491829812526703
fji,2002,0.15386806428432465
fji,2003,0.1529967486858368
fji,2004,0.15247584879398346
fji,2005,0.15194416046142578
fji,2006,0.15142177045345306
fji,2007,0.15091940760612488
fji,2008,0.15028488636016846
fji,2009,0.1495569944381714
fji,2010,0.14855998754501343
fji,2011,0.14765162765979767
fji,2012,0.1466093510389328
fji,2013,0.14539875090122223
fji,2014,0.14421173930168152
fji,2015,0.14286179840564728
fji,2016,0.14150932431221008
fji,2017,0.14150933921337128
fra,2000,0.20310156047344208
fra,2001,0.21576355397701263
fra,2002,0.23479188978672028
fra,2003,0.19978223741054535
fra,2004,0.18624161183834076
fra,2005,0.19463086128234863
fra,2006,0.1927710622549057
fra,2007,0.17550058662891388
fra,2008,0.19177287817001343
fra,2009,0.18705034255981445
fra,2010,0.15421685576438904
fra,2011,0.16720883548259735
fra,2012,0.15138189494609833
fra,2013,0.15613383054733276
fra,2014,0.14580723643302917
fra,2015,0.15123577415943146
fra,2016,0.15123577415943146
fra,2017,0.15123577415943146
fsm,2000,0.26220518350601196
fsm,2001,0.2620256841182709
fsm,2002,0.26039788126945496
fsm,2003,0.2575397491455078
fsm,2004,0.256790429353714
fsm,2005,0.255759596824646
fsm,2006,0.25375044345855713
fsm,2007,0.24956707656383514
fsm,2008,0.24605906009674072
fsm,2009,0.24273112416267395
fsm,2010,0.24089913070201874
fsm,2011,0.2390090823173523
fsm,2012,0.2377679944038391
fsm,2013,0.2372467964887619
fsm,2014,0.23608367145061493
fsm,2015,0.23464131355285645
fsm,2016,0.23258505761623383
fsm,2017,0.2325850874185562
gab,2000,0.2524164617061615
gab,2001,0.25388091802597046
gab,2002,0.2561182677745819
gab,2003,0.25656023621559143
gab,2004,0.25672098994255066
gab,2005,0.2563909888267517
gab,2006,0.2572592794895172
gab,2007,0.2579677402973175
gab,2008,0.2582814693450928
gab,2009,0.2578562796115875
gab,2010,0.2566211223602295
gab,2011,0.2554571032524109
gab,2012,0.2545490264892578
gab,2013,0.2538214325904846
gab,2014,0.2527272701263428
gab,2015,0.25081977248191833
gab,2016,0.24871253967285156
gab,2017,0.24871253967285156
gbr,2000,0.104754239320755
gbr,2001,0.09583858400583267
gbr,2002,0.09373649954795837
gbr,2003,0.0881383866071701
gbr,2004,0.11596011370420456
gbr,2005,0.09053833037614822
gbr,2006,0.0914127454161644
gbr,2007,0.10790213197469711
gbr,2008,0.09236946702003479
gbr,2009,0.10308008641004562
gbr,2010,0.09983008354902267
gbr,2011,0.09228187799453735
gbr,2012,0.09127159416675568
gbr,2013,0.09317963570356369
gbr,2014,0.0868089348077774
gbr,2015,0.08986064046621323
gbr,2016,0.08996889740228653
gbr,2017,0.08996888995170593
geo,2000,0.13300271332263947
geo,2001,0.1314142793416977
geo,2002,0.12956562638282776
geo,2003,0.12773734331130981
geo,2004,0.12562395632266998
geo,2005,0.12346462160348892
geo,2006,0.12156306952238083
geo,2007,0.11970892548561096
geo,2008,0.11825861036777496
geo,2009,0.11712979525327682
geo,2010,0.1163601353764534
geo,2011,0.11596235632896423
geo,2012,0.11568599194288254
geo,2013,0.11551924049854279
geo,2014,0.1153985857963562
geo,2015,0.1153336763381958
geo,2016,0.11532357335090637
geo,2017,0.11532358080148697
gha,2000,0.29657167196273804
gha,2001,0.2936980128288269
gha,2002,0.29258835315704346
gha,2003,0.2928943336009979
gha,2004,0.29400089383125305
gha,2005,0.29468396306037903
gha,2006,0.29432278871536255
gha,2007,0.2920936346054077
gha,2008,0.2889418303966522
gha,2009,0.28586068749427795
gha,2010,0.2835492193698883
gha,2011,0.2823141813278198
gha,2012,0.28128325939178467
gha,2013,0.28013965487480164
gha,2014,0.2790181040763855
gha,2015,0.27804842591285706
gha,2016,0.277170330286026
gha,2017,0.2771703600883484
gin,2000,0.3081417977809906
gin,2001,0.3067876100540161
gin,2002,0.30589187145233154
gin,2003,0.3054817020893097
gin,2004,0.3071650266647339
gin,2005,0.3092823624610901
gin,2006,0.3105136454105377
gin,2007,0.31029266119003296
gin,2008,0.3081447184085846
gin,2009,0.3057106137275696
gin,2010,0.30486300587654114
gin,2011,0.3055078089237213
gin,2012,0.3070243299007416
gin,2013,0.3078685998916626
gin,2014,0.3087792694568634
gin,2015,0.30870580673217773
gin,2016,0.3084763288497925
gin,2017,0.3084763288497925
gmb,2000,0.3014431893825531
gmb,2001,0.30120277404785156
gmb,2002,0.30121174454689026
gmb,2003,0.3009797930717468
gmb,2004,0.3007035553455353
gmb,2005,0.3001736104488373
gmb,2006,0.2999896705150604
gmb,2007,0.29967188835144043
gmb,2008,0.29964467883110046
gmb,2009,0.29965153336524963
gmb,2010,0.29921722412109375
gmb,2011,0.2977951169013977
gmb,2012,0.29571861028671265
gmb,2013,0.29384174942970276
gmb,2014,0.29280886054039
gmb,2015,0.2918384075164795
gmb,2016,0.2908618450164795
gmb,2017,0.2908618450164795
gnb,2000,0.27450641989707947
gnb,2001,0.2774854898452759
gnb,2002,0.2789933383464813
gnb,2003,0.27884766459465027
gnb,2004,0.27837303280830383
gnb,2005,0.2801022529602051
gnb,2006,0.2842266857624054
gnb,2007,0.2908284366130829
gnb,2008,0.2969772517681122
gnb,2009,0.30232498049736023
gnb,2010,0.30615127086639404
gnb,2011,0.3082956075668335
gnb,2012,0.3088626563549042
gnb,2013,0.3085975646972656
gnb,2014,0.3075839877128601
gnb,2015,0.3066326677799225
gnb,2016,0.30561119318008423
gnb,2017,0.3056112229824066
gnq,2000,0.29040616750717163
gnq,2001,0.2898537814617157
gnq,2002,0.29025375843048096
gnq,2003,0.29271501302719116
gnq,2004,0.2947613596916199
gnq,2005,0.2954082787036896
gnq,2006,0.2959391176700592
gnq,2007,0.29745012521743774
gnq,2008,0.29958099126815796
gnq,2009,0.301344633102417
gnq,2010,0.3023938834667206
gnq,2011,0.30326083302497864
gnq,2012,0.30391064286231995
gnq,2013,0.3049193024635315
gnq,2014,0.30603066086769104
gnq,2015,0.30687469244003296
gnq,2016,0.3070462942123413
gnq,2017,0.3070462644100189
grc,2000,0.0962025374174118
grc,2001,0.15877437591552734
grc,2002,0.10803323984146118
grc,2003,0.1595744788646698
grc,2004,0.09854014962911606
grc,2005,0.09929079562425613
grc,2006,0.09712230414152145
grc,2007,0.06772908568382263
grc,2008,0.08095237612724304
grc,2009,0.04201681166887283
grc,2010,0.10638297349214554
grc,2011,0.09401708841323853
grc,2012,0.058201052248477936
grc,2013,0.11788617074489594
grc,2014,0.076271191239357
grc,2015,0.08367665857076645
grc,2016,0.08367664366960526
grc,2017,0.08367666602134705
grd,2000,0.269292950630188
grd,2001,0.23441220819950104
grd,2002,0.2611660361289978
grd,2003,0.31583335995674133
grd,2004,0.41401517391204834
grd,2005,0.3598484992980957
grd,2006,0.3568722903728485
grd,2007,0.26596319675445557
grd,2008,0.242518350481987
grd,2009,0.19967533648014069
grd,2010,0.19714286923408508
grd,2011,0.2809065878391266
grd,2012,0.22742946445941925
grd,2013,0.27428653836250305
grd,2014,0.27063313126564026
grd,2015,0.32301586866378784
grd,2016,0.3161538541316986
grd,2017,0.30000001192092896
gtm,2000,0.28691262006759644
gtm,2001,0.2846754193305969
gtm,2002,0.2819889485836029
gtm,2003,0.2793261408805847
gtm,2004,0.2766900956630707
gtm,2005,0.2748267948627472
gtm,2006,0.2728358209133148
gtm,2007,0.2711663544178009
gtm,2008,0.2682326138019562
gtm,2009,0.26557865738868713
gtm,2010,0.26230528950691223
gtm,2011,0.25971218943595886
gtm,2012,0.25685828924179077
gtm,2013,0.2550068795681
gtm,2014,0.25306788086891174
gtm,2015,0.25169289112091064
gtm,2016,0.2503814101219177
gtm,2017,0.2503814101219177
guy,2000,0.20502711832523346
guy,2001,0.24615386128425598
guy,2002,0.16603775322437286
guy,2003,0.20207254588603973
guy,2004,0.197247713804245
guy,2005,0.197247713804245
guy,2006,0.18902435898780823
guy,2007,0.22499999403953552
guy,2008,0.21985812485218048
guy,2009,0.16417911648750305
guy,2010,0.25641024112701416
guy,2011,0.221374049782753
guy,2012,0.25
guy,2013,0.21985815465450287
guy,2014,0.22933056950569153
guy,2015,0.22933059930801392
guy,2016,0.22933059930801392
guy,2017,0.22933059930801392
hnd,2000,0.16948823630809784
hnd,2001,0.16508370637893677
hnd,2002,0.16056913137435913
hnd,2003,0.1563817411661148
hnd,2004,0.15301181375980377
hnd,2005,0.1501617282629013
hnd,2006,0.1484064757823944
hnd,2007,0.14695622026920319
hnd,2008,0.14533798396587372
hnd,2009,0.1434108465909958
hnd,2010,0.1410035640001297
hnd,2011,0.13857072591781616
hnd,2012,0.13687743246555328
hnd,2013,0.1358412802219391
hnd,2014,0.13486117124557495
hnd,2015,0.13408584892749786
hnd,2016,0.13307012617588043
hnd,2017,0.13307012617588043
hrv,2000,0.09166666865348816
hrv,2001,0.0803571492433548
hrv,2002,0.14358974993228912
hrv,2003,0.06185567006468773
hrv,2004,0.07821229100227356
hrv,2005,0.12865497171878815
hrv,2006,0.11320754885673523
hrv,2007,0.08383233845233917
hrv,2008,0.04729729890823364
hrv,2009,0.07486630976200104
hrv,2010,0.0559440515935421
hrv,2011,0.0979020968079567
hrv,2012,0.10891089588403702
hrv,2013,0.07086613774299622
hrv,2014,0.12080536782741547
hrv,2015,0.07758621871471405
hrv,2016,0.08919533342123032
hrv,2017,0.08919533342123032
hti,2000,0.28043466806411743
hti,2001,0.2790915071964264
hti,2002,0.2762959897518158
hti,2003,0.27199041843414307
hti,2004,0.2664380669593811
hti,2005,0.26038554310798645
hti,2006,0.25608953833580017
hti,2007,0.2552419602870941
hti,2008,0.2564942240715027
hti,2009,0.25747883319854736
hti,2010,0.25644031167030334
hti,2011,0.2545216679573059
hti,2012,0.2530307471752167
hti,2013,0.2518886625766754
hti,2014,0.2519684135913849
hti,2015,0.2514650523662567
hti,2016,0.251627653837204
hti,2017,0.251627653837204
hun,2000,0.05033557116985321
hun,2001,0.05686274543404579
hun,2002,0.06425704061985016
hun,2003,0.06516854465007782
hun,2004,0.08633093535900116
hun,2005,0.06459946930408478
hun,2006,0.06233062222599983
hun,2007,0.05804749205708504
hun,2008,0.06575342267751694
hun,2009,0.06748466193675995
hun,2010,0.03858521208167076
hun,2011,0.09328359365463257
hun,2012,0.0937500074505806
hun,2013,0.10408922284841537
hun,2014,0.05243445932865143
hun,2015,0.10408921539783478
hun,2016,0.08669847249984741
hun,2017,0.08669847249984741
idn,2000,0.2706355154514313
idn,2001,0.2681090235710144
idn,2002,0.26531732082366943
idn,2003,0.26234278082847595
idn,2004,0.2591113746166229
idn,2005,0.25583240389823914
idn,2006,0.2523955702781677
idn,2007,0.2493022233247757
idn,2008,0.24551433324813843
idn,2009,0.24074605107307434
idn,2010,0.23537519574165344
idn,2011,0.2310616374015808
idn,2012,0.2291618138551712
idn,2013,0.22869502007961273
idn,2014,0.22865353524684906
idn,2015,0.22797247767448425
idn,2016,0.22698596119880676
idn,2017,0.22698599100112915
ind,2000,0.257552832365036
ind,2001,0.2552761733531952
ind,2002,0.25254833698272705
ind,2003,0.24942149221897125
ind,2004,0.2459547519683838
ind,2005,0.24219059944152832
ind,2006,0.2381475567817688
ind,2007,0.23382604122161865
ind,2008,0.22917506098747253
ind,2009,0.2241448163986206
ind,2010,0.21870845556259155
ind,2011,0.21291762590408325
ind,2012,0.20687773823738098
ind,2013,0.20070317387580872
ind,2014,0.1945958286523819
ind,2015,0.1890188455581665
ind,2016,0.18901938199996948
ind,2017,0.18902036547660828
irl,2000,0.07291018962860107
irl,2001,0.07291019707918167
irl,2002,0.07291018962860107
irl,2003,0.07291018962860107
irl,2004,0.07291018962860107
irl,2005,0.07291018962860107
irl,2006,0.07291019707918167
irl,2007,0.04605262726545334
irl,2008,0.08205128461122513
irl,2009,0.09036144614219666
irl,2010,0.12021857500076294
irl,2011,0.059459466487169266
irl,2012,0.10674156993627548
irl,2013,0.08537810295820236
irl,2014,0.06369426846504211
irl,2015,0.08537810295820236
irl,2016,0.08537810295820236
irl,2017,0.08537810295820236
irn,2000,0.22574247419834137
irn,2001,0.22219164669513702
irn,2002,0.21825888752937317
irn,2003,0.2146996706724167
irn,2004,0.21166199445724487
irn,2005,0.20953424274921417
irn,2006,0.20806019008159637
irn,2007,0.20683081448078156
irn,2008,0.20616434514522552
irn,2009,0.20578274130821228
irn,2010,0.20568908751010895
irn,2011,0.20528319478034973
irn,2012,0.20469455420970917
irn,2013,0.20394399762153625
irn,2014,0.20317751169204712
irn,2015,0.20225512981414795
irn,2016,0.20115163922309875
irn,2017,0.20115162432193756
irq,2000,0.2577372193336487
irq,2001,0.25582900643348694
irq,2002,0.2530786097049713
irq,2003,0.24989451467990875
irq,2004,0.24654841423034668
irq,2005,0.24270401895046234
irq,2006,0.23998811841011047
irq,2007,0.23805390298366547
irq,2008,0.23785047233104706
irq,2009,0.23829500377178192
irq,2010,0.2389604151248932
irq,2011,0.2383008748292923
irq,2012,0.23684704303741455
irq,2013,0.23518389463424683
irq,2014,0.23421120643615723
irq,2015,0.23383493721485138
irq,2016,0.2330261617898941
irq,2017,0.2330261766910553
isl,2000,0.20168067514896393
isl,2001,0.1371428668498993
isl,2002,0.184523805975914
isl,2003,0.1043478325009346
isl,2004,0.15454545617103577
isl,2005,0.19761905074119568
isl,2006,0.1865079402923584
isl,2007,0.1805555671453476
isl,2008,0.10208334028720856
isl,2009,0.046052634716033936
isl,2010,0.1111111044883728
isl,2011,0.1111111044883728
isl,2012,0.1666666567325592
isl,2013,0.1041666716337204
isl,2014,0.1666666716337204
isl,2015,0.1567901223897934
isl,2016,0.1469135880470276
isl,2017,0.13703703880310059
isr,2000,0.04803493246436119
isr,2001,0.059770118445158005
isr,2002,0.0810810849070549
isr,2003,0.07239819318056107
isr,2004,0.08027522265911102
isr,2005,0.05540166050195694
isr,2006,0.05329153314232826
isr,2007,0.10204080492258072
isr,2008,0.07309941202402115
isr,2009,0.07349081337451935
isr,2010,0.06718345731496811
isr,2011,0.04735375940799713
isr,2012,0.088541679084301
isr,2013,0.11048158258199692
isr,2014,0.09014084190130234
isr,2015,0.09638505429029465
isr,2016,0.09638506174087524
isr,2017,0.09638506174087524
ita,2000,0.13457076251506805
ita,2001,0.13513514399528503
ita,2002,0.12950517237186432
ita,2003,0.12002697587013245
ita,2004,0.1203947439789772
ita,2005,0.12380952388048172
ita,2006,0.10492956638336182
ita,2007,0.11888638138771057
ita,2008,0.11605839431285858
ita,2009,0.11744020879268646
ita,2010,0.11750973761081696
ita,2011,0.09860312938690186
ita,2012,0.10432570427656174
ita,2013,0.11634103953838348
ita,2014,0.09514562785625458
ita,2015,0.10515865683555603
ita,2016,0.10515866428613663
ita,2017,0.10515866428613663
jam,2000,0.16925373673439026
jam,2001,0.16925323009490967
jam,2002,0.16925235092639923
jam,2003,0.16926027834415436
jam,2004,0.16927015781402588
jam,2005,0.14086493849754333
jam,2006,0.18984900414943695
jam,2007,0.1804920881986618
jam,2008,0.1762579083442688
jam,2009,0.17712175846099854
jam,2010,0.13177545368671417
jam,2011,0.1460219919681549
jam,2012,0.15026001632213593
jam,2013,0.1502591073513031
jam,2014,0.15028423070907593
jam,2015,0.15028420090675354
jam,2016,0.15028420090675354
jam,2017,0.15028421580791473
jor,2000,0.1603209227323532
jor,2001,0.15825927257537842
jor,2002,0.1563142091035843
jor,2003,0.15405985713005066
jor,2004,0.1516016274690628
jor,2005,0.14928780496120453
jor,2006,0.14707203209400177
jor,2007,0.14489252865314484
jor,2008,0.14274360239505768
jor,2009,0.13985808193683624
jor,2010,0.1358632892370224
jor,2011,0.13021686673164368
jor,2012,0.12470152974128723
jor,2013,0.12114806473255157
jor,2014,0.11908439546823502
jor,2015,0.11809387803077698
jor,2016,0.117705337703228
jor,2017,0.1177053302526474
jpn,2000,0.12181727588176727
jpn,2001,0.1120927631855011
jpn,2002,0.10317034274339676
jpn,2003,0.11012236028909683
jpn,2004,0.11684073507785797
jpn,2005,0.11999999731779099
jpn,2006,0.12790697813034058
jpn,2007,0.1028655469417572
jpn,2008,0.10410095006227493
jpn,2009,0.12246622890233994
jpn,2010,0.10900900512933731
jpn,2011,0.11100831627845764
jpn,2012,0.13431371748447418
jpn,2013,0.11055775731801987
jpn,2014,0.11441143602132797
jpn,2015,0.12064965069293976
jpn,2016,0.11530759930610657
jpn,2017,0.11530760675668716
kaz,2000,0.21448609232902527
kaz,2001,0.21526017785072327
kaz,2002,0.21777237951755524
kaz,2003,0.22192414104938507
kaz,2004,0.22635070979595184
kaz,2005,0.22775223851203918
kaz,2006,0.2264491319656372
kaz,2007,0.22485536336898804
kaz,2008,0.22441722452640533
kaz,2009,0.2244916707277298
kaz,2010,0.22370949387550354
kaz,2011,0.22205013036727905
kaz,2012,0.22000591456890106
kaz,2013,0.21791639924049377
kaz,2014,0.21662232279777527
kaz,2015,0.21637533605098724
kaz,2016,0.21613052487373352
kaz,2017,0.21613052487373352
ken,2000,0.32597556710243225
ken,2001,0.3261702060699463
ken,2002,0.3266390562057495
ken,2003,0.32748231291770935
ken,2004,0.32707715034484863
ken,2005,0.3251439332962036
ken,2006,0.3213086724281311
ken,2007,0.3167191743850708
ken,2008,0.3110889494419098
ken,2009,0.30633702874183655
ken,2010,0.30233630537986755
ken,2011,0.2993439733982086
ken,2012,0.2974533140659332
ken,2013,0.2966333031654358
ken,2014,0.2952847182750702
ken,2015,0.29363352060317993
ken,2016,0.2909986972808838
ken,2017,0.2909986972808838
kgz,2000,0.3296089470386505
kgz,2001,0.3233470916748047
kgz,2002,0.35707923769950867
kgz,2003,0.3522920310497284
kgz,2004,0.3107966482639313
kgz,2005,0.30423396825790405
kgz,2006,0.3067534267902374
kgz,2007,0.3080495297908783
kgz,2008,0.34202083945274353
kgz,2009,0.33360588550567627
kgz,2010,0.33152174949645996
kgz,2011,0.2971078157424927
kgz,2012,0.2433510720729828
kgz,2013,0.20977510511875153
kgz,2014,0.2500779628753662
kgz,2015,0.2500779926776886
kgz,2016,0.2500779926776886
kgz,2017,0.2500779628753662
khm,2000,0.30296966433525085
khm,2001,0.30150333046913147
khm,2002,0.29666996002197266
khm,2003,0.28859779238700867
khm,2004,0.2792249917984009
khm,2005,0.2726314663887024
khm,2006,0.2675863206386566
khm,2007,0.2630123496055603
khm,2008,0.2577325403690338
khm,2009,0.25246840715408325
khm,2010,0.24752280116081238
khm,2011,0.24333828687667847
khm,2012,0.23987238109111786
khm,2013,0.23753249645233154
khm,2014,0.2353849560022354
khm,2015,0.23327504098415375
khm,2016,0.2310749739408493
khm,2017,0.2310749888420105
kir,2000,0.2871519923210144
kir,2001,0.28747332096099854
kir,2002,0.2854790687561035
kir,2003,0.2821701765060425
kir,2004,0.2761487364768982
kir,2005,0.2696886658668518
kir,2006,0.2639414072036743
kir,2007,0.26100045442581177
kir,2008,0.25996917486190796
kir,2009,0.2612181007862091
kir,2010,0.25931742787361145
kir,2011,0.2575360834598541
kir,2012,0.25627753138542175
kir,2013,0.2574808597564697
kir,2014,0.2590794563293457
kir,2015,0.25947076082229614
kir,2016,0.25876110792160034
kir,2017,0.25876107811927795
kna,2000,0.2755555510520935
kna,2001,0.3659611940383911
kna,2002,0.5045257806777954
kna,2003,0.50481778383255
kna,2004,0.3616771697998047
kna,2005,0.3258928656578064
kna,2006,0.34589946269989014
kna,2007,0.42923274636268616
kna,2008,0.3481086492538452
kna,2009,0.4620329737663269
kna,2010,0.5073260068893433
kna,2011,0.5158730149269104
kna,2012,0.4185184836387634
kna,2013,0.4185185134410858
kna,2014,0.3843304514884949
kna,2015,0.38012170791625977
kna,2016,0.3473953902721405
kna,2017,0.40959593653678894
kor,2000,0.09256448596715927
kor,2001,0.08495908975601196
kor,2002,0.09435421228408813
kor,2003,0.10549777001142502
kor,2004,0.12478777021169662
kor,2005,0.10000000149011612
kor,2006,0.09407666325569153
kor,2007,0.10391062498092651
kor,2008,0.09424083679914474
kor,2009,0.08454811573028564
kor,2010,0.09102564305067062
kor,2011,0.08196721225976944
kor,2012,0.0952380895614624
kor,2013,0.08571428805589676
kor,2014,0.09620991349220276
kor,2015,0.10231023281812668
kor,2016,0.0947144404053688
kor,2017,0.09471445530653
kwt,2000,0.045303963124752045
kwt,2001,0.07352940738201141
kwt,2002,0.03191488981246948
kwt,2003,0.03663003817200661
kwt,2004,0.06617647409439087
kwt,2005,0.06741572171449661
kwt,2006,0.06884058564901352
kwt,2007,0.06293705850839615
kwt,2008,0.046357616782188416
kwt,2009,0.016713092103600502
kwt,2010,0.04095562919974327
kwt,2011,0.032573290169239044
kwt,2012,0.031749043613672256
kwt,2013,0.03284671530127525
kwt,2014,0.01929260417819023
kwt,2015,0.0278087817132473
kwt,2016,0.027808777987957
kwt,2017,0.02780878357589245
lao,2000,0.3182481825351715
lao,2001,0.3200833797454834
lao,2002,0.32164597511291504
lao,2003,0.32253503799438477
lao,2004,0.3226780593395233
lao,2005,0.32178795337677
lao,2006,0.3191826343536377
lao,2007,0.3142303228378296
lao,2008,0.30901846289634705
lao,2009,0.30494776368141174
lao,2010,0.3022044003009796
lao,2011,0.29867023229599
lao,2012,0.29484230279922485
lao,2013,0.2917898893356323
lao,2014,0.2898951768875122
lao,2015,0.2883465588092804
lao,2016,0.2871241569519043
lao,2017,0.2871241569519043
lbn,2000,0.15725767612457275
lbn,2001,0.15450192987918854
lbn,2002,0.15173573791980743
lbn,2003,0.14902837574481964
lbn,2004,0.14667704701423645
lbn,2005,0.1447416990995407
lbn,2006,0.1430317908525467
lbn,2007,0.1415206491947174
lbn,2008,0.14002934098243713
lbn,2009,0.13850003480911255
lbn,2010,0.13689526915550232
lbn,2011,0.13523800671100616
lbn,2012,0.13344629108905792
lbn,2013,0.13169869780540466
lbn,2014,0.13017378747463226
lbn,2015,0.12897704541683197
lbn,2016,0.1279822140932083
lbn,2017,0.1279822140932083
lbr,2000,0.2874749004840851
lbr,2001,0.2941197156906128
lbr,2002,0.30068954825401306
lbr,2003,0.3034825921058655
lbr,2004,0.3041348457336426
lbr,2005,0.303169310092926
lbr,2006,0.3021309971809387
lbr,2007,0.29963672161102295
lbr,2008,0.29697665572166443
lbr,2009,0.2940801978111267
lbr,2010,0.2918452024459839
lbr,2011,0.2887752950191498
lbr,2012,0.2868192493915558
lbr,2013,0.285704106092453
lbr,2014,0.28491780161857605
lbr,2015,0.2828916609287262
lbr,2016,0.2788316309452057
lbr,2017,0.2788316309452057
lby,2000,0.19786608219146729
lby,2001,0.19565872848033905
lby,2002,0.1918932944536209
lby,2003,0.18713511526584625
lby,2004,0.182297021150589
lby,2005,0.1776650846004486
lby,2006,0.17327821254730225
lby,2007,0.16911616921424866
lby,2008,0.16532079875469208
lby,2009,0.16206006705760956
lby,2010,0.15907321870326996
lby,2011,0.15633387863636017
lby,2012,0.15414822101593018
lby,2013,0.15224002301692963
lby,2014,0.15076155960559845
lby,2015,0.14979791641235352
lby,2016,0.14888176321983337
lby,2017,0.14888177812099457
lca,2000,0.16184557974338531
lca,2001,0.19328387081623077
lca,2002,0.19940361380577087
lca,2003,0.18898175656795502
lca,2004,0.18224471807479858
lca,2005,0.16619916260242462
lca,2006,0.14477922022342682
lca,2007,0.06506906449794769
lca,2008,0.11682891100645065
lca,2009,0.167701855301857
lca,2010,0.24198848009109497
lca,2011,0.18985456228256226
lca,2012,0.16494932770729065
lca,2013,0.11460517346858978
lca,2014,0.10904168337583542
lca,2015,0.09863156825304031
lca,2016,0.11297494918107986
lca,2017,0.11297496408224106
lka,2000,0.1302672028541565
lka,2001,0.12892572581768036
lka,2002,0.1279713362455368
lka,2003,0.12725654244422913
lka,2004,0.12688198685646057
lka,2005,0.12729424238204956
lka,2006,0.1276426613330841
lka,2007,0.12768596410751343
lka,2008,0.12740714848041534
lka,2009,0.12696270644664764
lka,2010,0.12633980810642242
lka,2011,0.12557728588581085
lka,2012,0.12489832192659378
lka,2013,0.12412087619304657
lka,2014,0.12343371659517288
lka,2015,0.12290587276220322
lka,2016,0.12234631925821304
lka,2017,0.12234632670879364
lso,2000,0.30874767899513245
lso,2001,0.3066681921482086
lso,2002,0.3037010431289673
lso,2003,0.3006678521633148
lso,2004,0.2984449565410614
lso,2005,0.297211229801178
lso,2006,0.2961646020412445
lso,2007,0.29473063349723816
lso,2008,0.2931036055088043
lso,2009,0.2911564111709595
lso,2010,0.28912582993507385
lso,2011,0.28673508763313293
lso,2012,0.2837299704551697
lso,2013,0.2811252474784851
lso,2014,0.27930647134780884
lso,2015,0.27834266424179077
lso,2016,0.2773027718067169
lso,2017,0.2773027718067169
ltu,2000,0.15243904292583466
ltu,2001,0.1550387591123581
ltu,2002,0.20472441613674164
ltu,2003,0.1214953362941742
ltu,2004,0.13571429252624512
ltu,2005,0.1932772845029831
ltu,2006,0.08474575728178024
ltu,2007,0.1568627506494522
ltu,2008,0.12631578743457794
ltu,2009,0.13131311535835266
ltu,2010,0.15853656828403473
ltu,2011,0.1395348757505417
ltu,2012,0.11267604678869247
ltu,2013,0.24193547666072845
ltu,2014,0.1388889104127884
ltu,2015,0.2112676054239273
ltu,2016,0.19655419886112213
ltu,2017,0.19655416905879974
lux,2000,0.4153846204280853
lux,2001,0.36315786838531494
lux,2002,0.1666666716337204
lux,2003,0.19607843458652496
lux,2004,0.1587301641702652
lux,2005,0.2529762089252472
lux,2006,0.19662059843540192
lux,2007,0.3730158805847168
lux,2008,0.3333333730697632
lux,2009,0.3333333730697632
lux,2010,0.14301076531410217
lux,2011,0.15520833432674408
lux,2012,0.09999999403953552
lux,2013,0.14074072241783142
lux,2014,0.1111111119389534
lux,2015,0.14858905971050262
lux,2016,0.11199294775724411
lux,2017,0.11243386566638947
lva,2000,0.23846152424812317
lva,2001,0.21678322553634644
lva,2002,0.2368421107530594
lva,2003,0.2881355881690979
lva,2004,0.3035714328289032
lva,2005,0.29914531111717224
lva,2006,0.35922330617904663
lva,2007,0.37404581904411316
lva,2008,0.39449542760849
lva,2009,0.27619045972824097
lva,2010,0.5147058963775635
lva,2011,0.4177215099334717
lva,2012,0.34567901492118835
lva,2013,0.2549019455909729
lva,2014,0.2950819730758667
lva,2015,0.2777777314186096
lva,2016,0.27756020426750183
lva,2017,0.2775602340698242
mar,2000,0.24120891094207764
mar,2001,0.23836293816566467
mar,2002,0.23543591797351837
mar,2003,0.23243743181228638
mar,2004,0.2295273095369339
mar,2005,0.2270464450120926
mar,2006,0.2246832698583603
mar,2007,0.222639262676239
mar,2008,0.22090373933315277
mar,2009,0.22002580761909485
mar,2010,0.21987521648406982
mar,2011,0.21997322142124176
mar,2012,0.21988077461719513
mar,2013,0.21939077973365784
mar,2014,0.21848610043525696
mar,2015,0.21736954152584076
mar,2016,0.21621377766132355
mar,2017,0.21621376276016235
mco,2000,0.12563185393810272
mco,2001,0.12458097189664841
mco,2002,0.12327446043491364
mco,2003,0.12237419188022614
mco,2004,0.12155944854021072
mco,2005,0.12106943875551224
mco,2006,0.12024705857038498
mco,2007,0.11918158084154129
mco,2008,0.11832602322101593
mco,2009,0.11772742867469788
mco,2010,0.11718933284282684
mco,2011,0.11687902361154556
mco,2012,0.11629851162433624
mco,2013,0.11558935046195984
mco,2014,0.11491888761520386
mco,2015,0.11419512331485748
mco,2016,0.1138710081577301
mco,2017,0.1138710081577301
mda,2000,0.20512822270393372
mda,2001,0.22903229296207428
mda,2002,0.19999998807907104
mda,2003,0.2044609785079956
mda,2004,0.19923371076583862
mda,2005,0.13523131608963013
mda,2006,0.18918919563293457
mda,2007,0.13438735902309418
mda,2008,0.14098361134529114
mda,2009,0.15238094329833984
mda,2010,0.1750841736793518
mda,2011,0.1835206001996994
mda,2012,0.07999999821186066
mda,2013,0.12280701100826263
mda,2014,0.11344536393880844
mda,2015,0.10743801295757294
mda,2016,0.11459437757730484
mda,2017,0.11459437757730484
mdg,2000,0.310710072517395
mdg,2001,0.31034010648727417
mdg,2002,0.30814599990844727
mdg,2003,0.3044919967651367
mdg,2004,0.30046790838241577
mdg,2005,0.2973925769329071
mdg,2006,0.29646459221839905
mdg,2007,0.2975558936595917
mdg,2008,0.299940824508667
mdg,2009,0.3009241819381714
mdg,2010,0.3002455532550812
mdg,2011,0.29806044697761536
mdg,2012,0.29615363478660583
mdg,2013,0.2947081923484802
mdg,2014,0.2939110994338989
mdg,2015,0.2929474711418152
mdg,2016,0.29165077209472656
mdg,2017,0.29165077209472656
mdv,2000,0.1427120864391327
mdv,2001,0.13799650967121124
mdv,2002,0.13268433511257172
mdv,2003,0.12724602222442627
mdv,2004,0.12237227708101273
mdv,2005,0.11891306191682816
mdv,2006,0.11662662774324417
mdv,2007,0.11526277661323547
mdv,2008,0.1145976260304451
mdv,2009,0.11428438127040863
mdv,2010,0.11407545208930969
mdv,2011,0.11395472288131714
mdv,2012,0.11379415541887283
mdv,2013,0.1134846955537796
mdv,2014,0.11320258677005768
mdv,2015,0.11281948536634445
mdv,2016,0.11245933920145035
mdv,2017,0.11245933175086975
mex,2000,0.1576356738805771
mex,2001,0.15419480204582214
mex,2002,0.14672896265983582
mex,2003,0.14783154428005219
mex,2004,0.14852985739707947
mex,2005,0.1487569957971573
mex,2006,0.14543046057224274
mex,2007,0.14131920039653778
mex,2008,0.13823416829109192
mex,2009,0.1347505897283554
mex,2010,0.13078494369983673
mex,2011,0.13668863475322723
mex,2012,0.12765711545944214
mex,2013,0.12691263854503632
mex,2014,0.12981607019901276
mex,2015,0.13278137147426605
mex,2016,0.1298188418149948
mex,2017,0.12981882691383362
mhl,2000,0.24548687040805817
mhl,2001,0.24192027747631073
mhl,2002,0.239411398768425
mhl,2003,0.23707905411720276
mhl,2004,0.23503786325454712
mhl,2005,0.23262780904769897
mhl,2006,0.23054459691047668
mhl,2007,0.22822891175746918
mhl,2008,0.2259615808725357
mhl,2009,0.22367948293685913
mhl,2010,0.2217768132686615
mhl,2011,0.22082588076591492
mhl,2012,0.22058257460594177
mhl,2013,0.2202502191066742
mhl,2014,0.21962638199329376
mhl,2015,0.21818161010742188
mhl,2016,0.21688294410705566
mhl,2017,0.21688294410705566
mkd,2000,0.1942148655653
mkd,2001,0.18460793793201447
mkd,2002,0.17516133189201355
mkd,2003,0.16587498784065247
mkd,2004,0.156748965382576
mkd,2005,0.14778326451778412
mkd,2006,0.08426967263221741
mkd,2007,0.0952381044626236
mkd,2008,0.11612902581691742
mkd,2009,0.08629442006349564
mkd,2010,0.10169491916894913
mkd,2011,0.06666667014360428
mkd,2012,0.09195402264595032
mkd,2013,0.09770114719867706
mkd,2014,0.08351687341928482
mkd,2015,0.08351687341928482
mkd,2016,0.08351687341928482
mkd,2017,0.08351686596870422
mli,2000,0.24741117656230927
mli,2001,0.2514035999774933
mli,2002,0.2575242221355438
mli,2003,0.26531273126602173
mli,2004,0.27368733286857605
mli,2005,0.2787173390388489
mli,2006,0.28134050965309143
mli,2007,0.28293576836586
mli,2008,0.28464311361312866
mli,2009,0.28593385219573975
mli,2010,0.2861720323562622
mli,2011,0.28525176644325256
mli,2012,0.2832123041152954
mli,2013,0.28101205825805664
mli,2014,0.2795250713825226
mli,2015,0.278669536113739
mli,2016,0.2782324552536011
mli,2017,0.2782324552536011
mlt,2000,0.1047138050198555
mlt,2001,0.08714617788791656
mlt,2002,0.09055425226688385
mlt,2003,0.03258145600557327
mlt,2004,0.05495288595557213
mlt,2005,0.03921568766236305
mlt,2006,0.05588235333561897
mlt,2007,0.04444444552063942
mlt,2008,0.06296297162771225
mlt,2009,0.04629629850387573
mlt,2010,0.04629629850387573
mlt,2011,0.04444444552063942
mlt,2012,0.04444444179534912
mlt,2013,0.10272727906703949
mlt,2014,0.11593309044837952
mlt,2015,0.14446501433849335
mlt,2016,0.09169752895832062
mlt,2017,0.09169752895832062
mmr,2000,0.27397406101226807
mmr,2001,0.276905357837677
mmr,2002,0.27822747826576233
mmr,2003,0.27923837304115295
mmr,2004,0.27908918261528015
mmr,2005,0.27867963910102844
mmr,2006,0.2768189609050751
mmr,2007,0.27446022629737854
mmr,2008,0.27220043540000916
mmr,2009,0.27082863450050354
mmr,2010,0.2706073224544525
mmr,2011,0.27097490429878235
mmr,2012,0.27162671089172363
mmr,2013,0.2712087035179138
mmr,2014,0.2700023949146271
mmr,2015,0.26870638132095337
mmr,2016,0.26790332794189453
mmr,2017,0.26790332794189453
mne,2000,0.4464266002178192
mne,2001,0.4464266002178192
mne,2002,0.4464266896247864
mne,2003,0.44642671942710876
mne,2004,0.4409327208995819
mne,2005,0.4569942355155945
mne,2006,0.4472096562385559
mne,2007,0.49186110496520996
mne,2008,0.4816721975803375
mne,2009,0.512033224105835
mne,2010,0.4804047644138336
mne,2011,0.4872916340827942
mne,2012,0.4872916340827942
mne,2013,0.48729169368743896
mne,2014,0.4872916042804718
mne,2015,0.4872916340827942
mne,2016,0.4872916638851166
mne,2017,0.4872916340827942
mng,2000,0.23207639157772064
mng,2001,0.23033356666564941
mng,2002,0.22881725430488586
mng,2003,0.22755946218967438
mng,2004,0.22700928151607513
mng,2005,0.22700780630111694
mng,2006,0.2274044156074524
mng,2007,0.22797536849975586
mng,2008,0.2284606695175171
mng,2009,0.22867372632026672
mng,2010,0.22853988409042358
mng,2011,0.2281644344329834
mng,2012,0.22760337591171265
mng,2013,0.22684934735298157
mng,2014,0.22594822943210602
mng,2015,0.22474192082881927
mng,2016,0.22337977588176727
mng,2017,0.22337977588176727
moz,2000,0.2923467457294464
moz,2001,0.2912730276584625
moz,2002,0.2889699935913086
moz,2003,0.2872665822505951
moz,2004,0.2875252068042755
moz,2005,0.2889028489589691
moz,2006,0.2897244989871979
moz,2007,0.2895023226737976
moz,2008,0.2885872721672058
moz,2009,0.2873019278049469
moz,2010,0.2859857380390167
moz,2011,0.284359335899353
moz,2012,0.28251051902770996
moz,2013,0.2806689441204071
moz,2014,0.27879536151885986
moz,2015,0.27693676948547363
moz,2016,0.275428831577301
moz,2017,0.2754288613796234
mrt,2000,0.22808563709259033
mrt,2001,0.2252129316329956
mrt,2002,0.22412464022636414
mrt,2003,0.22387723624706268
mrt,2004,0.2247762680053711
mrt,2005,0.2257698029279709
mrt,2006,0.2268816977739334
mrt,2007,0.22791866958141327
mrt,2008,0.22856150567531586
mrt,2009,0.22858648002147675
mrt,2010,0.22651280462741852
mrt,2011,0.22323539853096008
mrt,2012,0.21932998299598694
mrt,2013,0.21754629909992218
mrt,2014,0.21741145849227905
mrt,2015,0.21857886016368866
mrt,2016,0.21921776235103607
mrt,2017,0.21921773254871368
mus,2000,0.1525423675775528
mus,2001,0.17894737422466278
mus,2002,0.12371134012937546
mus,2003,0.19753088057041168
mus,2004,0.10810810327529907
mus,2005,0.08474575728178024
mus,2006,0.12121212482452393
mus,2007,0.12138726562261581
mus,2008,0.21739132702350616
mus,2009,0.08208955079317093
mus,2010,0.1367521435022354
mus,2011,0.08396946638822556
mus,2012,0.07575757801532745
mus,2013,0.10000000149011612
mus,2014,0.16379310190677643
mus,2015,0.14035087823867798
mus,2016,0.1489361673593521
mus,2017,0.1489361822605133
mwi,2000,0.29637882113456726
mwi,2001,0.2997188866138458
mwi,2002,0.30235639214515686
mwi,2003,0.30182379484176636
mwi,2004,0.2995564937591553
mwi,2005,0.295876145362854
mwi,2006,0.2920354902744293
mwi,2007,0.28779706358909607
mwi,2008,0.2830304205417633
mwi,2009,0.2781250476837158
mwi,2010,0.27332746982574463
mwi,2011,0.2689545750617981
mwi,2012,0.2648499310016632
mwi,2013,0.2618938386440277
mwi,2014,0.2601569592952728
mwi,2015,0.2591187059879303
mwi,2016,0.2579551935195923
mwi,2017,0.2579551935195923
mys,2000,0.15376055240631104
mys,2001,0.1515669971704483
mys,2002,0.14933423697948456
mys,2003,0.14707903563976288
mys,2004,0.14487919211387634
mys,2005,0.14264428615570068
mys,2006,0.14031442999839783
mys,2007,0.13808993995189667
mys,2008,0.1359400451183319
mys,2009,0.13377788662910461
mys,2010,0.13204532861709595
mys,2011,0.13033144176006317
mys,2012,0.12872421741485596
mys,2013,0.1274767518043518
mys,2014,0.1262967884540558
mys,2015,0.12546855211257935
mys,2016,0.12484730035066605
mys,2017,0.12484730035066605
nam,2000,0.2811407446861267
nam,2001,0.2796627879142761
nam,2002,0.27473461627960205
nam,2003,0.2685753107070923
nam,2004,0.26310136914253235
nam,2005,0.25903427600860596
nam,2006,0.25649601221084595
nam,2007,0.2544565796852112
nam,2008,0.253614217042923
nam,2009,0.2529146373271942
nam,2010,0.25194063782691956
nam,2011,0.25045472383499146
nam,2012,0.24909447133541107
nam,2013,0.24670164287090302
nam,2014,0.24483957886695862
nam,2015,0.24420522153377533
nam,2016,0.2425638735294342
nam,2017,0.24256384372711182
ner,2000,0.3103870153427124
ner,2001,0.31167325377464294
ner,2002,0.31000015139579773
ner,2003,0.30565330386161804
ner,2004,0.29975154995918274
ner,2005,0.29383137822151184
ner,2006,0.28808313608169556
ner,2007,0.28264740109443665
ner,2008,0.27763718366622925
ner,2009,0.27539241313934326
ner,2010,0.274221271276474
ner,2011,0.2764361500740051
ner,2012,0.2750750482082367
ner,2013,0.27452245354652405
ner,2014,0.26931232213974
ner,2015,0.2665512263774872
ner,2016,0.2629172205924988
ner,2017,0.26291725039482117
nga,2000,0.32511991262435913
nga,2001,0.32927238941192627
nga,2002,0.33199694752693176
nga,2003,0.33303287625312805
nga,2004,0.33363837003707886
nga,2005,0.3340929448604584
nga,2006,0.3338105082511902
nga,2007,0.33188194036483765
nga,2008,0.32875242829322815
nga,2009,0.32563072443008423
nga,2010,0.32452255487442017
nga,2011,0.32362446188926697
nga,2012,0.32242152094841003
nga,2013,0.3196844756603241
nga,2014,0.31738442182540894
nga,2015,0.3161138594150543
nga,2016,0.3159649670124054
nga,2017,0.3159649670124054
nic,2000,0.14655306935310364
nic,2001,0.14655306935310364
nic,2002,0.14655306935310364
nic,2003,0.14655305445194244
nic,2004,0.14655306935310364
nic,2005,0.14655306935310364
nic,2006,0.14655306935310364
nic,2007,0.14655305445194244
nic,2008,0.14655306935310364
nic,2009,0.14655305445194244
nic,2010,0.14655305445194244
nic,2011,0.14655306935310364
nic,2012,0.14655306935310364
nic,2013,0.14655306935310364
nic,2014,0.15468111634254456
nic,2015,0.1384509950876236
nic,2016,0.14655306935310364
nic,2017,0.14655305445194244
niu,2000,
niu,2001,
niu,2002,
niu,2003,
niu,2004,
niu,2005,
niu,2006,
niu,2007,
niu,2008,
niu,2009,
niu,2010,
niu,2011,
niu,2012,
niu,2013,
niu,2014,
niu,2015,
niu,2016,
niu,2017,
nld,2000,0.1805555522441864
nld,2001,0.15440115332603455
nld,2002,0.16769230365753174
nld,2003,0.1875968724489212
nld,2004,0.20330576598644257
nld,2005,0.1876922845840454
nld,2006,0.17094017565250397
nld,2007,0.18853969871997833
nld,2008,0.1795407086610794
nld,2009,0.1326315701007843
nld,2010,0.1526881605386734
nld,2011,0.16252821683883667
nld,2012,0.13507109880447388
nld,2013,0.14685314893722534
nld,2014,0.13242009282112122
nld,2015,0.1626666635274887
nld,2016,0.14733503758907318
nld,2017,0.14733505249023438
nor,2000,0.1689189374446869
nor,2001,0.23750002682209015
nor,2002,0.19200001657009125
nor,2003,0.24444444477558136
nor,2004,0.15833334624767303
nor,2005,0.21052634716033936
nor,2006,0.25874125957489014
nor,2007,0.22314049303531647
nor,2008,0.1355932205915451
nor,2009,0.1782945841550827
nor,2010,0.17999999225139618
nor,2011,0.12765957415103912
nor,2012,0.13725489377975464
nor,2013,0.17525772750377655
nor,2014,0.17307691276073456
nor,2015,0.18390804529190063
nor,2016,0.17363041639328003
nor,2017,0.17363041639328003
npl,2000,0.2853154242038727
npl,2001,0.2857283353805542
npl,2002,0.2847239077091217
npl,2003,0.2813793122768402
npl,2004,0.2774392068386078
npl,2005,0.27284231781959534
npl,2006,0.26818886399269104
npl,2007,0.2638143002986908
npl,2008,0.25945091247558594
npl,2009,0.2544490694999695
npl,2010,0.24923117458820343
npl,2011,0.2440628856420517
npl,2012,0.2393646389245987
npl,2013,0.23527023196220398
npl,2014,0.23227950930595398
npl,2015,0.23023009300231934
npl,2016,0.22861187160015106
npl,2017,0.22861185669898987
nru,2000,0.18960875272750854
nru,2001,0.1886579990386963
nru,2002,0.18854130804538727
nru,2003,0.18904918432235718
nru,2004,0.18974117934703827
nru,2005,0.18984752893447876
nru,2006,0.18911440670490265
nru,2007,0.18843500316143036
nru,2008,0.18803969025611877
nru,2009,0.18800203502178192
nru,2010,0.1877427101135254
nru,2011,0.18741515278816223
nru,2012,0.18698042631149292
nru,2013,0.186471626162529
nru,2014,0.18589599430561066
nru,2015,0.18524281680583954
nru,2016,0.18449588119983673
nru,2017,0.18449589610099792
nzl,2000,0.12980768084526062
nzl,2001,0.11656441539525986
nzl,2002,0.1428571343421936
nzl,2003,0.11363637447357178
nzl,2004,0.14893615245819092
nzl,2005,0.1461988240480423
nzl,2006,0.12337663024663925
nzl,2007,0.111111119389534
nzl,2008,0.11797753721475601
nzl,2009,0.16753926873207092
nzl,2010,0.12844035029411316
nzl,2011,0.08064515888690948
nzl,2012,0.078125
nzl,2013,0.109375
nzl,2014,0.08970056474208832
nzl,2015,0.08970056474208832
nzl,2016,0.08970057219266891
nzl,2017,0.08970056474208832
omn,2000,0.17411436140537262
omn,2001,0.17259997129440308
omn,2002,0.17118705809116364
omn,2003,0.16904188692569733
omn,2004,0.16621458530426025
omn,2005,0.1629837602376938
omn,2006,0.1598484218120575
omn,2007,0.15697431564331055
omn,2008,0.1543789952993393
omn,2009,0.15233644843101501
omn,2010,0.15056942403316498
omn,2011,0.14867593348026276
omn,2012,0.14665907621383667
omn,2013,0.14446155726909637
omn,2014,0.14260748028755188
omn,2015,0.14114245772361755
omn,2016,0.14018520712852478
omn,2017,0.1401851922273636
pak,2000,0.2637980282306671
pak,2001,0.2607000470161438
pak,2002,0.2568317949771881
pak,2003,0.2527625560760498
pak,2004,0.24859802424907684
pak,2005,0.2449483573436737
pak,2006,0.24162068963050842
pak,2007,0.2390982061624527
pak,2008,0.2367604523897171
pak,2009,0.23397201299667358
pak,2010,0.23003505170345306
pak,2011,0.2268276959657669
pak,2012,0.22426003217697144
pak,2013,0.22274324297904968
pak,2014,0.22184200584888458
pak,2015,0.2211691290140152
pak,2016,0.22054961323738098
pak,2017,0.22054964303970337
pan,2000,0.14335060119628906
pan,2001,0.10447761416435242
pan,2002,0.1287553608417511
pan,2003,0.15126051008701324
pan,2004,0.11943319439888
pan,2005,0.12737642228603363
pan,2006,0.1315789520740509
pan,2007,0.1462925672531128
pan,2008,0.1897321492433548
pan,2009,0.11060947924852371
pan,2010,0.12808988988399506
pan,2011,0.1288461536169052
pan,2012,0.14381270110607147
pan,2013,0.15081967413425446
pan,2014,0.15224914252758026
pan,2015,0.09433961659669876
pan,2016,0.13261868059635162
pan,2017,0.13261868059635162
per,2000,0.17130742967128754
per,2001,0.1670638620853424
per,2002,0.16288763284683228
per,2003,0.15889689326286316
per,2004,0.1551438271999359
per,2005,0.1517384946346283
per,2006,0.14906665682792664
per,2007,0.1470184475183487
per,2008,0.14517444372177124
per,2009,0.14347077906131744
per,2010,0.14163325726985931
per,2011,0.13979624211788177
per,2012,0.13805516064167023
per,2013,0.13680589199066162
per,2014,0.13585589826107025
per,2015,0.13502688705921173
per,2016,0.1344461292028427
per,2017,0.1344461441040039
phl,2000,0.25034090876579285
phl,2001,0.24823251366615295
phl,2002,0.2465120404958725
phl,2003,0.24421259760856628
phl,2004,0.24139995872974396
phl,2005,0.23797214031219482
phl,2006,0.23452185094356537
phl,2007,0.23188969492912292
phl,2008,0.23124900460243225
phl,2009,0.23278214037418365
phl,2010,0.23508399724960327
phl,2011,0.23653042316436768
phl,2012,0.2376919537782669
phl,2013,0.23840829730033875
phl,2014,0.23931950330734253
phl,2015,0.23920097947120667
phl,2016,0.23872733116149902
phl,2017,0.23872731626033783
plw,2000,0.13654184341430664
plw,2001,0.1344597041606903
plw,2002,0.13280843198299408
plw,2003,0.13122066855430603
plw,2004,0.12983962893486023
plw,2005,0.12845320999622345
plw,2006,0.12690716981887817
plw,2007,0.12564100325107574
plw,2008,0.12424112111330032
plw,2009,0.1230112835764885
plw,2010,0.12176936119794846
plw,2011,0.12073590606451035
plw,2012,0.1198495626449585
plw,2013,0.11920306086540222
plw,2014,0.11865726858377457
plw,2015,0.11824268847703934
plw,2016,0.11797743290662766
plw,2017,0.11797743290662766
png,2000,0.2768373489379883
png,2001,0.279780775308609
png,2002,0.28113892674446106
png,2003,0.28147560358047485
png,2004,0.280970960855484
png,2005,0.28146427869796753
png,2006,0.28252384066581726
png,2007,0.28300532698631287
png,2008,0.2818300426006317
png,2009,0.278994083404541
png,2010,0.2762833833694458
png,2011,0.274190753698349
png,2012,0.27333030104637146
png,2013,0.2732764482498169
png,2014,0.2742824852466583
png,2015,0.27536359429359436
png,2016,0.2752002477645874
png,2017,0.2752002477645874
pol,2000,0.13317309319972992
pol,2001,0.12352032959461212
pol,2002,0.10729613900184631
pol,2003,0.10547550022602081
pol,2004,0.09599529206752777
pol,2005,0.09819764643907547
pol,2006,0.09849435836076736
pol,2007,0.09279609471559525
pol,2008,0.07886435091495514
pol,2009,0.07912356406450272
pol,2010,0.07477288693189621
pol,2011,0.0775444284081459
pol,2012,0.08626198768615723
pol,2013,0.08117444068193436
pol,2014,0.04566636309027672
pol,2015,0.048158641904592514
pol,2016,0.058314211666584015
pol,2017,0.058314211666584015
prk,2000,0.24108368158340454
prk,2001,0.2390613704919815
prk,2002,0.23407293856143951
prk,2003,0.22921162843704224
prk,2004,0.22495266795158386
prk,2005,0.22213226556777954
prk,2006,0.2202099710702896
prk,2007,0.2191002368927002
prk,2008,0.21804404258728027
prk,2009,0.2170092761516571
prk,2010,0.2156756967306137
prk,2011,0.21432937681674957
prk,2012,0.2127619832754135
prk,2013,0.2114943414926529
prk,2014,0.21042266488075256
prk,2015,0.20973539352416992
prk,2016,0.20915615558624268
prk,2017,0.20915617048740387
prt,2000,0.12299466133117676
prt,2001,0.1207430362701416
prt,2002,0.17010308802127838
prt,2003,0.10199522972106934
prt,2004,0.11587229371070862
prt,2005,0.1297493875026703
prt,2006,0.14362643659114838
prt,2007,0.15750351548194885
prt,2008,0.0919177234172821
prt,2009,0.15463292598724365
prt,2010,0.10700316727161407
prt,2011,0.13156801462173462
prt,2012,0.1245064064860344
prt,2013,0.13616718351840973
prt,2014,0.14035089313983917
prt,2015,0.14035086333751678
prt,2016,0.14035087823867798
prt,2017,0.14035087823867798
pry,2000,0.14665384590625763
pry,2001,0.14410941302776337
pry,2002,0.14165601134300232
pry,2003,0.13966649770736694
pry,2004,0.13811740279197693
pry,2005,0.1370006948709488
pry,2006,0.13635803759098053
pry,2007,0.13597437739372253
pry,2008,0.13578109443187714
pry,2009,0.13511602580547333
pry,2010,0.134267196059227
pry,2011,0.1332627236843109
pry,2012,0.1319219321012497
pry,2013,0.13014645874500275
pry,2014,0.12836693227291107
pry,2015,0.12651631236076355
pry,2016,0.12467209994792938
pry,2017,0.12467209249734879
qat,2000,0.15179598331451416
qat,2001,0.15010391175746918
qat,2002,0.14851023256778717
qat,2003,0.14697116613388062
qat,2004,0.14547839760780334
qat,2005,0.14395464956760406
qat,2006,0.14226241409778595
qat,2007,0.14012278616428375
qat,2008,0.1374153345823288
qat,2009,0.13450610637664795
qat,2010,0.13132677972316742
qat,2011,0.12891338765621185
qat,2012,0.12714897096157074
qat,2013,0.12566642463207245
qat,2014,0.1248684674501419
qat,2015,0.124352365732193
qat,2016,0.12390344589948654
qat,2017,0.12390344589948654
rou,2000,0.11179536581039429
rou,2001,0.09785322099924088
rou,2002,0.09148084372282028
rou,2003,0.08288189023733139
rou,2004,0.06396484375
rou,2005,0.06881720572710037
rou,2006,0.07779097557067871
rou,2007,0.0710868090391159
rou,2008,0.07306273281574249
rou,2009,0.0611596442759037
rou,2010,0.06678230315446854
rou,2011,0.08034849166870117
rou,2012,0.07855626195669174
rou,2013,0.07312049716711044
rou,2014,0.05515088886022568
rou,2015,0.050767406821250916
rou,2016,0.05924824997782707
rou,2017,0.05924825370311737
rus,2000,0.12076512724161148
rus,2001,0.11980205029249191
rus,2002,0.11902116239070892
rus,2003,0.11839090287685394
rus,2004,0.11788970977067947
rus,2005,0.11763981729745865
rus,2006,0.11758428066968918
rus,2007,0.11763869225978851
rus,2008,0.11773858219385147
rus,2009,0.11776478588581085
rus,2010,0.11768443882465363
rus,2011,0.11752146482467651
rus,2012,0.11729015409946442
rus,2013,0.11708530783653259
rus,2014,0.11680610477924347
rus,2015,0.1165054440498352
rus,2016,0.11629106104373932
rus,2017,0.11629105359315872
rwa,2000,0.33545321226119995
rwa,2001,0.3385317623615265
rwa,2002,0.3387259840965271
rwa,2003,0.3358130156993866
rwa,2004,0.3309241235256195
rwa,2005,0.3244098424911499
rwa,2006,0.3165014386177063
rwa,2007,0.30798888206481934
rwa,2008,0.2987775206565857
rwa,2009,0.2894316613674164
rwa,2010,0.28073376417160034
rwa,2011,0.2733798325061798
rwa,2012,0.26753950119018555
rwa,2013,0.26340359449386597
rwa,2014,0.26026684045791626
rwa,2015,0.2575429379940033
rwa,2016,0.2554199993610382
rwa,2017,0.2554200291633606
sau,2000,0.18225573003292084
sau,2001,0.18010370433330536
sau,2002,0.178069606423378
sau,2003,0.1748899519443512
sau,2004,0.1706027239561081
sau,2005,0.1669357270002365
sau,2006,0.16355502605438232
sau,2007,0.16019365191459656
sau,2008,0.1568649858236313
sau,2009,0.1538117527961731
sau,2010,0.15075229108333588
sau,2011,0.14785388112068176
sau,2012,0.14500512182712555
sau,2013,0.14240506291389465
sau,2014,0.14054739475250244
sau,2015,0.13922691345214844
sau,2016,0.13848036527633667
sau,2017,0.13848038017749786
sdn,2000,0.2886772155761719
sdn,2001,0.28605425357818604
sdn,2002,0.284292995929718
sdn,2003,0.28225237131118774
sdn,2004,0.27923664450645447
sdn,2005,0.2731100916862488
sdn,2006,0.26381179690361023
sdn,2007,0.25338172912597656
sdn,2008,0.24336574971675873
sdn,2009,0.23533178865909576
sdn,2010,0.22917571663856506
sdn,2011,0.22494201362133026
sdn,2012,0.2219136357307434
sdn,2013,0.2205909639596939
sdn,2014,0.21956005692481995
sdn,2015,0.21905939280986786
sdn,2016,0.21788066625595093
sdn,2017,0.21788068115711212
sen,2000,0.27218344807624817
sen,2001,0.27602800726890564
sen,2002,0.280065655708313
sen,2003,0.27958887815475464
sen,2004,0.2756351828575134
sen,2005,0.27095726132392883
sen,2006,0.2673892378807068
sen,2007,0.26548993587493896
sen,2008,0.26445063948631287
sen,2009,0.2646147608757019
sen,2010,0.26506632566452026
sen,2011,0.2649897336959839
sen,2012,0.26443052291870117
sen,2013,0.2633509635925293
sen,2014,0.2620142996311188
sen,2015,0.2605316936969757
sen,2016,0.25888577103614807
sen,2017,0.25888580083847046
sgp,2000,0.07692307978868484
sgp,2001,0.04545454680919647
sgp,2002,0.017241375520825386
sgp,2003,0.03508772328495979
sgp,2004,0.11764705926179886
sgp,2005,0.1111111119389534
sgp,2006,0.06557376682758331
sgp,2007,0.0238095261156559
sgp,2008,0.021739130839705467
sgp,2009,0.08510638028383255
sgp,2010,0.1538461595773697
sgp,2011,0.13953490555286407
sgp,2012,0.06818182021379471
sgp,2013,0.027027025818824768
sgp,2014,0.095238097012043
sgp,2015,0.03448275849223137
sgp,2016,0.06034385785460472
sgp,2017,0.06034385785460472
slb,2000,0.24137884378433228
slb,2001,0.2408096045255661
slb,2002,0.24130144715309143
slb,2003,0.24078859388828278
slb,2004,0.23952803015708923
slb,2005,0.23841595649719238
slb,2006,0.23780815303325653
slb,2007,0.23761168122291565
slb,2008,0.23724335432052612
slb,2009,0.2367137372493744
slb,2010,0.2358694225549698
slb,2011,0.23508276045322418
slb,2012,0.23425333201885223
slb,2013,0.23331180214881897
slb,2014,0.23244348168373108
slb,2015,0.2315496802330017
slb,2016,0.2305299937725067
slb,2017,0.23052996397018433
sle,2000,0.26407337188720703
sle,2001,0.2670246362686157
sle,2002,0.26916149258613586
sle,2003,0.26982182264328003
sle,2004,0.2711430788040161
sle,2005,0.2752853333950043
sle,2006,0.2814406156539917
sle,2007,0.2873692810535431
sle,2008,0.29107049107551575
sle,2009,0.2929244637489319
sle,2010,0.2935931384563446
sle,2011,0.29409584403038025
sle,2012,0.2948106825351715
sle,2013,0.29575303196907043
sle,2014,0.29675137996673584
sle,2015,0.29691681265830994
sle,2016,0.29658108949661255
sle,2017,0.29658105969429016
slv,2000,0.18190133571624756
slv,2001,0.17868182063102722
slv,2002,0.17563338577747345
slv,2003,0.17267818748950958
slv,2004,0.16969655454158783
slv,2005,0.16615672409534454
slv,2006,0.162739098072052
slv,2007,0.15967538952827454
slv,2008,0.15653195977210999
slv,2009,0.15406066179275513
slv,2010,0.15174533426761627
slv,2011,0.14954999089241028
slv,2012,0.14779791235923767
slv,2013,0.14601919054985046
slv,2014,0.1447082906961441
slv,2015,0.14371025562286377
slv,2016,0.14298871159553528
slv,2017,0.14298871159553528
smr,2000,
smr,2001,
smr,2002,
smr,2003,
smr,2004,
smr,2005,
smr,2006,
smr,2007,
smr,2008,
smr,2009,
smr,2010,
smr,2011,
smr,2012,
smr,2013,
smr,2014,
smr,2015,
smr,2016,
smr,2017,
som,2000,0.31838059425354004
som,2001,0.3199957311153412
som,2002,0.32327431440353394
som,2003,0.326445609331131
som,2004,0.3307167589664459
som,2005,0.33487600088119507
som,2006,0.3393828868865967
som,2007,0.3438131511211395
som,2008,0.3485366702079773
som,2009,0.35392534732818604
som,2010,0.3576774597167969
som,2011,0.360539972782135
som,2012,0.3623383641242981
som,2013,0.36467793583869934
som,2014,0.3666829764842987
som,2015,0.36882221698760986
som,2016,0.37045523524284363
som,2017,0.370455265045166
srb,2000,0.23605948686599731
srb,2001,0.1977611929178238
srb,2002,0.2358490526676178
srb,2003,0.178571417927742
srb,2004,0.1666666716337204
srb,2005,0.2058047503232956
srb,2006,0.203438401222229
srb,2007,0.1598745882511139
srb,2008,0.17241379618644714
srb,2009,0.23364484310150146
srb,2010,0.16611294448375702
srb,2011,0.13131313025951385
srb,2012,0.1586206704378128
srb,2013,0.16943523287773132
srb,2014,0.12544803321361542
srb,2015,0.13852812349796295
srb,2016,0.14348192512989044
srb,2017,0.14348194003105164
ssd,2000,0.3024456799030304
ssd,2001,0.3063798248767853
ssd,2002,0.3098413646221161
ssd,2003,0.3128106892108917
ssd,2004,0.3149715065956116
ssd,2005,0.315823495388031
ssd,2006,0.3154403567314148
ssd,2007,0.314515084028244
ssd,2008,0.3134042024612427
ssd,2009,0.3128668963909149
ssd,2010,0.3129836618900299
ssd,2011,0.31478121876716614
ssd,2012,0.31832337379455566
ssd,2013,0.322496622800827
ssd,2014,0.32593095302581787
ssd,2015,0.3279440701007843
ssd,2016,0.3292253315448761
ssd,2017,0.3292253017425537
stp,2000,0.27363425493240356
stp,2001,0.2728325128555298
stp,2002,0.2729157507419586
stp,2003,0.27409613132476807
stp,2004,0.2760169804096222
stp,2005,0.2770400941371918
stp,2006,0.2764837145805359
stp,2007,0.27402254939079285
stp,2008,0.2707403898239136
stp,2009,0.26755744218826294
stp,2010,0.26486936211586
stp,2011,0.26293888688087463
stp,2012,0.26150041818618774
stp,2013,0.2601688504219055
stp,2014,0.2589948773384094
stp,2015,0.257608026266098
stp,2016,0.25646087527275085
stp,2017,0.25646087527275085
sur,2000,0.1320754736661911
sur,2001,0.22580648958683014
sur,2002,0.307692289352417
sur,2003,0.23000000417232513
sur,2004,0.23469388484954834
sur,2005,0.22413794696331024
sur,2006,0.23140494525432587
sur,2007,0.14705882966518402
sur,2008,0.17293231189250946
sur,2009,0.1666666716337204
sur,2010,0.16296295821666718
sur,2011,0.18421053886413574
sur,2012,0.16981132328510284
sur,2013,0.19379845261573792
sur,2014,0.20338982343673706
sur,2015,0.18902450799942017
sur,2016,0.18902453780174255
sur,2017,0.18902452290058136
svk,2000,0.07241379469633102
svk,2001,0.0833333358168602
svk,2002,0.04641349986195564
svk,2003,0.07929515093564987
svk,2004,0.07692307978868484
svk,2005,0.07657657563686371
svk,2006,0.10810809582471848
svk,2007,0.13636362552642822
svk,2008,0.0615384578704834
svk,2009,0.05464480444788933
svk,2010,0.08133971691131592
svk,2011,0.07764633744955063
svk,2012,0.07386364042758942
svk,2013,0.07865168899297714
svk,2014,0.08196721225976944
svk,2015,0.07488446682691574
svk,2016,0.07488446682691574
svk,2017,0.07488446682691574
svn,2000,0.09677419811487198
svn,2001,0.17307692766189575
svn,2002,0.13725490868091583
svn,2003,0.039215683937072754
svn,2004,0.08695652335882187
svn,2005,0.09090909361839294
svn,2006,0.0
svn,2007,0.10526315867900848
svn,2008,0.10810812562704086
svn,2009,0.12121212482452393
svn,2010,0.05000000074505806
svn,2011,0.04651162773370743
svn,2012,0.03333333507180214
svn,2013,0.020408164709806442
svn,2014,0.07407407462596893
svn,2015,0.0833333358168602
svn,2016,0.06054212898015976
svn,2017,0.06054213270545006
swe,2000,0.12299465388059616
swe,2001,0.15454545617103577
swe,2002,0.17733989655971527
swe,2003,0.17142857611179352
swe,2004,0.19431279599666595
swe,2005,0.18705034255981445
swe,2006,0.17365267872810364
swe,2007,0.16959063708782196
swe,2008,0.12941178679466248
swe,2009,0.1764705926179886
swe,2010,0.167701855301857
swe,2011,0.21538463234901428
swe,2012,0.20606060326099396
swe,2013,0.18023253977298737
swe,2014,0.222929909825325
swe,2015,0.17241378128528595
swe,2016,0.19209858775138855
swe,2017,0.19209860265254974
swz,2000,0.3124507963657379
swz,2001,0.3097962439060211
swz,2002,0.307796835899353
swz,2003,0.306478351354599
swz,2004,0.30529722571372986
swz,2005,0.30337896943092346
swz,2006,0.3003504276275635
swz,2007,0.2965501844882965
swz,2008,0.2928083539009094
swz,2009,0.2889626920223236
swz,2010,0.285033643245697
swz,2011,0.28007566928863525
swz,2012,0.2775202691555023
swz,2013,0.27510547637939453
swz,2014,0.2730569541454315
swz,2015,0.27163931727409363
swz,2016,0.27094757556915283
swz,2017,0.2709476351737976
syc,2000,0.13751094043254852
syc,2001,0.1358717381954193
syc,2002,0.13433252274990082
syc,2003,0.13292504847049713
syc,2004,0.13182412087917328
syc,2005,0.13069206476211548
syc,2006,0.129602313041687
syc,2007,0.1284453421831131
syc,2008,0.1272776573896408
syc,2009,0.12604902684688568
syc,2010,0.12474798411130905
syc,2011,0.12357563525438309
syc,2012,0.12242212146520615
syc,2013,0.12142395973205566
syc,2014,0.12065136432647705
syc,2015,0.12001572549343109
syc,2016,0.11952421069145203
syc,2017,0.11952421814203262
syr,2000,0.18850477039813995
syr,2001,0.18627990782260895
syr,2002,0.18397024273872375
syr,2003,0.18147511780261993
syr,2004,0.17807486653327942
syr,2005,0.17516061663627625
syr,2006,0.1721464842557907
syr,2007,0.1692296713590622
syr,2008,0.16640926897525787
syr,2009,0.1638602316379547
syr,2010,0.16169194877147675
syr,2011,0.15957020223140717
syr,2012,0.15761691331863403
syr,2013,0.1557966023683548
syr,2014,0.15435032546520233
syr,2015,0.1532221883535385
syr,2016,0.15230201184749603
syr,2017,0.15230201184749603
tcd,2000,0.3178289830684662
tcd,2001,0.31782782077789307
tcd,2002,0.318186491727829
tcd,2003,0.3187307119369507
tcd,2004,0.317485511302948
tcd,2005,0.3164829909801483
tcd,2006,0.3162725269794464
tcd,2007,0.31868883967399597
tcd,2008,0.3209540843963623
tcd,2009,0.3214256465435028
tcd,2010,0.3188368082046509
tcd,2011,0.3159731924533844
tcd,2012,0.3137477934360504
tcd,2013,0.315041720867157
tcd,2014,0.3188932538032532
tcd,2015,0.3228192627429962
tcd,2016,0.32609301805496216
tcd,2017,0.32609307765960693
tgo,2000,0.2901723384857178
tgo,2001,0.2912297248840332
tgo,2002,0.2943356931209564
tgo,2003,0.2983688414096832
tgo,2004,0.30058854818344116
tgo,2005,0.30234649777412415
tgo,2006,0.3046666383743286
tgo,2007,0.30780619382858276
tgo,2008,0.3097258508205414
tgo,2009,0.31026244163513184
tgo,2010,0.30931639671325684
tgo,2011,0.3083915412425995
tgo,2012,0.308921754360199
tgo,2013,0.31045863032341003
tgo,2014,0.31308457255363464
tgo,2015,0.31384772062301636
tgo,2016,0.3143789768218994
tgo,2017,0.3143790066242218
tha,2000,0.1424996256828308
tha,2001,0.1404474377632141
tha,2002,0.13862600922584534
tha,2003,0.13687776029109955
tha,2004,0.13516144454479218
tha,2005,0.1333644539117813
tha,2006,0.13152675330638885
tha,2007,0.12916576862335205
tha,2008,0.12674668431282043
tha,2009,0.12480762600898743
tha,2010,0.12373892217874527
tha,2011,0.12419373542070389
tha,2012,0.1254587173461914
tha,2013,0.12691301107406616
tha,2014,0.12789811193943024
tha,2015,0.12822769582271576
tha,2016,0.12823374569416046
tha,2017,0.12823374569416046
tjk,2000,0.26333922147750854
tjk,2001,0.26123714447021484
tjk,2002,0.2596858739852905
tjk,2003,0.25926464796066284
tjk,2004,0.26038962602615356
tjk,2005,0.2621234655380249
tjk,2006,0.2639370262622833
tjk,2007,0.2657971680164337
tjk,2008,0.2655176818370819
tjk,2009,0.2641269266605377
tjk,2010,0.26092955470085144
tjk,2011,0.2583932876586914
tjk,2012,0.2560696005821228
tjk,2013,0.2545677721500397
tjk,2014,0.2531623840332031
tjk,2015,0.25183919072151184
tjk,2016,0.2505294680595398
tjk,2017,0.2505294680595398
tkm,2000,0.24951452016830444
tkm,2001,0.2493859827518463
tkm,2002,0.24962462484836578
tkm,2003,0.24989357590675354
tkm,2004,0.2500551640987396
tkm,2005,0.2503483295440674
tkm,2006,0.25083115696907043
tkm,2007,0.25125613808631897
tkm,2008,0.25174570083618164
tkm,2009,0.25236600637435913
tkm,2010,0.25298362970352173
tkm,2011,0.2535351514816284
tkm,2012,0.2538495659828186
tkm,2013,0.2540004551410675
tkm,2014,0.25356587767601013
tkm,2015,0.2525700330734253
tkm,2016,0.251434326171875
tkm,2017,0.2514342963695526
tls,2000,0.32302430272102356
tls,2001,0.32280775904655457
tls,2002,0.321929007768631
tls,2003,0.3202280104160309
tls,2004,0.31858083605766296
tls,2005,0.31672313809394836
tls,2006,0.31422391533851624
tls,2007,0.31287500262260437
tls,2008,0.3118744194507599
tls,2009,0.31190794706344604
tls,2010,0.31050923466682434
tls,2011,0.3086285889148712
tls,2012,0.30582958459854126
tls,2013,0.3038010597229004
tls,2014,0.30216729640960693
tls,2015,0.30080536007881165
tls,2016,0.29921191930770874
tls,2017,0.29921194911003113
ton,2000,0.11779067665338516
ton,2001,0.11757324635982513
ton,2002,0.11746373772621155
ton,2003,0.11733026802539825
ton,2004,0.11730794608592987
ton,2005,0.11717440187931061
ton,2006,0.11712639033794403
ton,2007,0.11703263968229294
ton,2008,0.1170235276222229
ton,2009,0.11693274229764938
ton,2010,0.11694008111953735
ton,2011,0.11701653152704239
ton,2012,0.11696705967187881
ton,2013,0.11678257584571838
ton,2014,0.11663845926523209
ton,2015,0.1164366826415062
ton,2016,0.11623772978782654
ton,2017,0.11623772978782654
tto,2000,0.37142854928970337
tto,2001,0.14195583760738373
tto,2002,0.09289617836475372
tto,2003,0.09742119908332825
tto,2004,0.15789474546909332
tto,2005,0.1428571194410324
tto,2006,0.20666666328907013
tto,2007,0.17763158679008484
tto,2008,0.1267605572938919
tto,2009,0.11917097866535187
tto,2010,0.16574585437774658
tto,2011,0.10000000894069672
tto,2012,0.1298207938671112
tto,2013,0.1298207938671112
tto,2014,0.1298207938671112
tto,2015,0.12982077896595
tto,2016,0.12982077896595
tto,2017,0.12982077896595
tun,2000,0.19337886571884155
tun,2001,0.19006659090518951
tun,2002,0.1871062070131302
tun,2003,0.18415041267871857
tun,2004,0.1816696673631668
tun,2005,0.17944622039794922
tun,2006,0.17731428146362305
tun,2007,0.17542007565498352
tun,2008,0.17371360957622528
tun,2009,0.17201605439186096
tun,2010,0.17051565647125244
tun,2011,0.16923052072525024
tun,2012,0.16819776594638824
tun,2013,0.16743122041225433
tun,2014,0.16667672991752625
tun,2015,0.16622944176197052
tun,2016,0.1658046841621399
tun,2017,0.1658046692609787
tur,2000,0.09056001901626587
tur,2001,0.09056002646684647
tur,2002,0.09056001901626587
tur,2003,0.09056001901626587
tur,2004,0.09056001901626587
tur,2005,0.09056002646684647
tur,2006,0.09056002646684647
tur,2007,0.09056002646684647
tur,2008,0.09056002646684647
tur,2009,0.10754276067018509
tur,2010,0.08667587488889694
tur,2011,0.07776731997728348
tur,2012,0.07769763469696045
tur,2013,0.07699988037347794
tur,2014,0.07749118655920029
tur,2015,0.07749118655920029
tur,2016,0.07749119400978088
tur,2017,0.07749119400978088
tuv,2000,0.1860368847846985
tuv,2001,0.18343517184257507
tuv,2002,0.18091021478176117
tuv,2003,0.17849116027355194
tuv,2004,0.17624327540397644
tuv,2005,0.17385102808475494
tuv,2006,0.17181740701198578
tuv,2007,0.16965298354625702
tuv,2008,0.16750206053256989
tuv,2009,0.16552823781967163
tuv,2010,0.16322535276412964
tuv,2011,0.16126053035259247
tuv,2012,0.15929153561592102
tuv,2013,0.157332181930542
tuv,2014,0.15536318719387054
tuv,2015,0.15356802940368652
tuv,2016,0.15161406993865967
tuv,2017,0.15161405503749847
tza,2000,0.32772448658943176
tza,2001,0.3270982503890991
tza,2002,0.3269515931606293
tza,2003,0.3263123631477356
tza,2004,0.3257084786891937
tza,2005,0.3249000012874603
tza,2006,0.324128121137619
tza,2007,0.3229197561740875
tza,2008,0.3207794427871704
tza,2009,0.31826820969581604
tza,2010,0.31544044613838196
tza,2011,0.31362608075141907
tza,2012,0.31270474195480347
tza,2013,0.3119494616985321
tza,2014,0.31073662638664246
tza,2015,0.3093818724155426
tza,2016,0.30779382586479187
tza,2017,0.30779382586479187
uga,2000,0.31698232889175415
uga,2001,0.31833863258361816
uga,2002,0.318753182888031
uga,2003,0.3175505995750427
uga,2004,0.3155345618724823
uga,2005,0.3129655420780182
uga,2006,0.31070104241371155
uga,2007,0.3080899715423584
uga,2008,0.30610191822052
uga,2009,0.3037841320037842
uga,2010,0.30191394686698914
uga,2011,0.29917770624160767
uga,2012,0.2971813380718231
uga,2013,0.29509469866752625
uga,2014,0.29325008392333984
uga,2015,0.29116883873939514
uga,2016,0.28961387276649475
uga,2017,0.28961381316185
ukr,2000,0.11674939841032028
ukr,2001,0.11636724323034286
ukr,2002,0.11605490744113922
ukr,2003,0.11594762653112411
ukr,2004,0.11587709933519363
ukr,2005,0.11589641869068146
ukr,2006,0.11589565873146057
ukr,2007,0.11593934148550034
ukr,2008,0.11588083952665329
ukr,2009,0.11578857898712158
ukr,2010,0.11568358540534973
ukr,2011,0.11555486917495728
ukr,2012,0.11542677134275436
ukr,2013,0.1153126209974289
ukr,2014,0.11514224857091904
ukr,2015,0.11497490853071213
ukr,2016,0.11483422666788101
ukr,2017,0.11483421921730042
ury,2000,0.13399504125118256
ury,2001,0.14030613005161285
ury,2002,0.15128204226493835
ury,2003,0.11255621165037155
ury,2004,0.07520890980958939
ury,2005,0.0960264801979065
ury,2006,0.12631578743457794
ury,2007,0.11347518861293793
ury,2008,0.11023622006177902
ury,2009,0.07614213228225708
ury,2010,0.1034482792019844
ury,2011,0.12094834446907043
ury,2012,0.13944223523139954
ury,2013,0.15040647983551025
ury,2014,0.13656386733055115
ury,2015,0.08219178766012192
ury,2016,0.12229681760072708
ury,2017,0.12229683250188828
usa,2000,0.07844109833240509
usa,2001,0.07850351929664612
usa,2002,0.08855113387107849
usa,2003,0.07499591261148453
usa,2004,0.07066155225038528
usa,2005,0.07143645733594894
usa,2006,0.06421668827533722
usa,2007,0.06594834476709366
usa,2008,0.06731043756008148
usa,2009,0.06735125929117203
usa,2010,0.07337752729654312
usa,2011,0.07292207330465317
usa,2012,0.07743754237890244
usa,2013,0.07535005360841751
usa,2014,0.07924378663301468
usa,2015,0.08016348630189896
usa,2016,0.07825582474470139
usa,2017,0.07825583964586258
uzb,2000,0.2424832135438919
uzb,2001,0.23989495635032654
uzb,2002,0.23814888298511505
uzb,2003,0.23739667236804962
uzb,2004,0.237457737326622
uzb,2005,0.23786373436450958
uzb,2006,0.23760086297988892
uzb,2007,0.23710301518440247
uzb,2008,0.23621517419815063
uzb,2009,0.23504780232906342
uzb,2010,0.23371726274490356
uzb,2011,0.23230232298374176
uzb,2012,0.23076234757900238
uzb,2013,0.22915947437286377
uzb,2014,0.22745367884635925
uzb,2015,0.2257012277841568
uzb,2016,0.22380413115024567
uzb,2017,0.22380414605140686
vct,2000,0.16704806685447693
vct,2001,0.15907928347587585
vct,2002,0.18072287738323212
vct,2003,0.09756097942590714
vct,2004,0.09333333373069763
vct,2005,0.09089814126491547
vct,2006,0.13964131474494934
vct,2007,0.14123672246932983
vct,2008,0.11513113975524902
vct,2009,0.13261494040489197
vct,2010,0.12826086580753326
vct,2011,0.17954546213150024
vct,2012,0.1785714328289032
vct,2013,0.17685185372829437
vct,2014,0.13352827727794647
vct,2015,0.10429041087627411
vct,2016,0.10631931573152542
vct,2017,0.11885712295770645
ven,2000,0.16095668077468872
ven,2001,0.16617467999458313
ven,2002,0.16562499105930328
ven,2003,0.16869229078292847
ven,2004,0.14958813786506653
ven,2005,0.14682604372501373
ven,2006,0.14660225808620453
ven,2007,0.15504683554172516
ven,2008,0.1538461595773697
ven,2009,0.14777925610542297
ven,2010,0.13592232763767242
ven,2011,0.1465517282485962
ven,2012,0.13758234679698944
ven,2013,0.14276601374149323
ven,2014,0.14227133989334106
ven,2015,0.14227133989334106
ven,2016,0.14227136969566345
ven,2017,0.14227135479450226
vnm,2000,0.15835556387901306
vnm,2001,0.1560317575931549
vnm,2002,0.15366342663764954
vnm,2003,0.15141995251178741
vnm,2004,0.14926573634147644
vnm,2005,0.14765988290309906
vnm,2006,0.14601688086986542
vnm,2007,0.14427360892295837
vnm,2008,0.14254677295684814
vnm,2009,0.14097318053245544
vnm,2010,0.1394747793674469
vnm,2011,0.13840267062187195
vnm,2012,0.13755428791046143
vnm,2013,0.13677063584327698
vnm,2014,0.13610583543777466
vnm,2015,0.13547395169734955
vnm,2016,0.13481251895427704
vnm,2017,0.13481251895427704
vut,2000,0.19100098311901093
vut,2001,0.19037511944770813
vut,2002,0.18901970982551575
vut,2003,0.18596023321151733
vut,2004,0.18285547196865082
vut,2005,0.1802746206521988
vut,2006,0.17817902565002441
vut,2007,0.17631375789642334
vut,2008,0.17471002042293549
vut,2009,0.17312495410442352
vut,2010,0.17180603742599487
vut,2011,0.1701943278312683
vut,2012,0.16876140236854553
vut,2013,0.1669655591249466
vut,2014,0.16528047621250153
vut,2015,0.1636664867401123
vut,2016,0.16209879517555237
vut,2017,0.16209882497787476
wsm,2000,0.12446140497922897
wsm,2001,0.12367568910121918
wsm,2002,0.12283168733119965
wsm,2003,0.12198823690414429
wsm,2004,0.12100966274738312
wsm,2005,0.11996877938508987
wsm,2006,0.11900738626718521
wsm,2007,0.11822374910116196
wsm,2008,0.11753438413143158
wsm,2009,0.11702127754688263
wsm,2010,0.11650937050580978
wsm,2011,0.11611762642860413
wsm,2012,0.11583879590034485
wsm,2013,0.11554200947284698
wsm,2014,0.11519251763820648
wsm,2015,0.11487075686454773
wsm,2016,0.11449266970157623
wsm,2017,0.11449267715215683
yem,2000,0.2516983151435852
yem,2001,0.2544707953929901
yem,2002,0.25801143050193787
yem,2003,0.25970977544784546
yem,2004,0.25948983430862427
yem,2005,0.257387638092041
yem,2006,0.25594308972358704
yem,2007,0.2555460035800934
yem,2008,0.2559140920639038
yem,2009,0.25534549355506897
yem,2010,0.2530587613582611
yem,2011,0.25088343024253845
yem,2012,0.24844890832901
yem,2013,0.24789153039455414
yem,2014,0.2477497011423111
yem,2015,0.24867115914821625
yem,2016,0.24730482697486877
yem,2017,0.24730484187602997
zaf,2000,0.22088608145713806
zaf,2001,0.22088609635829926
zaf,2002,0.22088608145713806
zaf,2003,0.22088609635829926
zaf,2004,0.22088611125946045
zaf,2005,0.22088611125946045
zaf,2006,0.2244199514389038
zaf,2007,0.2126573771238327
zaf,2008,0.22568681836128235
zaf,2009,0.23914523422718048
zaf,2010,0.22243274748325348
zaf,2011,0.2197723388671875
zaf,2012,0.21181969344615936
zaf,2013,0.20906305313110352
zaf,2014,0.20151107013225555
zaf,2015,0.19489461183547974
zaf,2016,0.20186066627502441
zaf,2017,0.2018606811761856
zmb,2000,0.3216007351875305
zmb,2001,0.32268720865249634
zmb,2002,0.32231172919273376
zmb,2003,0.32102033495903015
zmb,2004,0.31902390718460083
zmb,2005,0.316805362701416
zmb,2006,0.314612478017807
zmb,2007,0.31301695108413696
zmb,2008,0.31165051460266113
zmb,2009,0.30995693802833557
zmb,2010,0.30829736590385437
zmb,2011,0.30649876594543457
zmb,2012,0.3040163516998291
zmb,2013,0.3014295995235443
zmb,2014,0.298829048871994
zmb,2015,0.2966683506965637
zmb,2016,0.2948724925518036
zmb,2017,0.2948724627494812
zwe,2000,0.29933133721351624
zwe,2001,0.3017228841781616
zwe,2002,0.30407795310020447
zwe,2003,0.30594465136528015
zwe,2004,0.3071911931037903
zwe,2005,0.3073563873767853
zwe,2006,0.30659621953964233
zwe,2007,0.30517831444740295
zwe,2008,0.30255648493766785
zwe,2009,0.29860228300094604
zwe,2010,0.29293322563171387
zwe,2011,0.28721314668655396
zwe,2012,0.2821396589279175
zwe,2013,0.2796691656112671
zwe,2014,0.2783072888851166
zwe,2015,0.2773868143558502
zwe,2016,0.27582213282585144
zwe,2017,0.27582213282585144
