country,year,rpost5
afg,2000,0.019708670675754547
afg,2001,0.017628954723477364
afg,2002,0.01584514230489731
afg,2003,0.014417191036045551
afg,2004,0.013086574152112007
afg,2005,0.011778846383094788
afg,2006,0.010795067064464092
afg,2007,0.009926781989634037
afg,2008,0.009064781479537487
afg,2009,0.0084083778783679
afg,2010,0.00787113606929779
afg,2011,0.007281907834112644
afg,2012,0.0068948944099247456
afg,2013,0.0065052080899477005
afg,2014,0.006162039469927549
afg,2015,0.005843179300427437
afg,2016,0.005540152546018362
afg,2017,0.005265400744974613
ago,2000,0.014069300144910812
ago,2001,0.013254085555672646
ago,2002,0.01250007189810276
ago,2003,0.011753491126000881
ago,2004,0.010934938676655293
ago,2005,0.009937026537954807
ago,2006,0.00885848980396986
ago,2007,0.007736674975603819
ago,2008,0.006635947152972221
ago,2009,0.005778448656201363
ago,2010,0.0050960020162165165
ago,2011,0.0045533813536167145
ago,2012,0.004210440907627344
ago,2013,0.0039023314602673054
ago,2014,0.0036422605626285076
ago,2015,0.003423657501116395
ago,2016,0.0032186340540647507
ago,2017,0.0030537357088178396
alb,2000,0.0
alb,2001,0.0
alb,2002,0.0
alb,2003,0.0
alb,2004,0.0
alb,2005,0.0
alb,2006,0.0
alb,2007,0.0
alb,2008,0.0
alb,2009,0.0
alb,2010,0.0
alb,2011,0.0
alb,2012,0.0
alb,2013,0.0
alb,2014,0.0
alb,2015,0.0
alb,2016,0.0
alb,2017,0.0
and,2000,0.0
and,2001,0.0
and,2002,0.0
and,2003,0.0
and,2004,0.0
and,2005,0.0
and,2006,0.0
and,2007,0.0
and,2008,0.0
and,2009,0.0
and,2010,0.0
and,2011,0.0
and,2012,0.0
and,2013,0.0
and,2014,0.0
and,2015,0.0
and,2016,0.0
and,2017,0.0
are,2000,0.0
are,2001,0.0
are,2002,0.0
are,2003,0.0
are,2004,0.0
are,2005,0.0
are,2006,0.0
are,2007,0.0
are,2008,0.0
are,2009,0.0
are,2010,0.0
are,2011,0.0
are,2012,0.0
are,2013,0.0
are,2014,0.0
are,2015,0.0
are,2016,0.0
are,2017,0.0
arg,2000,0.0
arg,2001,0.0
arg,2002,0.0
arg,2003,0.0
arg,2004,0.0
arg,2005,0.0
arg,2006,0.0
arg,2007,0.0
arg,2008,0.0
arg,2009,0.0
arg,2010,0.0
arg,2011,0.0
arg,2012,0.0
arg,2013,0.0
arg,2014,0.0
arg,2015,0.0
arg,2016,0.0
arg,2017,0.0
arm,2000,0.0
arm,2001,0.0
arm,2002,0.0
arm,2003,0.0
arm,2004,0.0
arm,2005,0.0
arm,2006,0.0
arm,2007,0.0
arm,2008,0.0
arm,2009,0.0
arm,2010,0.0
arm,2011,0.0
arm,2012,0.0
arm,2013,0.0
arm,2014,0.0
arm,2015,0.0
arm,2016,0.0
arm,2017,0.0
atg,2000,0.0
atg,2001,0.0
atg,2002,0.0
atg,2003,0.0
atg,2004,0.0
atg,2005,0.0
atg,2006,0.0
atg,2007,0.0
atg,2008,0.0
atg,2009,0.0
atg,2010,0.0
atg,2011,0.0
atg,2012,0.0
atg,2013,0.0
atg,2014,0.0
atg,2015,0.0
atg,2016,0.0
atg,2017,0.0
aus,2000,0.0
aus,2001,0.0
aus,2002,0.0
aus,2003,0.0
aus,2004,0.0
aus,2005,0.0
aus,2006,0.0
aus,2007,0.0
aus,2008,0.0
aus,2009,0.0
aus,2010,0.0
aus,2011,0.0
aus,2012,0.0
aus,2013,0.0
aus,2014,0.0
aus,2015,0.0
aus,2016,0.0
aus,2017,0.0
aut,2000,0.0
aut,2001,0.0
aut,2002,0.0
aut,2003,0.0
aut,2004,0.0
aut,2005,0.0
aut,2006,0.0
aut,2007,0.0
aut,2008,0.0
aut,2009,0.0
aut,2010,0.0
aut,2011,0.0
aut,2012,0.0
aut,2013,0.0
aut,2014,0.0
aut,2015,0.0
aut,2016,0.0
aut,2017,0.0
aze,2000,0.0
aze,2001,0.0
aze,2002,0.0
aze,2003,0.0
aze,2004,0.0
aze,2005,0.0
aze,2006,0.0
aze,2007,0.0
aze,2008,0.0
aze,2009,0.0
aze,2010,0.0
aze,2011,0.0
aze,2012,0.0
aze,2013,0.0
aze,2014,0.0
aze,2015,0.0
aze,2016,0.0
aze,2017,0.0
bdi,2000,0.004786189179867506
bdi,2001,0.004354393109679222
bdi,2002,0.003983428701758385
bdi,2003,0.0037264754064381123
bdi,2004,0.0034936685115098953
bdi,2005,0.0032870599534362555
bdi,2006,0.0030955320689827204
bdi,2007,0.002936580218374729
bdi,2008,0.002822450827807188
bdi,2009,0.0026970389299094677
bdi,2010,0.002573183970525861
bdi,2011,0.0024632534477859735
bdi,2012,0.0022961278446018696
bdi,2013,0.0021443190053105354
bdi,2014,0.0020028753206133842
bdi,2015,0.001880752737633884
bdi,2016,0.0017788407858461142
bdi,2017,0.001695443643257022
bel,2000,0.0
bel,2001,0.0
bel,2002,0.0
bel,2003,0.0
bel,2004,0.0
bel,2005,0.0
bel,2006,0.0
bel,2007,0.0
bel,2008,0.0
bel,2009,0.0
bel,2010,0.0
bel,2011,0.0
bel,2012,0.0
bel,2013,0.0
bel,2014,0.0
bel,2015,0.0
bel,2016,0.0
bel,2017,0.0
ben,2000,0.012834535911679268
ben,2001,0.01211464498192072
ben,2002,0.011467483825981617
ben,2003,0.01084864791482687
ben,2004,0.01030845195055008
ben,2005,0.009787668474018574
ben,2006,0.009540652856230736
ben,2007,0.009247684851288795
ben,2008,0.00889161229133606
ben,2009,0.00845289509743452
ben,2010,0.007935264147818089
ben,2011,0.007330958731472492
ben,2012,0.0072019328363239765
ben,2013,0.007047675084322691
ben,2014,0.006878692656755447
ben,2015,0.00667807599529624
ben,2016,0.0064865173771977425
ben,2017,0.006271949969232082
bfa,2000,0.011007651686668396
bfa,2001,0.010558339767158031
bfa,2002,0.010152443312108517
bfa,2003,0.00974173191934824
bfa,2004,0.00939380656927824
bfa,2005,0.009023318067193031
bfa,2006,0.008838712237775326
bfa,2007,0.008548306301236153
bfa,2008,0.00832293275743723
bfa,2009,0.008070721291005611
bfa,2010,0.007768901996314526
bfa,2011,0.007462411653250456
bfa,2012,0.0069720628671348095
bfa,2013,0.006527651567012072
bfa,2014,0.006139279808849096
bfa,2015,0.005811911541968584
bfa,2016,0.005509738344699144
bfa,2017,0.005257898475974798
bgd,2000,0.006392985116690397
bgd,2001,0.005647273734211922
bgd,2002,0.004985449835658073
bgd,2003,0.00441761314868927
bgd,2004,0.0038583939895033836
bgd,2005,0.0033562120515853167
bgd,2006,0.0028751397039741278
bgd,2007,0.0023837280459702015
bgd,2008,0.0019869946409016848
bgd,2009,0.0016595639754086733
bgd,2010,0.0014093947829678655
bgd,2011,0.0012287312420085073
bgd,2012,0.001148737850598991
bgd,2013,0.0010726932669058442
bgd,2014,0.000998800853267312
bgd,2015,0.000937915057875216
bgd,2016,0.0008935544756241143
bgd,2017,0.0008467453299090266
bgr,2000,0.0
bgr,2001,0.0
bgr,2002,0.0
bgr,2003,0.0
bgr,2004,0.0
bgr,2005,0.0
bgr,2006,0.0
bgr,2007,0.0
bgr,2008,0.0
bgr,2009,0.0
bgr,2010,0.0
bgr,2011,0.0
bgr,2012,0.0
bgr,2013,0.0
bgr,2014,0.0
bgr,2015,0.0
bgr,2016,0.0
bgr,2017,0.0
bhr,2000,0.0
bhr,2001,0.0
bhr,2002,0.0
bhr,2003,0.0
bhr,2004,0.0
bhr,2005,0.0
bhr,2006,0.0
bhr,2007,0.0
bhr,2008,0.0
bhr,2009,0.0
bhr,2010,0.0
bhr,2011,0.0
bhr,2012,0.0
bhr,2013,0.0
bhr,2014,0.0
bhr,2015,0.0
bhr,2016,0.0
bhr,2017,0.0
bhs,2000,0.0
bhs,2001,0.0
bhs,2002,0.0
bhs,2003,0.0
bhs,2004,0.0
bhs,2005,0.0
bhs,2006,0.0
bhs,2007,0.0
bhs,2008,0.0
bhs,2009,0.0
bhs,2010,0.0
bhs,2011,0.0
bhs,2012,0.0
bhs,2013,0.0
bhs,2014,0.0
bhs,2015,0.0
bhs,2016,0.0
bhs,2017,0.0
bih,2000,0.0
bih,2001,0.0
bih,2002,0.0
bih,2003,0.0
bih,2004,0.0
bih,2005,0.0
bih,2006,0.0
bih,2007,0.0
bih,2008,0.0
bih,2009,0.0
bih,2010,0.0
bih,2011,0.0
bih,2012,0.0
bih,2013,0.0
bih,2014,0.0
bih,2015,0.0
bih,2016,0.0
bih,2017,0.0
blr,2000,0.0
blr,2001,0.0
blr,2002,0.0
blr,2003,0.0
blr,2004,0.0
blr,2005,0.0
blr,2006,0.0
blr,2007,0.0
blr,2008,0.0
blr,2009,0.0
blr,2010,0.0
blr,2011,0.0
blr,2012,0.0
blr,2013,0.0
blr,2014,0.0
blr,2015,0.0
blr,2016,0.0
blr,2017,0.0
blz,2000,0.0
blz,2001,0.0
blz,2002,0.0
blz,2003,0.0
blz,2004,0.0
blz,2005,0.0
blz,2006,0.0
blz,2007,0.0
blz,2008,0.0
blz,2009,0.0
blz,2010,0.0
blz,2011,0.0
blz,2012,0.0
blz,2013,0.0
blz,2014,0.0
blz,2015,0.0
blz,2016,0.0
blz,2017,0.0
bol,2000,0.008799864910542965
bol,2001,0.007818442769348621
bol,2002,0.0071695102378726006
bol,2003,0.0066123297438025475
bol,2004,0.0061119901947677135
bol,2005,0.005631742533296347
bol,2006,0.005212373100221157
bol,2007,0.004801170900464058
bol,2008,0.004445521626621485
bol,2009,0.004181968979537487
bol,2010,0.003990699537098408
bol,2011,0.00390457222238183
bol,2012,0.003690824145451188
bol,2013,0.0034960187040269375
bol,2014,0.0033391749020665884
bol,2015,0.003157444065436721
bol,2016,0.003027407918125391
bol,2017,0.002927136840298772
bra,2000,0.0
bra,2001,0.0014539887197315693
bra,2002,0.0021000243723392487
bra,2003,0.0006503982585854828
bra,2004,0.0006343285785987973
bra,2005,0.000591333897318691
bra,2006,0.0
bra,2007,0.0
bra,2008,0.0005366586847230792
bra,2009,0.0
bra,2010,0.0
bra,2011,0.0005270913825370371
bra,2012,0.0005200327141210437
bra,2013,0.0
bra,2014,0.0009743414702825248
bra,2015,0.0
bra,2016,0.0005313222645781934
bra,2017,0.00048730330308899283
brb,2000,0.0
brb,2001,0.0
brb,2002,0.0
brb,2003,0.0
brb,2004,0.0
brb,2005,0.0
brb,2006,0.0
brb,2007,0.0
brb,2008,0.0
brb,2009,0.0
brb,2010,0.0
brb,2011,0.0
brb,2012,0.0
brb,2013,0.0
brb,2014,0.0
brb,2015,0.0
brb,2016,0.0
brb,2017,0.0
brn,2000,0.0
brn,2001,0.0
brn,2002,0.07760322093963623
brn,2003,0.07893797010183334
brn,2004,0.08002421259880066
brn,2005,0.0
brn,2006,0.0
brn,2007,0.0
brn,2008,0.0
brn,2009,0.0
brn,2010,0.0
brn,2011,0.0
brn,2012,0.0
brn,2013,0.0
brn,2014,0.0
brn,2015,0.0
brn,2016,0.0
brn,2017,0.0
btn,2000,0.007499577943235636
btn,2001,0.006926464848220348
btn,2002,0.0
btn,2003,0.0
btn,2004,0.0
btn,2005,0.0
btn,2006,0.0
btn,2007,0.0
btn,2008,0.0
btn,2009,0.0
btn,2010,0.0
btn,2011,0.0
btn,2012,0.0
btn,2013,0.0
btn,2014,0.0
btn,2015,0.0
btn,2016,0.0
btn,2017,0.0
bwa,2000,0.0
bwa,2001,0.0
bwa,2002,0.0
bwa,2003,0.0
bwa,2004,0.0
bwa,2005,0.0
bwa,2006,0.0
bwa,2007,0.0
bwa,2008,0.0
bwa,2009,0.0
bwa,2010,0.0
bwa,2011,0.0
bwa,2012,0.0
bwa,2013,0.0
bwa,2014,0.0
bwa,2015,0.0
bwa,2016,0.0
bwa,2017,0.0
caf,2000,0.03317856788635254
caf,2001,0.031542085111141205
caf,2002,0.02973204478621483
caf,2003,0.0277662705630064
caf,2004,0.025897178798913956
caf,2005,0.02422528713941574
caf,2006,0.0224116463214159
caf,2007,0.020763712003827095
caf,2008,0.019313624128699303
caf,2009,0.017996400594711304
caf,2010,0.016944054514169693
caf,2011,0.01603231392800808
caf,2012,0.015597975812852383
caf,2013,0.015134615823626518
caf,2014,0.014596642926335335
caf,2015,0.014008937403559685
caf,2016,0.013266255147755146
caf,2017,0.012806366197764874
can,2000,0.0
can,2001,0.0
can,2002,0.0
can,2003,0.0
can,2004,0.0
can,2005,0.0
can,2006,0.0
can,2007,0.0
can,2008,0.0
can,2009,0.0
can,2010,0.0
can,2011,0.0
can,2012,0.0
can,2013,0.0
can,2014,0.0
can,2015,0.0
can,2016,0.0
can,2017,0.0
che,2000,0.0
che,2001,0.0
che,2002,0.0
che,2003,0.0
che,2004,0.0
che,2005,0.0
che,2006,0.0
che,2007,0.0
che,2008,0.0
che,2009,0.0
che,2010,0.0
che,2011,0.0
che,2012,0.0
che,2013,0.0
che,2014,0.0
che,2015,0.0
che,2016,0.0
che,2017,0.0
chl,2000,0.0
chl,2001,0.0
chl,2002,0.0
chl,2003,0.0
chl,2004,0.0
chl,2005,0.0
chl,2006,0.0
chl,2007,0.0
chl,2008,0.0
chl,2009,0.0
chl,2010,0.0
chl,2011,0.0
chl,2012,0.0
chl,2013,0.0
chl,2014,0.0
chl,2015,0.0
chl,2016,0.0
chl,2017,0.0
chn,2000,0.022472865879535675
chn,2001,0.021607935428619385
chn,2002,0.018850838765501976
chn,2003,0.01698518730700016
chn,2004,0.014295372180640697
chn,2005,0.008162330836057663
chn,2006,0.0039535085670650005
chn,2007,0.0016278947005048394
chn,2008,0.0006241360679268837
chn,2009,0.0010642651468515396
chn,2010,0.0018656525062397122
chn,2011,0.00259294081479311
chn,2012,0.002207297133281827
chn,2013,0.0019876633305102587
chn,2014,0.0013093047309666872
chn,2015,0.0006361439009197056
chn,2016,0.0005991208017803729
chn,2017,0.0005659987800754607
civ,2000,0.01338997483253479
civ,2001,0.012980444356799126
civ,2002,0.012673578225076199
civ,2003,0.012347101233899593
civ,2004,0.011985150165855885
civ,2005,0.0114954998716712
civ,2006,0.01100678090006113
civ,2007,0.010386493988335133
civ,2008,0.00973242986947298
civ,2009,0.009099441580474377
civ,2010,0.00855015218257904
civ,2011,0.008026492781937122
civ,2012,0.007748719770461321
civ,2013,0.0074744378216564655
civ,2014,0.007216291967779398
civ,2015,0.006962395738810301
civ,2016,0.006678318604826927
civ,2017,0.006396682932972908
cmr,2000,0.00817550253123045
cmr,2001,0.008017960004508495
cmr,2002,0.007971910759806633
cmr,2003,0.007971339859068394
cmr,2004,0.007885534316301346
cmr,2005,0.00771319679915905
cmr,2006,0.007543304469436407
cmr,2007,0.007263507694005966
cmr,2008,0.006902639754116535
cmr,2009,0.006517931818962097
cmr,2010,0.006152452901005745
cmr,2011,0.005786575842648745
cmr,2012,0.005524110980331898
cmr,2013,0.00526907853782177
cmr,2014,0.005054878070950508
cmr,2015,0.004825433250516653
cmr,2016,0.004617014434188604
cmr,2017,0.0044533913023769855
cod,2000,0.02336946129798889
cod,2001,0.022265439853072166
cod,2002,0.021370621398091316
cod,2003,0.020528484135866165
cod,2004,0.01958351954817772
cod,2005,0.01846800185739994
cod,2006,0.016835475340485573
cod,2007,0.015249152667820454
cod,2008,0.013757068663835526
cod,2009,0.01238926313817501
cod,2010,0.011177843436598778
cod,2011,0.01010248064994812
cod,2012,0.009722348302602768
cod,2013,0.009369310922920704
cod,2014,0.008992444723844528
cod,2015,0.008642064407467842
cod,2016,0.008324315771460533
cod,2017,0.007973994128406048
cog,2000,0.011960703879594803
cog,2001,0.011242428794503212
cog,2002,0.01042995322495699
cog,2003,0.009688390418887138
cog,2004,0.008931988850235939
cog,2005,0.0082550048828125
cog,2006,0.007703803014010191
cog,2007,0.007111589424312115
cog,2008,0.006614262238144875
cog,2009,0.0061414120718836784
cog,2010,0.005679657682776451
cog,2011,0.005213072057813406
cog,2012,0.004957944620400667
cog,2013,0.004732922185212374
cog,2014,0.004540932364761829
cog,2015,0.004342834465205669
cog,2016,0.004143883008509874
cog,2017,0.003947227727621794
cok,2000,0.0
cok,2001,0.0
cok,2002,0.0
cok,2003,0.0
cok,2004,0.0
cok,2005,0.0
cok,2006,0.0
cok,2007,0.0
cok,2008,0.0
cok,2009,0.0
cok,2010,0.0
cok,2011,0.0
cok,2012,0.0
cok,2013,0.0
cok,2014,0.0
cok,2015,0.0
cok,2016,0.0
cok,2017,0.0
col,2000,0.001556438161060214
col,2001,0.0015082600293681026
col,2002,0.0
col,2003,0.0032739704474806786
col,2004,0.001703468500636518
col,2005,0.001774332602508366
col,2006,0.0
col,2007,0.001791908754967153
col,2008,0.0018007736653089523
col,2009,0.0
col,2010,0.0020405533723533154
col,2011,0.0
col,2012,0.006485678721219301
col,2013,0.0
col,2014,0.0
col,2015,0.0
col,2016,0.0
col,2017,0.0
com,2000,0.0
com,2001,0.0
com,2002,0.0
com,2003,0.0
com,2004,0.0
com,2005,0.0
com,2006,0.0
com,2007,0.0
com,2008,0.0
com,2009,0.0
com,2010,0.0
com,2011,0.0
com,2012,0.0
com,2013,0.0
com,2014,0.0
com,2015,0.0
com,2016,0.0
com,2017,0.0
cpv,2000,0.0
cpv,2001,0.0
cpv,2002,0.0
cpv,2003,0.0
cpv,2004,0.0
cpv,2005,0.0
cpv,2006,0.0
cpv,2007,0.0
cpv,2008,0.0
cpv,2009,0.0
cpv,2010,0.0
cpv,2011,0.0
cpv,2012,0.0
cpv,2013,0.0
cpv,2014,0.0
cpv,2015,0.0
cpv,2016,0.0
cpv,2017,0.0
cri,2000,0.0
cri,2001,0.0
cri,2002,0.0
cri,2003,0.0
cri,2004,0.0
cri,2005,0.0
cri,2006,0.0
cri,2007,0.0
cri,2008,0.0
cri,2009,0.0
cri,2010,0.0
cri,2011,0.0
cri,2012,0.0
cri,2013,0.0
cri,2014,0.0
cri,2015,0.0
cri,2016,0.0
cri,2017,0.0
cub,2000,0.0
cub,2001,0.0
cub,2002,0.0
cub,2003,0.0
cub,2004,0.0
cub,2005,0.0
cub,2006,0.0
cub,2007,0.0
cub,2008,0.0
cub,2009,0.0
cub,2010,0.0
cub,2011,0.0
cub,2012,0.0
cub,2013,0.0
cub,2014,0.0
cub,2015,0.0
cub,2016,0.0
cub,2017,0.0
cyp,2000,0.0
cyp,2001,0.0
cyp,2002,0.0
cyp,2003,0.0
cyp,2004,0.0
cyp,2005,0.0
cyp,2006,0.0
cyp,2007,0.0
cyp,2008,0.0
cyp,2009,0.0
cyp,2010,0.0
cyp,2011,0.0
cyp,2012,0.0
cyp,2013,0.0
cyp,2014,0.0
cyp,2015,0.0
cyp,2016,0.0
cyp,2017,0.0
cze,2000,0.0
cze,2001,0.0
cze,2002,0.0
cze,2003,0.0
cze,2004,0.0
cze,2005,0.0
cze,2006,0.0
cze,2007,0.0
cze,2008,0.0
cze,2009,0.0
cze,2010,0.0
cze,2011,0.0
cze,2012,0.0
cze,2013,0.0
cze,2014,0.0
cze,2015,0.0
cze,2016,0.0
cze,2017,0.0
deu,2000,0.0
deu,2001,0.0
deu,2002,0.0
deu,2003,0.0
deu,2004,0.0
deu,2005,0.0
deu,2006,0.0
deu,2007,0.0
deu,2008,0.0
deu,2009,0.0
deu,2010,0.0
deu,2011,0.0
deu,2012,0.0
deu,2013,0.0
deu,2014,0.0
deu,2015,0.0
deu,2016,0.0
deu,2017,0.0
dji,2000,0.0
dji,2001,0.0
dji,2002,0.0
dji,2003,0.0
dji,2004,0.0
dji,2005,0.0
dji,2006,0.0
dji,2007,0.0
dji,2008,0.0
dji,2009,0.0
dji,2010,0.0
dji,2011,0.0
dji,2012,0.0
dji,2013,0.0
dji,2014,0.0
dji,2015,0.0
dji,2016,0.0
dji,2017,0.0
dma,2000,0.0
dma,2001,0.0
dma,2002,0.0
dma,2003,0.0
dma,2004,0.0
dma,2005,0.0
dma,2006,0.0
dma,2007,0.0
dma,2008,0.0
dma,2009,0.0
dma,2010,0.0
dma,2011,0.0
dma,2012,0.0
dma,2013,0.0
dma,2014,0.0
dma,2015,0.0
dma,2016,0.0
dma,2017,0.0
dnk,2000,0.0
dnk,2001,0.0
dnk,2002,0.0
dnk,2003,0.0
dnk,2004,0.0
dnk,2005,0.0
dnk,2006,0.0
dnk,2007,0.0
dnk,2008,0.0
dnk,2009,0.0
dnk,2010,0.0
dnk,2011,0.0
dnk,2012,0.0
dnk,2013,0.0
dnk,2014,0.0
dnk,2015,0.0
dnk,2016,0.0
dnk,2017,0.0
dom,2000,0.0
dom,2001,0.0
dom,2002,0.0
dom,2003,0.0
dom,2004,0.0
dom,2005,0.0
dom,2006,0.0
dom,2007,0.0
dom,2008,0.0
dom,2009,0.0
dom,2010,0.0
dom,2011,0.0
dom,2012,0.0
dom,2013,0.0
dom,2014,0.0
dom,2015,0.0
dom,2016,0.0
dom,2017,0.0
dza,2000,0.0022970372810959816
dza,2001,0.0021828007884323597
dza,2002,0.0023425815161317587
dza,2003,0.002365280408412218
dza,2004,0.002388537162914872
dza,2005,0.0022763668093830347
dza,2006,0.002027957234531641
dza,2007,0.0017119055846706033
dza,2008,0.0014210063964128494
dza,2009,0.0011576552642509341
dza,2010,0.0009812035132199526
dza,2011,0.0008212535176426172
dza,2012,0.0008216999704018235
dza,2013,0.0008259322494268417
dza,2014,0.0008298822795040905
dza,2015,0.0008332059951499104
dza,2016,0.0008314737351611257
dza,2017,0.0008241155883297324
ecu,2000,0.0
ecu,2001,0.0
ecu,2002,0.0
ecu,2003,0.0
ecu,2004,0.0
ecu,2005,0.0
ecu,2006,0.0
ecu,2007,0.0
ecu,2008,0.0
ecu,2009,0.0
ecu,2010,0.0
ecu,2011,0.0
ecu,2012,0.0
ecu,2013,0.0031615474727004766
ecu,2014,0.0
ecu,2015,0.004447441082447767
ecu,2016,0.004318758379667997
ecu,2017,0.002857028041034937
egy,2000,0.0014686679933220148
egy,2001,0.0013084373204037547
egy,2002,0.0011473315535113215
egy,2003,0.0010012589627876878
egy,2004,0.000875625351909548
egy,2005,0.0007619251264259219
egy,2006,0.0006694698240607977
egy,2007,0.0005923868156969547
egy,2008,0.0005211641546338797
egy,2009,0.00045400825911201537
egy,2010,0.000393698166590184
egy,2011,0.00034476633300073445
egy,2012,0.00033535639522597194
egy,2013,0.00032798878964968026
egy,2014,0.0003204320673830807
egy,2015,0.000313823256874457
egy,2016,0.00030718607013113797
egy,2017,0.00029944878770038486
eri,2000,0.0022695993538945913
eri,2001,0.002138807438313961
eri,2002,0.0020553404465317726
eri,2003,0.0019869087263941765
eri,2004,0.0019014724530279636
eri,2005,0.0017976423259824514
eri,2006,0.001702993642538786
eri,2007,0.0015818187966942787
eri,2008,0.0014811164001002908
eri,2009,0.001372219529002905
eri,2010,0.0012733774492517114
eri,2011,0.0012075575068593025
eri,2012,0.0011631883680820465
eri,2013,0.0011124578304588795
eri,2014,0.0010569895384833217
eri,2015,0.0010265592718496919
eri,2016,0.0009862190345302224
eri,2017,0.0009433899540454149
esp,2000,0.0
esp,2001,0.0
esp,2002,0.0
esp,2003,0.0
esp,2004,0.0
esp,2005,0.0
esp,2006,0.0
esp,2007,0.0
esp,2008,0.0
esp,2009,0.0
esp,2010,0.0
esp,2011,0.0
esp,2012,0.0
esp,2013,0.0
esp,2014,0.0
esp,2015,0.0
esp,2016,0.0
esp,2017,0.0
est,2000,0.0
est,2001,0.0
est,2002,0.0
est,2003,0.0
est,2004,0.0
est,2005,0.0
est,2006,0.0
est,2007,0.0
est,2008,0.0
est,2009,0.0
est,2010,0.0
est,2011,0.0
est,2012,0.0
est,2013,0.0
est,2014,0.0
est,2015,0.0
est,2016,0.0
est,2017,0.0
eth,2000,0.030294565483927727
eth,2001,0.026623396202921867
eth,2002,0.023600520566105843
eth,2003,0.020879549905657768
eth,2004,0.018478170037269592
eth,2005,0.016781456768512726
eth,2006,0.015026911161839962
eth,2007,0.013478840701282024
eth,2008,0.011942303739488125
eth,2009,0.010548088699579239
eth,2010,0.00946400873363018
eth,2011,0.008827782236039639
eth,2012,0.008223773911595345
eth,2013,0.007665380835533142
eth,2014,0.007257587276399136
eth,2015,0.00681169331073761
eth,2016,0.006438239477574825
eth,2017,0.006083827465772629
fin,2000,0.0
fin,2001,0.0
fin,2002,0.0
fin,2003,0.0
fin,2004,0.0
fin,2005,0.0
fin,2006,0.0
fin,2007,0.0
fin,2008,0.0
fin,2009,0.0
fin,2010,0.0
fin,2011,0.0
fin,2012,0.0
fin,2013,0.0
fin,2014,0.0
fin,2015,0.0
fin,2016,0.0
fin,2017,0.0
fji,2000,0.0
fji,2001,0.0
fji,2002,0.0
fji,2003,0.0
fji,2004,0.0
fji,2005,0.0
fji,2006,0.0
fji,2007,0.0
fji,2008,0.0
fji,2009,0.0
fji,2010,0.0
fji,2011,0.0
fji,2012,0.0
fji,2013,0.0
fji,2014,0.0
fji,2015,0.0
fji,2016,0.0
fji,2017,0.0
fra,2000,0.0
fra,2001,0.0
fra,2002,0.0
fra,2003,0.0
fra,2004,0.0
fra,2005,0.0
fra,2006,0.0
fra,2007,0.0
fra,2008,0.0
fra,2009,0.0
fra,2010,0.0
fra,2011,0.0
fra,2012,0.0
fra,2013,0.0
fra,2014,0.0
fra,2015,0.0
fra,2016,0.0
fra,2017,0.0
fsm,2000,0.0
fsm,2001,0.0
fsm,2002,0.0
fsm,2003,0.0
fsm,2004,0.0
fsm,2005,0.0
fsm,2006,0.0
fsm,2007,0.0
fsm,2008,0.0
fsm,2009,0.0
fsm,2010,0.0
fsm,2011,0.0
fsm,2012,0.0
fsm,2013,0.0
fsm,2014,0.0
fsm,2015,0.0
fsm,2016,0.0
fsm,2017,0.0
gab,2000,0.042709141969680786
gab,2001,0.03965077921748161
gab,2002,0.03746722638607025
gab,2003,0.035917919129133224
gab,2004,0.03403031826019287
gab,2005,0.0315699577331543
gab,2006,0.02851376309990883
gab,2007,0.025361215695738792
gab,2008,0.02228923700749874
gab,2009,0.019546139985322952
gab,2010,0.017281364649534225
gab,2011,0.015695683658123016
gab,2012,0.015028470195829868
gab,2013,0.01447003148496151
gab,2014,0.013806243427097797
gab,2015,0.013203700073063374
gab,2016,0.012478251941502094
gab,2017,0.011951873078942299
gbr,2000,0.0
gbr,2001,0.0
gbr,2002,0.0
gbr,2003,0.0
gbr,2004,0.0
gbr,2005,0.0
gbr,2006,0.0
gbr,2007,0.0
gbr,2008,0.0
gbr,2009,0.0
gbr,2010,0.0
gbr,2011,0.0
gbr,2012,0.0
gbr,2013,0.0
gbr,2014,0.0
gbr,2015,0.0
gbr,2016,0.0
gbr,2017,0.0
geo,2000,0.0
geo,2001,0.0
geo,2002,0.0
geo,2003,0.0
geo,2004,0.0
geo,2005,0.0
geo,2006,0.0
geo,2007,0.0
geo,2008,0.0
geo,2009,0.0
geo,2010,0.0
geo,2011,0.0
geo,2012,0.0
geo,2013,0.0
geo,2014,0.0
geo,2015,0.0
geo,2016,0.0
geo,2017,0.0
gha,2000,0.005096381530165672
gha,2001,0.004896465688943863
gha,2002,0.004749832209199667
gha,2003,0.004610629286617041
gha,2004,0.004508237354457378
gha,2005,0.004304500296711922
gha,2006,0.004188248887658119
gha,2007,0.004043255466967821
gha,2008,0.0038667102344334126
gha,2009,0.003598780371248722
gha,2010,0.0034065418876707554
gha,2011,0.003140474436804652
gha,2012,0.0029306295327842236
gha,2013,0.002734334906563163
gha,2014,0.002541285241022706
gha,2015,0.0023683744948357344
gha,2016,0.0022214436903595924
gha,2017,0.002085343236103654
gin,2000,0.024814212694764137
gin,2001,0.023072097450494766
gin,2002,0.021650345996022224
gin,2003,0.020433053374290466
gin,2004,0.019166085869073868
gin,2005,0.018115298822522163
gin,2006,0.017131634056568146
gin,2007,0.016377398744225502
gin,2008,0.015472987666726112
gin,2009,0.014543656259775162
gin,2010,0.013749312609434128
gin,2011,0.012644482776522636
gin,2012,0.012252734042704105
gin,2013,0.011860745027661324
gin,2014,0.011460501700639725
gin,2015,0.011034660041332245
gin,2016,0.010622754693031311
gin,2017,0.010187411680817604
gmb,2000,0.005235868506133556
gmb,2001,0.004951972980052233
gmb,2002,0.004678224679082632
gmb,2003,0.0044251782819628716
gmb,2004,0.004185292404145002
gmb,2005,0.003968601115047932
gmb,2006,0.0037879380397498608
gmb,2007,0.003582318779081106
gmb,2008,0.0034164285752922297
gmb,2009,0.0032486708369106054
gmb,2010,0.003109295852482319
gmb,2011,0.0029723034240305424
gmb,2012,0.0028501308988779783
gmb,2013,0.002742760581895709
gmb,2014,0.0026212441734969616
gmb,2015,0.0025242005940526724
gmb,2016,0.0024303244426846504
gmb,2017,0.002338952850550413
gnb,2000,0.024073563516139984
gnb,2001,0.02302384003996849
gnb,2002,0.02212177775800228
gnb,2003,0.021417943760752678
gnb,2004,0.020763296633958817
gnb,2005,0.01992117241024971
gnb,2006,0.019485272467136383
gnb,2007,0.018571270629763603
gnb,2008,0.017532821744680405
gnb,2009,0.016614330932497978
gnb,2010,0.015592838637530804
gnb,2011,0.014720193110406399
gnb,2012,0.013878396712243557
gnb,2013,0.013139481656253338
gnb,2014,0.01254651602357626
gnb,2015,0.01197039894759655
gnb,2016,0.01147629227489233
gnb,2017,0.010958640836179256
gnq,2000,0.004716790281236172
gnq,2001,0.004324909765273333
gnq,2002,0.003919243346899748
gnq,2003,0.0
gnq,2004,0.0
gnq,2005,0.0
gnq,2006,0.0
gnq,2007,0.0
gnq,2008,0.0
gnq,2009,0.0
gnq,2010,0.0
gnq,2011,0.0
gnq,2012,0.0
gnq,2013,0.0
gnq,2014,0.0
gnq,2015,0.0
gnq,2016,0.0
gnq,2017,0.0
grc,2000,0.0
grc,2001,0.0
grc,2002,0.0
grc,2003,0.0
grc,2004,0.0
grc,2005,0.0
grc,2006,0.0
grc,2007,0.0
grc,2008,0.0
grc,2009,0.0
grc,2010,0.0
grc,2011,0.0
grc,2012,0.0
grc,2013,0.0
grc,2014,0.0
grc,2015,0.0
grc,2016,0.0
grc,2017,0.0
grd,2000,0.0
grd,2001,0.0
grd,2002,0.0
grd,2003,0.0
grd,2004,0.0
grd,2005,0.0
grd,2006,0.0
grd,2007,0.0
grd,2008,0.0
grd,2009,0.0
grd,2010,0.0
grd,2011,0.0
grd,2012,0.0
grd,2013,0.0
grd,2014,0.0
grd,2015,0.0
grd,2016,0.0
grd,2017,0.0
gtm,2000,0.0
gtm,2001,0.0
gtm,2002,0.0
gtm,2003,0.0
gtm,2004,0.0
gtm,2005,0.0
gtm,2006,0.0
gtm,2007,0.0
gtm,2008,0.0
gtm,2009,0.0
gtm,2010,0.0
gtm,2011,0.0
gtm,2012,0.0
gtm,2013,0.0
gtm,2014,0.0
gtm,2015,0.0
gtm,2016,0.0
gtm,2017,0.0
guy,2000,0.0
guy,2001,0.0
guy,2002,0.0
guy,2003,0.0
guy,2004,0.0
guy,2005,0.0
guy,2006,0.0
guy,2007,0.0
guy,2008,0.0
guy,2009,0.0
guy,2010,0.0
guy,2011,0.0
guy,2012,0.0
guy,2013,0.0
guy,2014,0.0
guy,2015,0.0
guy,2016,0.0
guy,2017,0.0
hnd,2000,0.0
hnd,2001,0.0
hnd,2002,0.0
hnd,2003,0.0
hnd,2004,0.0
hnd,2005,0.0
hnd,2006,0.0
hnd,2007,0.0
hnd,2008,0.0
hnd,2009,0.0
hnd,2010,0.0
hnd,2011,0.0
hnd,2012,0.0
hnd,2013,0.0
hnd,2014,0.0
hnd,2015,0.0
hnd,2016,0.0
hnd,2017,0.0
hrv,2000,0.0
hrv,2001,0.0
hrv,2002,0.0
hrv,2003,0.0
hrv,2004,0.0
hrv,2005,0.0
hrv,2006,0.0
hrv,2007,0.0
hrv,2008,0.0
hrv,2009,0.0
hrv,2010,0.0
hrv,2011,0.0
hrv,2012,0.0
hrv,2013,0.0
hrv,2014,0.0
hrv,2015,0.0
hrv,2016,0.0
hrv,2017,0.0
hti,2000,0.027304576709866524
hti,2001,0.024548405781388283
hti,2002,0.022024141624569893
hti,2003,0.019635014235973358
hti,2004,0.01753789745271206
hti,2005,0.015876280143857002
hti,2006,0.014662436209619045
hti,2007,0.013704925775527954
hti,2008,0.012820728123188019
hti,2009,0.011921210214495659
hti,2010,0.010386987589299679
hti,2011,0.010260949842631817
hti,2012,0.010097821243107319
hti,2013,0.00989004410803318
hti,2014,0.009678004309535027
hti,2015,0.009458698332309723
hti,2016,0.009182530455291271
hti,2017,0.00892680324614048
hun,2000,0.0
hun,2001,0.0
hun,2002,0.0
hun,2003,0.0
hun,2004,0.0
hun,2005,0.0
hun,2006,0.0
hun,2007,0.0
hun,2008,0.0
hun,2009,0.0
hun,2010,0.0
hun,2011,0.0
hun,2012,0.0
hun,2013,0.0
hun,2014,0.0
hun,2015,0.0
hun,2016,0.0
hun,2017,0.0
idn,2000,0.01514512300491333
idn,2001,0.013662690296769142
idn,2002,0.012632632628083229
idn,2003,0.01179579645395279
idn,2004,0.010833460837602615
idn,2005,0.00988449715077877
idn,2006,0.008664154447615147
idn,2007,0.007382678333669901
idn,2008,0.006251892540603876
idn,2009,0.005210405215620995
idn,2010,0.004482670687139034
idn,2011,0.004029662348330021
idn,2012,0.003882206743583083
idn,2013,0.003755411831662059
idn,2014,0.0036418524105101824
idn,2015,0.0035317528527230024
idn,2016,0.003416299121454358
idn,2017,0.0032956379000097513
ind,2000,0.018999038264155388
ind,2001,0.017058594152331352
ind,2002,0.015389399603009224
ind,2003,0.013781259767711163
ind,2004,0.012451482936739922
ind,2005,0.011207597330212593
ind,2006,0.010265258140861988
ind,2007,0.009458007290959358
ind,2008,0.008694891817867756
ind,2009,0.007988229393959045
ind,2010,0.007296807132661343
ind,2011,0.006593703757971525
ind,2012,0.00611059321090579
ind,2013,0.0056359292939305305
ind,2014,0.005182988476008177
ind,2015,0.004764254670590162
ind,2016,0.004385003354400396
ind,2017,0.004052913747727871
irl,2000,0.0
irl,2001,0.0
irl,2002,0.0
irl,2003,0.0
irl,2004,0.0
irl,2005,0.0
irl,2006,0.0
irl,2007,0.0
irl,2008,0.0
irl,2009,0.0
irl,2010,0.0
irl,2011,0.0
irl,2012,0.0
irl,2013,0.0
irl,2014,0.0
irl,2015,0.0
irl,2016,0.0
irl,2017,0.0
irn,2000,0.0019592009484767914
irn,2001,0.0017348499968647957
irn,2002,0.001510449917986989
irn,2003,0.0013232006458565593
irn,2004,0.0011486647417768836
irn,2005,0.0010492241708561778
irn,2006,0.0009581303456798196
irn,2007,0.0009098835871554911
irn,2008,0.0008410618756897748
irn,2009,0.000780477887019515
irn,2010,0.0007143217953853309
irn,2011,0.0006160977063700557
irn,2012,0.0005702163325622678
irn,2013,0.0005552398506551981
irn,2014,0.000541456276550889
irn,2015,0.0005309127736836672
irn,2016,0.0005211356328800321
irn,2017,0.0005088381585665047
irq,2000,0.012385709211230278
irq,2001,0.01187934260815382
irq,2002,0.01129127386957407
irq,2003,0.010519846342504025
irq,2004,0.009807118214666843
irq,2005,0.009261833503842354
irq,2006,0.008743705227971077
irq,2007,0.008320800960063934
irq,2008,0.007979917339980602
irq,2009,0.007589837536215782
irq,2010,0.007243741769343615
irq,2011,0.006697559729218483
irq,2012,0.006553624290972948
irq,2013,0.0063988566398620605
irq,2014,0.006255022715777159
irq,2015,0.006119015626609325
irq,2016,0.005966148339211941
irq,2017,0.005827726796269417
isl,2000,0.0
isl,2001,0.0
isl,2002,0.0
isl,2003,0.0
isl,2004,0.0
isl,2005,0.0
isl,2006,0.0
isl,2007,0.0
isl,2008,0.0
isl,2009,0.0
isl,2010,0.0
isl,2011,0.0
isl,2012,0.0
isl,2013,0.0
isl,2014,0.0
isl,2015,0.0
isl,2016,0.0
isl,2017,0.0
isr,2000,0.0
isr,2001,0.0
isr,2002,0.0
isr,2003,0.0
isr,2004,0.0
isr,2005,0.0
isr,2006,0.0
isr,2007,0.0
isr,2008,0.0
isr,2009,0.0
isr,2010,0.0
isr,2011,0.0
isr,2012,0.0
isr,2013,0.0
isr,2014,0.0
isr,2015,0.0
isr,2016,0.0
isr,2017,0.0
ita,2000,0.0
ita,2001,0.0
ita,2002,0.0
ita,2003,0.0
ita,2004,0.0
ita,2005,0.0
ita,2006,0.0
ita,2007,0.0
ita,2008,0.0
ita,2009,0.0
ita,2010,0.0
ita,2011,0.0
ita,2012,0.0
ita,2013,0.0
ita,2014,0.0
ita,2015,0.0
ita,2016,0.0
ita,2017,0.0
jam,2000,0.0
jam,2001,0.0
jam,2002,0.0
jam,2003,0.0
jam,2004,0.0
jam,2005,0.0
jam,2006,0.0
jam,2007,0.0
jam,2008,0.0
jam,2009,0.0
jam,2010,0.0
jam,2011,0.0
jam,2012,0.0
jam,2013,0.0
jam,2014,0.0
jam,2015,0.0
jam,2016,0.0
jam,2017,0.0
jor,2000,0.0
jor,2001,0.0
jor,2002,0.0
jor,2003,0.0
jor,2004,0.0
jor,2005,0.0
jor,2006,0.0
jor,2007,0.0
jor,2008,0.0
jor,2009,0.0
jor,2010,0.0
jor,2011,0.0
jor,2012,0.0
jor,2013,0.0
jor,2014,0.0
jor,2015,0.0
jor,2016,0.0
jor,2017,0.0
jpn,2000,0.0
jpn,2001,0.0
jpn,2002,0.0
jpn,2003,0.0
jpn,2004,0.0
jpn,2005,0.0
jpn,2006,0.0
jpn,2007,0.0
jpn,2008,0.0
jpn,2009,0.0
jpn,2010,0.0
jpn,2011,0.0
jpn,2012,0.0
jpn,2013,0.0
jpn,2014,0.0
jpn,2015,0.0
jpn,2016,0.0
jpn,2017,0.0
kaz,2000,0.0
kaz,2001,0.0
kaz,2002,0.0
kaz,2003,0.0
kaz,2004,0.0
kaz,2005,0.0
kaz,2006,0.0
kaz,2007,0.0
kaz,2008,0.0
kaz,2009,0.0
kaz,2010,0.0
kaz,2011,0.0
kaz,2012,0.0
kaz,2013,0.0
kaz,2014,0.0
kaz,2015,0.0
kaz,2016,0.0
kaz,2017,0.0
ken,2000,0.010693086311221123
ken,2001,0.009943272918462753
ken,2002,0.009255507960915565
ken,2003,0.008619469590485096
ken,2004,0.008009232580661774
ken,2005,0.007384622935205698
ken,2006,0.006862546317279339
ken,2007,0.006369333248585463
ken,2008,0.005908961407840252
ken,2009,0.005541827995330095
ken,2010,0.005275840871036053
ken,2011,0.005069183651357889
ken,2012,0.0048535973764956
ken,2013,0.004598081111907959
ken,2014,0.004378496203571558
ken,2015,0.004151173401623964
ken,2016,0.003958852495998144
ken,2017,0.0037899971939623356
kgz,2000,0.0
kgz,2001,0.0
kgz,2002,0.0
kgz,2003,0.0
kgz,2004,0.0
kgz,2005,0.0
kgz,2006,0.0
kgz,2007,0.0
kgz,2008,0.0
kgz,2009,0.0
kgz,2010,0.0
kgz,2011,0.0
kgz,2012,0.0
kgz,2013,0.0
kgz,2014,0.0
kgz,2015,0.0
kgz,2016,0.0
kgz,2017,0.0
khm,2000,0.00929081067442894
khm,2001,0.00778688071295619
khm,2002,0.0068937730975449085
khm,2003,0.0063431961461901665
khm,2004,0.00589693384245038
khm,2005,0.005340742878615856
khm,2006,0.004635031800717115
khm,2007,0.003985040355473757
khm,2008,0.0033959955908358097
khm,2009,0.0028436407446861267
khm,2010,0.0024490882642567158
khm,2011,0.0020790339913219213
khm,2012,0.0019035051809623837
khm,2013,0.001781999133527279
khm,2014,0.0016694121295586228
khm,2015,0.0016067054821178317
khm,2016,0.0015595982549712062
khm,2017,0.001479818020015955
kir,2000,0.0
kir,2001,0.0
kir,2002,0.0
kir,2003,0.0
kir,2004,0.0
kir,2005,0.0
kir,2006,0.0
kir,2007,0.0
kir,2008,0.0
kir,2009,0.0
kir,2010,0.0
kir,2011,0.0
kir,2012,0.0
kir,2013,0.0
kir,2014,0.0
kir,2015,0.0
kir,2016,0.0
kir,2017,0.0
kna,2000,0.0
kna,2001,0.0
kna,2002,0.0
kna,2003,0.0
kna,2004,0.0
kna,2005,0.0
kna,2006,0.0
kna,2007,0.0
kna,2008,0.0
kna,2009,0.0
kna,2010,0.0
kna,2011,0.0
kna,2012,0.0
kna,2013,0.0
kna,2014,0.0
kna,2015,0.0
kna,2016,0.0
kna,2017,0.0
kor,2000,0.0
kor,2001,0.0025239211972802877
kor,2002,0.0
kor,2003,0.0028966020327061415
kor,2004,0.0
kor,2005,0.0
kor,2006,0.0
kor,2007,0.0
kor,2008,0.0
kor,2009,0.0
kor,2010,0.0
kor,2011,0.0
kor,2012,0.0
kor,2013,0.0
kor,2014,0.0
kor,2015,0.0
kor,2016,0.0
kor,2017,0.0
kwt,2000,0.0
kwt,2001,0.0
kwt,2002,0.0
kwt,2003,0.0
kwt,2004,0.0
kwt,2005,0.0
kwt,2006,0.0
kwt,2007,0.0
kwt,2008,0.0
kwt,2009,0.0
kwt,2010,0.0
kwt,2011,0.0
kwt,2012,0.0
kwt,2013,0.0
kwt,2014,0.0
kwt,2015,0.0
kwt,2016,0.0
kwt,2017,0.0
lao,2000,0.04100705310702324
lao,2001,0.03554899990558624
lao,2002,0.030905675143003464
lao,2003,0.027218740433454514
lao,2004,0.023986579850316048
lao,2005,0.021141082048416138
lao,2006,0.01850222609937191
lao,2007,0.016347160562872887
lao,2008,0.014285257086157799
lao,2009,0.012787903659045696
lao,2010,0.011263555847108364
lao,2011,0.010217963717877865
lao,2012,0.009748297743499279
lao,2013,0.009387505240738392
lao,2014,0.009066023863852024
lao,2015,0.008727253414690495
lao,2016,0.008389188908040524
lao,2017,0.008044665679335594
lbn,2000,0.0
lbn,2001,0.0
lbn,2002,0.0
lbn,2003,0.0
lbn,2004,0.0
lbn,2005,0.0
lbn,2006,0.0
lbn,2007,0.0
lbn,2008,0.0
lbn,2009,0.0
lbn,2010,0.0
lbn,2011,0.0
lbn,2012,0.0
lbn,2013,0.0
lbn,2014,0.0
lbn,2015,0.0
lbn,2016,0.0
lbn,2017,0.0
lbr,2000,0.03349606320261955
lbr,2001,0.03062390722334385
lbr,2002,0.026878610253334045
lbr,2003,0.02293737605214119
lbr,2004,0.02009611763060093
lbr,2005,0.017926165834069252
lbr,2006,0.01663399487733841
lbr,2007,0.016006486490368843
lbr,2008,0.015175503678619862
lbr,2009,0.013978780247271061
lbr,2010,0.01260528527200222
lbr,2011,0.011501730419695377
lbr,2012,0.010986336506903172
lbr,2013,0.010493025183677673
lbr,2014,0.010031027719378471
lbr,2015,0.009619921445846558
lbr,2016,0.009249788708984852
lbr,2017,0.008879128843545914
lby,2000,0.0
lby,2001,0.0
lby,2002,0.0
lby,2003,0.0
lby,2004,0.0
lby,2005,0.0
lby,2006,0.0
lby,2007,0.0
lby,2008,0.0
lby,2009,0.0
lby,2010,0.0
lby,2011,0.0
lby,2012,0.0
lby,2013,0.0
lby,2014,0.0
lby,2015,0.0
lby,2016,0.0
lby,2017,0.0
lca,2000,0.0
lca,2001,0.0
lca,2002,0.0
lca,2003,0.0
lca,2004,0.0
lca,2005,0.0
lca,2006,0.0
lca,2007,0.0
lca,2008,0.0
lca,2009,0.0
lca,2010,0.0
lca,2011,0.0
lca,2012,0.0
lca,2013,0.0
lca,2014,0.0
lca,2015,0.0
lca,2016,0.0
lca,2017,0.0
lka,2000,0.0007256318931467831
lka,2001,0.0006718157674185932
lka,2002,0.000676703464705497
lka,2003,0.0006961930776014924
lka,2004,0.0006669748690910637
lka,2005,0.0006574078579433262
lka,2006,0.0006257824716158211
lka,2007,0.0005540596903301775
lka,2008,0.0004850248515140265
lka,2009,0.00041665235767140985
lka,2010,0.0003608734405133873
lka,2011,0.00032518067746423185
lka,2012,0.00029224620084278286
lka,2013,0.00025990817812271416
lka,2014,0.00023694905394222587
lka,2015,0.0002202611358370632
lka,2016,0.00020802646758966148
lka,2017,0.00019940368656534702
lso,2000,0.0
lso,2001,0.0
lso,2002,0.0
lso,2003,0.0
lso,2004,0.0
lso,2005,0.0
lso,2006,0.0
lso,2007,0.0
lso,2008,0.0
lso,2009,0.0
lso,2010,0.0
lso,2011,0.0
lso,2012,0.0
lso,2013,0.0
lso,2014,0.0
lso,2015,0.0
lso,2016,0.0
lso,2017,0.0
ltu,2000,0.0
ltu,2001,0.0
ltu,2002,0.0
ltu,2003,0.0
ltu,2004,0.0
ltu,2005,0.0
ltu,2006,0.0
ltu,2007,0.0
ltu,2008,0.0
ltu,2009,0.0
ltu,2010,0.0
ltu,2011,0.0
ltu,2012,0.0
ltu,2013,0.0
ltu,2014,0.0
ltu,2015,0.0
ltu,2016,0.0
ltu,2017,0.0
lux,2000,0.0
lux,2001,0.0
lux,2002,0.0
lux,2003,0.0
lux,2004,0.0
lux,2005,0.0
lux,2006,0.0
lux,2007,0.0
lux,2008,0.0
lux,2009,0.0
lux,2010,0.0
lux,2011,0.0
lux,2012,0.0
lux,2013,0.0
lux,2014,0.0
lux,2015,0.0
lux,2016,0.0
lux,2017,0.0
lva,2000,0.0
lva,2001,0.0
lva,2002,0.0
lva,2003,0.0
lva,2004,0.0
lva,2005,0.0
lva,2006,0.0
lva,2007,0.0
lva,2008,0.0
lva,2009,0.0
lva,2010,0.0
lva,2011,0.0
lva,2012,0.0
lva,2013,0.0
lva,2014,0.0
lva,2015,0.0
lva,2016,0.0
lva,2017,0.0
mar,2000,0.0008189841755665839
mar,2001,0.0007354175322689116
mar,2002,0.0006605049129575491
mar,2003,0.0005952175124548376
mar,2004,0.0005370055441744626
mar,2005,0.0004905776004306972
mar,2006,0.0004501788644120097
mar,2007,0.0004159406234975904
mar,2008,0.00038427463732659817
mar,2009,0.00035096381907351315
mar,2010,0.00031697447411715984
mar,2011,0.00027929068892262876
mar,2012,0.0002688617678359151
mar,2013,0.0002594295656308532
mar,2014,0.00025066922535188496
mar,2015,0.0002420221862848848
mar,2016,0.0002339691127417609
mar,2017,0.00022653471387457103
mco,2000,0.0
mco,2001,0.0
mco,2002,0.0
mco,2003,0.0
mco,2004,0.0
mco,2005,0.0
mco,2006,0.0
mco,2007,0.0
mco,2008,0.0
mco,2009,0.0
mco,2010,0.0
mco,2011,0.0
mco,2012,0.0
mco,2013,0.0
mco,2014,0.0
mco,2015,0.0
mco,2016,0.0
mco,2017,0.0
mda,2000,0.0
mda,2001,0.0
mda,2002,0.0
mda,2003,0.0
mda,2004,0.0
mda,2005,0.0
mda,2006,0.0
mda,2007,0.0
mda,2008,0.0
mda,2009,0.0
mda,2010,0.0
mda,2011,0.0
mda,2012,0.0
mda,2013,0.0
mda,2014,0.0
mda,2015,0.0
mda,2016,0.0
mda,2017,0.0
mdg,2000,0.010170239955186844
mdg,2001,0.009107595309615135
mdg,2002,0.00828348658978939
mdg,2003,0.007362103555351496
mdg,2004,0.006756959017366171
mdg,2005,0.006189452018588781
mdg,2006,0.005607252474874258
mdg,2007,0.0052546607330441475
mdg,2008,0.00487688509747386
mdg,2009,0.004391102585941553
mdg,2010,0.00410392927005887
mdg,2011,0.003857466159388423
mdg,2012,0.0034054580610245466
mdg,2013,0.0032082521356642246
mdg,2014,0.0031073836144059896
mdg,2015,0.0026364345103502274
mdg,2016,0.002727363258600235
mdg,2017,0.002480983966961503
mdv,2000,0.0
mdv,2001,0.0
mdv,2002,0.0
mdv,2003,0.0
mdv,2004,0.0
mdv,2005,0.0
mdv,2006,0.0
mdv,2007,0.0
mdv,2008,0.0
mdv,2009,0.0
mdv,2010,0.0
mdv,2011,0.0
mdv,2012,0.0
mdv,2013,0.0
mdv,2014,0.0
mdv,2015,0.0
mdv,2016,0.0
mdv,2017,0.0
mex,2000,0.0007353046676144004
mex,2001,0.0015956005081534386
mex,2002,0.0007311862427741289
mex,2003,0.0
mex,2004,0.0007521037477999926
mex,2005,0.0
mex,2006,0.002288922667503357
mex,2007,0.0
mex,2008,0.0
mex,2009,0.0014716455480083823
mex,2010,0.0
mex,2011,0.0006839597481302917
mex,2012,0.0
mex,2013,0.0
mex,2014,0.0
mex,2015,0.0
mex,2016,0.0
mex,2017,0.0
mhl,2000,0.0
mhl,2001,0.0
mhl,2002,0.0
mhl,2003,0.0
mhl,2004,0.0
mhl,2005,0.0
mhl,2006,0.0
mhl,2007,0.0
mhl,2008,0.0
mhl,2009,0.0
mhl,2010,0.0
mhl,2011,0.0
mhl,2012,0.0
mhl,2013,0.0
mhl,2014,0.0
mhl,2015,0.0
mhl,2016,0.0
mhl,2017,0.0
mkd,2000,0.0
mkd,2001,0.0
mkd,2002,0.0
mkd,2003,0.0
mkd,2004,0.0
mkd,2005,0.0
mkd,2006,0.0
mkd,2007,0.0
mkd,2008,0.0
mkd,2009,0.0
mkd,2010,0.0
mkd,2011,0.0
mkd,2012,0.0
mkd,2013,0.0
mkd,2014,0.0
mkd,2015,0.0
mkd,2016,0.0
mkd,2017,0.0
mli,2000,0.011577972210943699
mli,2001,0.011070428416132927
mli,2002,0.010556980967521667
mli,2003,0.010054693557322025
mli,2004,0.009587928652763367
mli,2005,0.009194702841341496
mli,2006,0.008924772962927818
mli,2007,0.008666902780532837
mli,2008,0.008381416089832783
mli,2009,0.008032333105802536
mli,2010,0.007674483582377434
mli,2011,0.007233221549540758
mli,2012,0.0069364686496555805
mli,2013,0.006680175196379423
mli,2014,0.006437837146222591
mli,2015,0.006186792626976967
mli,2016,0.005907393526285887
mli,2017,0.005683334544301033
mlt,2000,0.0
mlt,2001,0.0
mlt,2002,0.0
mlt,2003,0.0
mlt,2004,0.0
mlt,2005,0.0
mlt,2006,0.0
mlt,2007,0.0
mlt,2008,0.0
mlt,2009,0.0
mlt,2010,0.0
mlt,2011,0.0
mlt,2012,0.0
mlt,2013,0.0
mlt,2014,0.0
mlt,2015,0.0
mlt,2016,0.0
mlt,2017,0.0
mmr,2000,0.010086559690535069
mmr,2001,0.008825442753732204
mmr,2002,0.0074548195116221905
mmr,2003,0.006171375047415495
mmr,2004,0.005222737323492765
mmr,2005,0.004574591759592295
mmr,2006,0.004274152219295502
mmr,2007,0.004158200230449438
mmr,2008,0.004042110871523619
mmr,2009,0.004089454188942909
mmr,2010,0.003934632055461407
mmr,2011,0.0037222946994006634
mmr,2012,0.003461049636825919
mmr,2013,0.0033467081375420094
mmr,2014,0.0031768018379807472
mmr,2015,0.003006033832207322
mmr,2016,0.0028662080876529217
mmr,2017,0.002731373766437173
mne,2000,0.0
mne,2001,0.0
mne,2002,0.0
mne,2003,0.0
mne,2004,0.0
mne,2005,0.0
mne,2006,0.0
mne,2007,0.0
mne,2008,0.0
mne,2009,0.0
mne,2010,0.0
mne,2011,0.0
mne,2012,0.0
mne,2013,0.0
mne,2014,0.0
mne,2015,0.0
mne,2016,0.0
mne,2017,0.0
mng,2000,0.0
mng,2001,0.0
mng,2002,0.0
mng,2003,0.0
mng,2004,0.0
mng,2005,0.0
mng,2006,0.0
mng,2007,0.0
mng,2008,0.0
mng,2009,0.0
mng,2010,0.0
mng,2011,0.0
mng,2012,0.0
mng,2013,0.0
mng,2014,0.0
mng,2015,0.0
mng,2016,0.0
mng,2017,0.0
moz,2000,0.022041529417037964
moz,2001,0.02020947076380253
moz,2002,0.01865467242896557
moz,2003,0.017221473157405853
moz,2004,0.015781763941049576
moz,2005,0.014230694621801376
moz,2006,0.012539898045361042
moz,2007,0.010846579447388649
moz,2008,0.009355810470879078
moz,2009,0.00809494499117136
moz,2010,0.007134187966585159
moz,2011,0.006474408321082592
moz,2012,0.006029701791703701
moz,2013,0.005621669348329306
moz,2014,0.0053091105073690414
moz,2015,0.004927585832774639
moz,2016,0.004626157693564892
moz,2017,0.004443507641553879
mrt,2000,0.010331929661333561
mrt,2001,0.010021647438406944
mrt,2002,0.009766255505383015
mrt,2003,0.009518498554825783
mrt,2004,0.009240592829883099
mrt,2005,0.008917521685361862
mrt,2006,0.00870253425091505
mrt,2007,0.008485467173159122
mrt,2008,0.008143089711666107
mrt,2009,0.0077981832437217236
mrt,2010,0.0074109542183578014
mrt,2011,0.007042971905320883
mrt,2012,0.006812869105488062
mrt,2013,0.006563000380992889
mrt,2014,0.006335331127047539
mrt,2015,0.0061318459920585155
mrt,2016,0.005896017886698246
mrt,2017,0.0056945811957120895
mus,2000,0.0
mus,2001,0.0
mus,2002,0.0
mus,2003,0.0
mus,2004,0.0
mus,2005,0.0
mus,2006,0.0
mus,2007,0.0
mus,2008,0.0
mus,2009,0.0
mus,2010,0.0
mus,2011,0.0
mus,2012,0.0
mus,2013,0.0
mus,2014,0.0
mus,2015,0.0
mus,2016,0.0
mus,2017,0.0
mwi,2000,0.007959382608532906
mwi,2001,0.007081893272697926
mwi,2002,0.006277311127632856
mwi,2003,0.005620008800178766
mwi,2004,0.005048132035881281
mwi,2005,0.004567415453493595
mwi,2006,0.004178984090685844
mwi,2007,0.0038266738411039114
mwi,2008,0.0035338890738785267
mwi,2009,0.0033045397140085697
mwi,2010,0.00310454866848886
mwi,2011,0.0029047669377177954
mwi,2012,0.0025672600604593754
mwi,2013,0.002325483364984393
mwi,2014,0.0021265780087560415
mwi,2015,0.0019535392057150602
mwi,2016,0.0018175552831962705
mwi,2017,0.0016902294009923935
mys,2000,0.0
mys,2001,0.0
mys,2002,0.0
mys,2003,0.0
mys,2004,0.0
mys,2005,0.0
mys,2006,0.0
mys,2007,0.0
mys,2008,0.0
mys,2009,0.0
mys,2010,0.0
mys,2011,0.0
mys,2012,0.0
mys,2013,0.0
mys,2014,0.0
mys,2015,0.0
mys,2016,0.0
mys,2017,0.0
nam,2000,0.0
nam,2001,0.0
nam,2002,0.0
nam,2003,0.0
nam,2004,0.0
nam,2005,0.0
nam,2006,0.0
nam,2007,0.0
nam,2008,0.0
nam,2009,0.0
nam,2010,0.0
nam,2011,0.0
nam,2012,0.0
nam,2013,0.0
nam,2014,0.0
nam,2015,0.0
nam,2016,0.0
nam,2017,0.0
ner,2000,0.027898624539375305
ner,2001,0.02572334185242653
ner,2002,0.023797882720828056
ner,2003,0.02194523625075817
ner,2004,0.020427241921424866
ner,2005,0.019028320908546448
ner,2006,0.01803016848862171
ner,2007,0.01702551171183586
ner,2008,0.01602873206138611
ner,2009,0.014998500235378742
ner,2010,0.01403714343905449
ner,2011,0.012908363714814186
ner,2012,0.012055286206305027
ner,2013,0.011309750378131866
ner,2014,0.010621881112456322
ner,2015,0.009970036335289478
ner,2016,0.009377569891512394
ner,2017,0.00883559975773096
nga,2000,0.02352161332964897
nga,2001,0.02182432822883129
nga,2002,0.02019043266773224
nga,2003,0.018737882375717163
nga,2004,0.01731112040579319
nga,2005,0.01599055528640747
nga,2006,0.014979084953665733
nga,2007,0.013900158926844597
nga,2008,0.012823001481592655
nga,2009,0.011796142905950546
nga,2010,0.01084806863218546
nga,2011,0.009941949509084225
nga,2012,0.009506569243967533
nga,2013,0.009125271812081337
nga,2014,0.008769235573709011
nga,2015,0.008410254493355751
nga,2016,0.008081845007836819
nga,2017,0.007747963536530733
nic,2000,0.0
nic,2001,0.0
nic,2002,0.0
nic,2003,0.0
nic,2004,0.0
nic,2005,0.0
nic,2006,0.0
nic,2007,0.0
nic,2008,0.0
nic,2009,0.0
nic,2010,0.0
nic,2011,0.0
nic,2012,0.0
nic,2013,0.0
nic,2014,0.0
nic,2015,0.0
nic,2016,0.0
nic,2017,0.0
niu,2000,0.0
niu,2001,0.0
niu,2002,0.0
niu,2003,0.0
niu,2004,0.0
niu,2005,0.0
niu,2006,0.0
niu,2007,0.0
niu,2008,0.0
niu,2009,0.0
niu,2010,0.0
niu,2011,0.0
niu,2012,0.0
niu,2013,0.0
niu,2014,0.0
niu,2015,0.0
niu,2016,0.0
niu,2017,0.0
nld,2000,0.0
nld,2001,0.0
nld,2002,0.0
nld,2003,0.0
nld,2004,0.0
nld,2005,0.0
nld,2006,0.0
nld,2007,0.0
nld,2008,0.0
nld,2009,0.0
nld,2010,0.0
nld,2011,0.0
nld,2012,0.0
nld,2013,0.0
nld,2014,0.0
nld,2015,0.0
nld,2016,0.0
nld,2017,0.0
nor,2000,0.0
nor,2001,0.0
nor,2002,0.0
nor,2003,0.0
nor,2004,0.0
nor,2005,0.0
nor,2006,0.0
nor,2007,0.0
nor,2008,0.0
nor,2009,0.0
nor,2010,0.0
nor,2011,0.0
nor,2012,0.0
nor,2013,0.0
nor,2014,0.0
nor,2015,0.0
nor,2016,0.0
nor,2017,0.0
npl,2000,0.01569969579577446
npl,2001,0.01413185428828001
npl,2002,0.012726408429443836
npl,2003,0.011450649239122868
npl,2004,0.010292019695043564
npl,2005,0.009070023894309998
npl,2006,0.007983739487826824
npl,2007,0.006843561306595802
npl,2008,0.0058595240116119385
npl,2009,0.0050279367715120316
npl,2010,0.00442522345110774
npl,2011,0.004065024200826883
npl,2012,0.003770220559090376
npl,2013,0.0034917788580060005
npl,2014,0.0030137666035443544
npl,2015,0.0028149697463959455
npl,2016,0.002676954958587885
npl,2017,0.0025610700249671936
nru,2000,0.0
nru,2001,0.0
nru,2002,0.0
nru,2003,0.0
nru,2004,0.0
nru,2005,0.0
nru,2006,0.0
nru,2007,0.0
nru,2008,0.0
nru,2009,0.0
nru,2010,0.0
nru,2011,0.0
nru,2012,0.0
nru,2013,0.0
nru,2014,0.0
nru,2015,0.0
nru,2016,0.0
nru,2017,0.0
nzl,2000,0.0
nzl,2001,0.0
nzl,2002,0.0
nzl,2003,0.0
nzl,2004,0.0
nzl,2005,0.0
nzl,2006,0.0
nzl,2007,0.0
nzl,2008,0.0
nzl,2009,0.0
nzl,2010,0.0
nzl,2011,0.0
nzl,2012,0.0
nzl,2013,0.0
nzl,2014,0.0
nzl,2015,0.0
nzl,2016,0.0
nzl,2017,0.0
omn,2000,0.0
omn,2001,0.0
omn,2002,0.0
omn,2003,0.0
omn,2004,0.0
omn,2005,0.0
omn,2006,0.0
omn,2007,0.0
omn,2008,0.0
omn,2009,0.0
omn,2010,0.0
omn,2011,0.0
omn,2012,0.0
omn,2013,0.0
omn,2014,0.0
omn,2015,0.0
omn,2016,0.0
omn,2017,0.0
pak,2000,0.012606780976057053
pak,2001,0.01115800254046917
pak,2002,0.00944201834499836
pak,2003,0.007812115363776684
pak,2004,0.00645986245945096
pak,2005,0.0055418964475393295
pak,2006,0.0051624588668346405
pak,2007,0.005045976489782333
pak,2008,0.005016829818487167
pak,2009,0.0048429411835968494
pak,2010,0.004517928697168827
pak,2011,0.0040570711717009544
pak,2012,0.003927995916455984
pak,2013,0.003823720384389162
pak,2014,0.0037186138797551394
pak,2015,0.0035862114746123552
pak,2016,0.0034652508329600096
pak,2017,0.003355961525812745
pan,2000,0.0
pan,2001,0.0
pan,2002,0.0
pan,2003,0.0
pan,2004,0.0
pan,2005,0.0
pan,2006,0.0
pan,2007,0.0
pan,2008,0.0
pan,2009,0.0
pan,2010,0.0
pan,2011,0.0
pan,2012,0.0
pan,2013,0.0
pan,2014,0.0
pan,2015,0.0
pan,2016,0.0
pan,2017,0.0
per,2000,0.0
per,2001,0.0
per,2002,0.0
per,2003,0.0
per,2004,0.0
per,2005,0.0
per,2006,0.0
per,2007,0.0
per,2008,0.0
per,2009,0.0
per,2010,0.0
per,2011,0.0
per,2012,0.0
per,2013,0.0
per,2014,0.0
per,2015,0.0
per,2016,0.0
per,2017,0.0
phl,2000,0.007440611720085144
phl,2001,0.006754020694643259
phl,2002,0.006228138692677021
phl,2003,0.005729747470468283
phl,2004,0.0052703507244586945
phl,2005,0.004792630206793547
phl,2006,0.004207202233374119
phl,2007,0.003689125645905733
phl,2008,0.003191110212355852
phl,2009,0.0027296256739646196
phl,2010,0.002454883884638548
phl,2011,0.0022637867368757725
phl,2012,0.0022117590997368097
phl,2013,0.002166478196159005
phl,2014,0.002120019169524312
phl,2015,0.0020787969697266817
phl,2016,0.0020427077542990446
phl,2017,0.0018722853856161237
plw,2000,0.0
plw,2001,0.0
plw,2002,0.0
plw,2003,0.0
plw,2004,0.0
plw,2005,0.0
plw,2006,0.0
plw,2007,0.0
plw,2008,0.0
plw,2009,0.0
plw,2010,0.0
plw,2011,0.0
plw,2012,0.0
plw,2013,0.0
plw,2014,0.0
plw,2015,0.0
plw,2016,0.0
plw,2017,0.0
png,2000,0.015384435653686523
png,2001,0.01439482718706131
png,2002,0.014007325284183025
png,2003,0.012357574887573719
png,2004,0.009948549792170525
png,2005,0.010334552265703678
png,2006,0.009409189224243164
png,2007,0.00933089666068554
png,2008,0.009020958095788956
png,2009,0.007314836606383324
png,2010,0.008162436075508595
png,2011,0.0076825679279863834
png,2012,0.006790359038859606
png,2013,0.005480744410306215
png,2014,0.005540489684790373
png,2015,0.006564402487128973
png,2016,0.005550955422222614
png,2017,0.005330375395715237
pol,2000,0.0
pol,2001,0.0
pol,2002,0.0
pol,2003,0.0
pol,2004,0.0
pol,2005,0.0
pol,2006,0.0
pol,2007,0.0
pol,2008,0.0
pol,2009,0.0
pol,2010,0.0
pol,2011,0.0
pol,2012,0.0
pol,2013,0.0
pol,2014,0.0
pol,2015,0.0
pol,2016,0.0
pol,2017,0.0
prk,2000,0.007673786021769047
prk,2001,0.005594047252088785
prk,2002,0.004302185960114002
prk,2003,0.003557327203452587
prk,2004,0.0031467610970139503
prk,2005,0.0029484329279512167
prk,2006,0.002917028497904539
prk,2007,0.002971481764689088
prk,2008,0.00287370546720922
prk,2009,0.002820683643221855
prk,2010,0.002751118503510952
prk,2011,0.002682414837181568
prk,2012,0.0024894075468182564
prk,2013,0.0023050387389957905
prk,2014,0.0021541232708841562
prk,2015,0.002003060420975089
prk,2016,0.001918091089464724
prk,2017,0.001816398580558598
prt,2000,0.0
prt,2001,0.0
prt,2002,0.0
prt,2003,0.0
prt,2004,0.0
prt,2005,0.0
prt,2006,0.0
prt,2007,0.0
prt,2008,0.0
prt,2009,0.0
prt,2010,0.0
prt,2011,0.0
prt,2012,0.0
prt,2013,0.0
prt,2014,0.0
prt,2015,0.0
prt,2016,0.0
prt,2017,0.0
pry,2000,0.0
pry,2001,0.0
pry,2002,0.0
pry,2003,0.0
pry,2004,0.0
pry,2005,0.0
pry,2006,0.0
pry,2007,0.0
pry,2008,0.0
pry,2009,0.0
pry,2010,0.0
pry,2011,0.0
pry,2012,0.0
pry,2013,0.0
pry,2014,0.0
pry,2015,0.0
pry,2016,0.0
pry,2017,0.0
qat,2000,0.0
qat,2001,0.0
qat,2002,0.0
qat,2003,0.0
qat,2004,0.0
qat,2005,0.0
qat,2006,0.0
qat,2007,0.0
qat,2008,0.0
qat,2009,0.0
qat,2010,0.0
qat,2011,0.0
qat,2012,0.0
qat,2013,0.0
qat,2014,0.0
qat,2015,0.0
qat,2016,0.0
qat,2017,0.0
rou,2000,0.0
rou,2001,0.0
rou,2002,0.0
rou,2003,0.0
rou,2004,0.0
rou,2005,0.0
rou,2006,0.00462153647094965
rou,2007,0.0
rou,2008,0.0
rou,2009,0.0
rou,2010,0.0
rou,2011,0.0
rou,2012,0.0
rou,2013,0.0
rou,2014,0.0
rou,2015,0.0
rou,2016,0.0
rou,2017,0.0
rus,2000,0.0
rus,2001,0.0
rus,2002,0.0
rus,2003,0.0
rus,2004,0.0
rus,2005,0.0
rus,2006,0.0
rus,2007,0.0
rus,2008,0.0
rus,2009,0.0
rus,2010,0.0
rus,2011,0.0
rus,2012,0.0
rus,2013,0.0
rus,2014,0.0
rus,2015,0.0
rus,2016,0.0
rus,2017,0.0
rwa,2000,0.004632269963622093
rwa,2001,0.0040259878151118755
rwa,2002,0.0032334388233721256
rwa,2003,0.002434010151773691
rwa,2004,0.0018361237598583102
rwa,2005,0.0014542583376169205
rwa,2006,0.001228622393682599
rwa,2007,0.0010899482294917107
rwa,2008,0.0009957849979400635
rwa,2009,0.0009136496228165925
rwa,2010,0.0008303354843519628
rwa,2011,0.0
rwa,2012,0.0
rwa,2013,0.0
rwa,2014,0.0
rwa,2015,0.0
rwa,2016,0.0
rwa,2017,0.0
sau,2000,0.0003439554129727185
sau,2001,0.00027719372883439064
sau,2002,0.00021750088490080088
sau,2003,0.0
sau,2004,0.0
sau,2005,0.0
sau,2006,0.0
sau,2007,0.0
sau,2008,0.0
sau,2009,0.0
sau,2010,0.0
sau,2011,0.0
sau,2012,0.0
sau,2013,0.0
sau,2014,0.0
sau,2015,0.0
sau,2016,0.0
sau,2017,0.0
sdn,2000,0.007854223251342773
sdn,2001,0.007349380757659674
sdn,2002,0.006836620159447193
sdn,2003,0.006373135838657618
sdn,2004,0.005971096456050873
sdn,2005,0.005579045973718166
sdn,2006,0.005301704164594412
sdn,2007,0.004960852675139904
sdn,2008,0.004662998486310244
sdn,2009,0.004343241453170776
sdn,2010,0.004069805610924959
sdn,2011,0.003936505410820246
sdn,2012,0.003790851915255189
sdn,2013,0.0036596411373466253
sdn,2014,0.0035478919744491577
sdn,2015,0.0034007406793534756
sdn,2016,0.003268884727731347
sdn,2017,0.003133912105113268
sen,2000,0.006714478600770235
sen,2001,0.006364884786307812
sen,2002,0.00596559327095747
sen,2003,0.005604306701570749
sen,2004,0.005279427394270897
sen,2005,0.004964758642017841
sen,2006,0.004746026359498501
sen,2007,0.004542030859738588
sen,2008,0.00433738250285387
sen,2009,0.00412956066429615
sen,2010,0.0038938738871365786
sen,2011,0.003632697043940425
sen,2012,0.003384605050086975
sen,2013,0.0031573723535984755
sen,2014,0.0029573440551757812
sen,2015,0.002774726366624236
sen,2016,0.002623203909024596
sen,2017,0.00248724571429193
sgp,2000,0.0
sgp,2001,0.0
sgp,2002,0.0
sgp,2003,0.0
sgp,2004,0.0
sgp,2005,0.0
sgp,2006,0.0
sgp,2007,0.0
sgp,2008,0.0
sgp,2009,0.0
sgp,2010,0.0
sgp,2011,0.0
sgp,2012,0.0
sgp,2013,0.0
sgp,2014,0.0
sgp,2015,0.0
sgp,2016,0.0
sgp,2017,0.0
slb,2000,0.0
slb,2001,0.0
slb,2002,0.0
slb,2003,0.0
slb,2004,0.0
slb,2005,0.0
slb,2006,0.0
slb,2007,0.0
slb,2008,0.0
slb,2009,0.0
slb,2010,0.0
slb,2011,0.0
slb,2012,0.0
slb,2013,0.0
slb,2014,0.0
slb,2015,0.0
slb,2016,0.0
slb,2017,0.0
sle,2000,0.0155927874147892
sle,2001,0.014916173182427883
sle,2002,0.014509542845189571
sle,2003,0.014264844357967377
sle,2004,0.013854851946234703
sle,2005,0.013301586732268333
sle,2006,0.013155629858374596
sle,2007,0.012823907658457756
sle,2008,0.012455295771360397
sle,2009,0.011773432604968548
sle,2010,0.01110394299030304
sle,2011,0.010399107821285725
sle,2012,0.009759392589330673
sle,2013,0.009125621058046818
sle,2014,0.00851993728429079
sle,2015,0.00795723032206297
sle,2016,0.007463289890438318
sle,2017,0.007047468796372414
slv,2000,0.0
slv,2001,0.0
slv,2002,0.0
slv,2003,0.0
slv,2004,0.0
slv,2005,0.0
slv,2006,0.0
slv,2007,0.0
slv,2008,0.0
slv,2009,0.0
slv,2010,0.0
slv,2011,0.0
slv,2012,0.0
slv,2013,0.0
slv,2014,0.0
slv,2015,0.0
slv,2016,0.0
slv,2017,0.0
smr,2000,0.0
smr,2001,0.0
smr,2002,0.0
smr,2003,0.0
smr,2004,0.0
smr,2005,0.0
smr,2006,0.0
smr,2007,0.0
smr,2008,0.0
smr,2009,0.0
smr,2010,0.0
smr,2011,0.0
smr,2012,0.0
smr,2013,0.0
smr,2014,0.0
smr,2015,0.0
smr,2016,0.0
smr,2017,0.0
som,2000,0.02902163937687874
som,2001,0.028182124719023705
som,2002,0.027074910700321198
som,2003,0.02588488720357418
som,2004,0.02453039027750492
som,2005,0.023139020428061485
som,2006,0.022147759795188904
som,2007,0.021237654611468315
som,2008,0.02051432430744171
som,2009,0.01986287347972393
som,2010,0.019326047971844673
som,2011,0.01875612512230873
som,2012,0.018128318712115288
som,2013,0.017443135380744934
som,2014,0.01683042012155056
som,2015,0.01622231863439083
som,2016,0.015687692910432816
som,2017,0.015073460526764393
srb,2000,0.0
srb,2001,0.0
srb,2002,0.0
srb,2003,0.0
srb,2004,0.0
srb,2005,0.0
srb,2006,0.0
srb,2007,0.0
srb,2008,0.0
srb,2009,0.0
srb,2010,0.0
srb,2011,0.0
srb,2012,0.0
srb,2013,0.0
srb,2014,0.0
srb,2015,0.0
srb,2016,0.0
srb,2017,0.0
ssd,2000,0.0030582703184336424
ssd,2001,0.0027832549531012774
ssd,2002,0.002563952002674341
ssd,2003,0.002338472753763199
ssd,2004,0.002140478929504752
ssd,2005,0.0019704666920006275
ssd,2006,0.0019328691996634007
ssd,2007,0.001891463645733893
ssd,2008,0.0018373761558905244
ssd,2009,0.0017931049223989248
ssd,2010,0.0017501784022897482
ssd,2011,0.001660055248066783
ssd,2012,0.001597982831299305
ssd,2013,0.001572365639731288
ssd,2014,0.0015712789027020335
ssd,2015,0.0015812456840649247
ssd,2016,0.0015888781053945422
ssd,2017,0.001594758708961308
stp,2000,0.0
stp,2001,0.0
stp,2002,0.0
stp,2003,0.0
stp,2004,0.0
stp,2005,0.0
stp,2006,0.0
stp,2007,0.0
stp,2008,0.0
stp,2009,0.0
stp,2010,0.0
stp,2011,0.0
stp,2012,0.0
stp,2013,0.0
stp,2014,0.0
stp,2015,0.0
stp,2016,0.0
stp,2017,0.0
sur,2000,0.0
sur,2001,0.0
sur,2002,0.0
sur,2003,0.0
sur,2004,0.0
sur,2005,0.0
sur,2006,0.0
sur,2007,0.0
sur,2008,0.0
sur,2009,0.0
sur,2010,0.0
sur,2011,0.0
sur,2012,0.0
sur,2013,0.0
sur,2014,0.0
sur,2015,0.0
sur,2016,0.0
sur,2017,0.0
svk,2000,0.0
svk,2001,0.0
svk,2002,0.0
svk,2003,0.0
svk,2004,0.0
svk,2005,0.0
svk,2006,0.0
svk,2007,0.0
svk,2008,0.0
svk,2009,0.0
svk,2010,0.0
svk,2011,0.0
svk,2012,0.0
svk,2013,0.0
svk,2014,0.0
svk,2015,0.0
svk,2016,0.0
svk,2017,0.0
svn,2000,0.0
svn,2001,0.0
svn,2002,0.0
svn,2003,0.0
svn,2004,0.0
svn,2005,0.0
svn,2006,0.0
svn,2007,0.0
svn,2008,0.0
svn,2009,0.0
svn,2010,0.0
svn,2011,0.0
svn,2012,0.0
svn,2013,0.0
svn,2014,0.0
svn,2015,0.0
svn,2016,0.0
svn,2017,0.0
swe,2000,0.0
swe,2001,0.0
swe,2002,0.0
swe,2003,0.0
swe,2004,0.0
swe,2005,0.0
swe,2006,0.0
swe,2007,0.0
swe,2008,0.0
swe,2009,0.0
swe,2010,0.0
swe,2011,0.0
swe,2012,0.0
swe,2013,0.0
swe,2014,0.0
swe,2015,0.0
swe,2016,0.0
swe,2017,0.0
swz,2000,0.0
swz,2001,0.0
swz,2002,0.0
swz,2003,0.0
swz,2004,0.0
swz,2005,0.0
swz,2006,0.0
swz,2007,0.0
swz,2008,0.0
swz,2009,0.0
swz,2010,0.0
swz,2011,0.0
swz,2012,0.0
swz,2013,0.0
swz,2014,0.0
swz,2015,0.0
swz,2016,0.0
swz,2017,0.0
syc,2000,0.0
syc,2001,0.0
syc,2002,0.0
syc,2003,0.0
syc,2004,0.0
syc,2005,0.0
syc,2006,0.0
syc,2007,0.0
syc,2008,0.0
syc,2009,0.0
syc,2010,0.0
syc,2011,0.0
syc,2012,0.0
syc,2013,0.0
syc,2014,0.0
syc,2015,0.0
syc,2016,0.0
syc,2017,0.0
syr,2000,0.01103703398257494
syr,2001,0.010258416645228863
syr,2002,0.009616929106414318
syr,2003,0.008857037872076035
syr,2004,0.008115542121231556
syr,2005,0.007484357804059982
syr,2006,0.006979014724493027
syr,2007,0.00655358424410224
syr,2008,0.006133470684289932
syr,2009,0.005666075740009546
syr,2010,0.005288220942020416
syr,2011,0.0048107970505952835
syr,2012,0.004865251015871763
syr,2013,0.004954372998327017
syr,2014,0.005027055740356445
syr,2015,0.005048990715295076
syr,2016,0.00506203155964613
syr,2017,0.004994509741663933
tcd,2000,0.034485720098018646
tcd,2001,0.03353986144065857
tcd,2002,0.032778967171907425
tcd,2003,0.032069042325019836
tcd,2004,0.031035302206873894
tcd,2005,0.029851065948605537
tcd,2006,0.029181065037846565
tcd,2007,0.028167344629764557
tcd,2008,0.02700703963637352
tcd,2009,0.02567172795534134
tcd,2010,0.024488672614097595
tcd,2011,0.023157646879553795
tcd,2012,0.02245378866791725
tcd,2013,0.02179069258272648
tcd,2014,0.02112736366689205
tcd,2015,0.02041577361524105
tcd,2016,0.019712748005986214
tcd,2017,0.01906435564160347
tgo,2000,0.006735152564942837
tgo,2001,0.006443933118134737
tgo,2002,0.006150847766548395
tgo,2003,0.005810343194752932
tgo,2004,0.005541770253330469
tgo,2005,0.005253207869827747
tgo,2006,0.005054743494838476
tgo,2007,0.004867594223469496
tgo,2008,0.004692145623266697
tgo,2009,0.004474193789064884
tgo,2010,0.00431626383215189
tgo,2011,0.0042348941788077354
tgo,2012,0.0040956661105155945
tgo,2013,0.003956416621804237
tgo,2014,0.003819296834990382
tgo,2015,0.003683066926896572
tgo,2016,0.003544599050655961
tgo,2017,0.003410282311961055
tha,2000,0.0008245057542808354
tha,2001,0.0007759784930385649
tha,2002,0.0007357361610047519
tha,2003,0.000746940029785037
tha,2004,0.0007156371138989925
tha,2005,0.0006874994141981006
tha,2006,0.0006120650796219707
tha,2007,0.0005180919542908669
tha,2008,0.00044550743768922985
tha,2009,0.0003835086536128074
tha,2010,0.0003335250949021429
tha,2011,0.00030392518965527415
tha,2012,0.00029082511900924146
tha,2013,0.00027763567049987614
tha,2014,0.0002646486973389983
tha,2015,0.00025316441315226257
tha,2016,0.00024228304391726851
tha,2017,0.00023216863337438554
tjk,2000,0.0
tjk,2001,0.0
tjk,2002,0.0
tjk,2003,0.0
tjk,2004,0.0
tjk,2005,0.0
tjk,2006,0.0
tjk,2007,0.0
tjk,2008,0.0
tjk,2009,0.0
tjk,2010,0.0
tjk,2011,0.0
tjk,2012,0.0
tjk,2013,0.0
tjk,2014,0.0
tjk,2015,0.0
tjk,2016,0.0
tjk,2017,0.0
tkm,2000,0.0
tkm,2001,0.0
tkm,2002,0.0
tkm,2003,0.0
tkm,2004,0.0
tkm,2005,0.0
tkm,2006,0.0
tkm,2007,0.0
tkm,2008,0.0
tkm,2009,0.0
tkm,2010,0.0
tkm,2011,0.0
tkm,2012,0.0
tkm,2013,0.0
tkm,2014,0.0
tkm,2015,0.0
tkm,2016,0.0
tkm,2017,0.0
tls,2000,0.0776321217417717
tls,2001,0.06263089925050735
tls,2002,0.05141358822584152
tls,2003,0.04233816638588905
tls,2004,0.03274443373084068
tls,2005,0.0284764114767313
tls,2006,0.026438383385539055
tls,2007,0.025933919474482536
tls,2008,0.02463870868086815
tls,2009,0.02424226514995098
tls,2010,0.022761143743991852
tls,2011,0.020643938332796097
tls,2012,0.019894670695066452
tls,2013,0.019025031477212906
tls,2014,0.018071377649903297
tls,2015,0.017386525869369507
tls,2016,0.01660524681210518
tls,2017,0.015762312337756157
ton,2000,0.0
ton,2001,0.0
ton,2002,0.0
ton,2003,0.0
ton,2004,0.0
ton,2005,0.0
ton,2006,0.0
ton,2007,0.0
ton,2008,0.0
ton,2009,0.0
ton,2010,0.0
ton,2011,0.0
ton,2012,0.0
ton,2013,0.0
ton,2014,0.0
ton,2015,0.0
ton,2016,0.0
ton,2017,0.0
tto,2000,0.0
tto,2001,0.0
tto,2002,0.0
tto,2003,0.0
tto,2004,0.0
tto,2005,0.0
tto,2006,0.0
tto,2007,0.0
tto,2008,0.0
tto,2009,0.0
tto,2010,0.0
tto,2011,0.0
tto,2012,0.0
tto,2013,0.0
tto,2014,0.0
tto,2015,0.0
tto,2016,0.0
tto,2017,0.0
tun,2000,0.0
tun,2001,0.0
tun,2002,0.0
tun,2003,0.0
tun,2004,0.0
tun,2005,0.0
tun,2006,0.0
tun,2007,0.0
tun,2008,0.0
tun,2009,0.0
tun,2010,0.0
tun,2011,0.0
tun,2012,0.0
tun,2013,0.0
tun,2014,0.0
tun,2015,0.0
tun,2016,0.0
tun,2017,0.0
tur,2000,0.0
tur,2001,0.0
tur,2002,0.0
tur,2003,0.0
tur,2004,0.0
tur,2005,0.0
tur,2006,0.0
tur,2007,0.0
tur,2008,0.0
tur,2009,0.0
tur,2010,0.0
tur,2011,0.0
tur,2012,0.0
tur,2013,0.0
tur,2014,0.0
tur,2015,0.0
tur,2016,0.0
tur,2017,0.0
tuv,2000,0.0
tuv,2001,0.0
tuv,2002,0.0
tuv,2003,0.0
tuv,2004,0.0
tuv,2005,0.0
tuv,2006,0.0
tuv,2007,0.0
tuv,2008,0.0
tuv,2009,0.0
tuv,2010,0.0
tuv,2011,0.0
tuv,2012,0.0
tuv,2013,0.0
tuv,2014,0.0
tuv,2015,0.0
tuv,2016,0.0
tuv,2017,0.0
tza,2000,0.006498861592262983
tza,2001,0.005837762728333473
tza,2002,0.005279893986880779
tza,2003,0.004795659799128771
tza,2004,0.004353214520961046
tza,2005,0.003951584454625845
tza,2006,0.0035757794976234436
tza,2007,0.003240633523091674
tza,2008,0.0029336316511034966
tza,2009,0.0026906298007816076
tza,2010,0.0025059895124286413
tza,2011,0.002330938819795847
tza,2012,0.0021951596718281507
tza,2013,0.002092089969664812
tza,2014,0.002003582427278161
tza,2015,0.0018801192054525018
tza,2016,0.0017907145665958524
tza,2017,0.0017047504661604762
uga,2000,0.014768507331609726
uga,2001,0.013554495759308338
uga,2002,0.01252383179962635
uga,2003,0.01161427516490221
uga,2004,0.010786541737616062
uga,2005,0.009988677687942982
uga,2006,0.009275807067751884
uga,2007,0.008576194755733013
uga,2008,0.00790703110396862
uga,2009,0.007327300496399403
uga,2010,0.006810165010392666
uga,2011,0.006338111124932766
uga,2012,0.005661989562213421
uga,2013,0.005155740771442652
uga,2014,0.004774460103362799
uga,2015,0.004388659726828337
uga,2016,0.004016778897494078
uga,2017,0.0037647243589162827
ukr,2000,0.0
ukr,2001,0.0
ukr,2002,0.0
ukr,2003,0.0
ukr,2004,0.0
ukr,2005,0.0
ukr,2006,0.0
ukr,2007,0.0
ukr,2008,0.0
ukr,2009,0.0
ukr,2010,0.0
ukr,2011,0.0
ukr,2012,0.0
ukr,2013,0.0
ukr,2014,0.0
ukr,2015,0.0
ukr,2016,0.0
ukr,2017,0.0
ury,2000,0.0
ury,2001,0.0
ury,2002,0.0
ury,2003,0.0
ury,2004,0.0
ury,2005,0.0
ury,2006,0.0
ury,2007,0.0
ury,2008,0.0
ury,2009,0.0
ury,2010,0.0
ury,2011,0.0
ury,2012,0.0
ury,2013,0.0
ury,2014,0.0
ury,2015,0.0
ury,2016,0.0
ury,2017,0.0
usa,2000,0.0
usa,2001,0.0
usa,2002,0.0
usa,2003,0.0
usa,2004,0.0
usa,2005,0.0
usa,2006,0.0
usa,2007,0.0
usa,2008,0.0
usa,2009,0.0
usa,2010,0.0
usa,2011,0.0
usa,2012,0.0
usa,2013,0.0
usa,2014,0.0
usa,2015,0.0
usa,2016,0.0
usa,2017,0.0
uzb,2000,0.0
uzb,2001,0.0
uzb,2002,0.0
uzb,2003,0.0
uzb,2004,0.0
uzb,2005,0.0
uzb,2006,0.0
uzb,2007,0.0
uzb,2008,0.0
uzb,2009,0.0
uzb,2010,0.0
uzb,2011,0.0
uzb,2012,0.0
uzb,2013,0.0
uzb,2014,0.0
uzb,2015,0.0
uzb,2016,0.0
uzb,2017,0.0
vct,2000,0.0
vct,2001,0.0
vct,2002,0.0
vct,2003,0.0
vct,2004,0.0
vct,2005,0.0
vct,2006,0.0
vct,2007,0.0
vct,2008,0.0
vct,2009,0.0
vct,2010,0.0
vct,2011,0.0
vct,2012,0.0
vct,2013,0.0
vct,2014,0.0
vct,2015,0.0
vct,2016,0.0
vct,2017,0.0
ven,2000,0.0
ven,2001,0.001938335015438497
ven,2002,0.0021139502059668303
ven,2003,0.0
ven,2004,0.0037608544807881117
ven,2005,0.0
ven,2006,0.0
ven,2007,0.0
ven,2008,0.00395987369120121
ven,2009,0.0018634275766089559
ven,2010,0.003739218460395932
ven,2011,0.0
ven,2012,0.0018638542387634516
ven,2013,0.0019296034006401896
ven,2014,0.0014189111534506083
ven,2015,0.0016143081011250615
ven,2016,0.001885014004074037
ven,2017,0.002195144072175026
vnm,2000,0.0014263564953580499
vnm,2001,0.0014278418384492397
vnm,2002,0.0017880341038107872
vnm,2003,0.002226890530437231
vnm,2004,0.002516823587939143
vnm,2005,0.0025390363298356533
vnm,2006,0.002294110367074609
vnm,2007,0.001985875889658928
vnm,2008,0.0016078531043604016
vnm,2009,0.0013083850499242544
vnm,2010,0.0010751610388979316
vnm,2011,0.0008978182449936867
vnm,2012,0.0008926768787205219
vnm,2013,0.0008868174045346677
vnm,2014,0.0008822717936709523
vnm,2015,0.0008738008909858763
vnm,2016,0.0008625502232462168
vnm,2017,0.0008499452378600836
vut,2000,0.0
vut,2001,0.0
vut,2002,0.0
vut,2003,0.0
vut,2004,0.0
vut,2005,0.0
vut,2006,0.0
vut,2007,0.0
vut,2008,0.0
vut,2009,0.0
vut,2010,0.0
vut,2011,0.0
vut,2012,0.0
vut,2013,0.0
vut,2014,0.0
vut,2015,0.0
vut,2016,0.0
vut,2017,0.0
wsm,2000,0.0
wsm,2001,0.0
wsm,2002,0.0
wsm,2003,0.0
wsm,2004,0.0
wsm,2005,0.0
wsm,2006,0.0
wsm,2007,0.0
wsm,2008,0.0
wsm,2009,0.0
wsm,2010,0.0
wsm,2011,0.0
wsm,2012,0.0
wsm,2013,0.0
wsm,2014,0.0
wsm,2015,0.0
wsm,2016,0.0
wsm,2017,0.0
yem,2000,0.014620201662182808
yem,2001,0.013702000491321087
yem,2002,0.013070357032120228
yem,2003,0.012620720081031322
yem,2004,0.012185742147266865
yem,2005,0.011691625230014324
yem,2006,0.011057515628635883
yem,2007,0.01030063908547163
yem,2008,0.009834961965680122
yem,2009,0.0091576362028718
yem,2010,0.00851384550333023
yem,2011,0.008206979371607304
yem,2012,0.008202807046473026
yem,2013,0.008292377926409245
yem,2014,0.008172583766281605
yem,2015,0.007359485141932964
yem,2016,0.008179235272109509
yem,2017,0.008412856608629227
zaf,2000,0.014830479398369789
zaf,2001,0.01402233075350523
zaf,2002,0.013420728035271168
zaf,2003,0.012832606211304665
zaf,2004,0.01223665103316307
zaf,2005,0.011641791090369225
zaf,2006,0.009662365540862083
zaf,2007,0.008616862818598747
zaf,2008,0.007881873287260532
zaf,2009,0.007316384464502335
zaf,2010,0.0068650576286017895
zaf,2011,0.006673817988485098
zaf,2012,0.0060672457329928875
zaf,2013,0.005527930799871683
zaf,2014,0.005195715464651585
zaf,2015,0.0050804647617042065
zaf,2016,0.004812716972082853
zaf,2017,0.004596882965415716
zmb,2000,0.01682809554040432
zmb,2001,0.015178335830569267
zmb,2002,0.013615265488624573
zmb,2003,0.012123551219701767
zmb,2004,0.010797470808029175
zmb,2005,0.009790705516934395
zmb,2006,0.008942961692810059
zmb,2007,0.008271983824670315
zmb,2008,0.007724490016698837
zmb,2009,0.007248714100569487
zmb,2010,0.006839740090072155
zmb,2011,0.006520827766507864
zmb,2012,0.006143186707049608
zmb,2013,0.005824086721986532
zmb,2014,0.0054558333940804005
zmb,2015,0.00513031892478466
zmb,2016,0.0048929238691926
zmb,2017,0.004652515985071659
zwe,2000,0.016372688114643097
zwe,2001,0.015122612938284874
zwe,2002,0.014011777006089687
zwe,2003,0.013073594309389591
zwe,2004,0.011943028308451176
zwe,2005,0.011563717387616634
zwe,2006,0.009014504961669445
zwe,2007,0.005952589213848114
zwe,2008,0.00707212695851922
zwe,2009,0.0062408423982560635
zwe,2010,0.005917761940509081
zwe,2011,0.005362521391361952
zwe,2012,0.004784510005265474
zwe,2013,0.0041740406304597855
zwe,2014,0.003675539046525955
zwe,2015,0.003395668463781476
zwe,2016,0.003214818425476551
zwe,2017,0.0028369969222694635
