country,year,live_births
afg,2000,994521
afg,2001,1022927
afg,2002,1048815
afg,2003,1072468
afg,2004,1093639
afg,2005,1111576
afg,2006,1125378
afg,2007,1134763
afg,2008,1139947
afg,2009,1141543
afg,2010,1140714
afg,2011,1138910
afg,2012,1137483
afg,2013,1137448
afg,2014,1139284
afg,2015,1142962
afg,2016,1147923
afg,2017,1153075
ago,2000,813122
ago,2001,835467
ago,2002,859326
ago,2003,884421
ago,2004,910452
ago,2005,936919
ago,2006,963262
ago,2007,989081
ago,2008,1014132
ago,2009,1038341
ago,2010,1061812
ago,2011,1084837
ago,2012,1107919
ago,2013,1131498
ago,2014,1155798
ago,2015,1180970
ago,2016,1207049
ago,2017,1233903
alb,2000,51009
alb,2001,48349
alb,2002,45844
alb,2003,43490
alb,2004,41327
alb,2005,39423
alb,2006,37855
alb,2007,36647
alb,2008,35794
alb,2009,35266
alb,2010,35002
alb,2011,34918
alb,2012,34917
alb,2013,34916
alb,2014,34867
alb,2015,34750
alb,2016,34578
alb,2017,34399
and,2000,726
and,2001,744
and,2002,763
and,2003,781
and,2004,797
and,2005,809
and,2006,816
and,2007,818
and,2008,814
and,2009,805
and,2010,790
and,2011,770
and,2012,745
and,2013,717
and,2014,687
and,2015,656
and,2016,626
and,2017,598
are,2000,53255
are,2001,55588
are,2002,58588
are,2003,62165
are,2004,66200
are,2005,70544
are,2006,75027
are,2007,79426
are,2008,83507
are,2009,87076
are,2010,89906
are,2011,91815
are,2012,92835
are,2013,93061
are,2014,92590
are,2015,91583
are,2016,90246
are,2017,88826
arg,2000,720022
arg,2001,723898
arg,2002,727910
arg,2003,731563
arg,2004,734678
arg,2005,737273
arg,2006,739539
arg,2007,741771
arg,2008,744142
arg,2009,746612
arg,2010,749032
arg,2011,751175
arg,2012,752814
arg,2013,753790
arg,2014,754062
arg,2015,753646
arg,2016,752631
arg,2017,751214
arm,2000,39577
arm,2001,39492
arm,2002,39950
arm,2003,40696
arm,2004,41565
arm,2005,42402
arm,2006,43092
arm,2007,43605
arm,2008,43915
arm,2009,43975
arm,2010,43763
arm,2011,43297
arm,2012,42650
arm,2013,41891
arm,2014,41053
arm,2015,40158
arm,2016,39220
arm,2017,38243
atg,2000,1707
atg,2001,1721
atg,2002,1725
atg,2003,1722
atg,2004,1713
atg,2005,1701
atg,2006,1686
atg,2007,1671
atg,2008,1658
atg,2009,1647
atg,2010,1639
atg,2011,1635
atg,2012,1633
atg,2013,1633
atg,2014,1634
atg,2015,1636
atg,2016,1639
atg,2017,1642
aus,2000,247688
aus,2001,248926
aus,2002,251980
aus,2003,256766
aus,2004,263065
aus,2005,270377
aus,2006,278018
aus,2007,285266
aus,2008,291561
aus,2009,296630
aus,2010,300418
aus,2011,303121
aus,2012,305224
aus,2013,307116
aus,2014,308924
aus,2015,310703
aus,2016,312428
aus,2017,313981
aut,2000,80305
aut,2001,79325
aut,2002,78549
aut,2003,77931
aut,2004,77480
aut,2005,77211
aut,2006,77139
aut,2007,77261
aut,2008,77563
aut,2009,78026
aut,2010,78642
aut,2011,79401
aut,2012,80274
aut,2013,81215
aut,2014,82175
aut,2015,83099
aut,2016,83940
aut,2017,84667
aze,2000,140820
aze,2001,137886
aze,2002,136235
aze,2003,135673
aze,2004,136178
aze,2005,137939
aze,2006,141205
aze,2007,145911
aze,2008,151756
aze,2009,158281
aze,2010,164771
aze,2011,170436
aze,2012,174688
aze,2013,177125
aze,2014,177564
aze,2015,176026
aze,2016,172784
aze,2017,168492
bdi,2000,274354
bdi,2001,279535
bdi,2002,286728
bdi,2003,295761
bdi,2004,306441
bdi,2005,318448
bdi,2006,331367
bdi,2007,344685
bdi,2008,357931
bdi,2009,370777
bdi,2010,383035
bdi,2011,394687
bdi,2012,405905
bdi,2013,416787
bdi,2014,427265
bdi,2015,437227
bdi,2016,446558
bdi,2017,455212
bel,2000,113987
bel,2001,114358
bel,2002,115242
bel,2003,116559
bel,2004,118221
bel,2005,120065
bel,2006,121893
bel,2007,123535
bel,2008,124871
bel,2009,125850
bel,2010,126509
bel,2011,126957
bel,2012,127352
bel,2013,127811
bel,2014,128353
bel,2015,128957
bel,2016,129555
bel,2017,130052
ben,2000,291886
ben,2001,298189
ben,2002,304691
ben,2003,311413
ben,2004,318349
ben,2005,325483
ben,2006,332775
ben,2007,340154
ben,2008,347549
ben,2009,354908
ben,2010,362174
ben,2011,369303
ben,2012,376295
ben,2013,383166
ben,2014,389927
ben,2015,396613
ben,2016,403273
ben,2017,409958
bfa,2000,538354
bfa,2001,551406
bfa,2002,564533
bfa,2003,577684
bfa,2004,590767
bfa,2005,603629
bfa,2006,616108
bfa,2007,628133
bfa,2008,639689
bfa,2009,650810
bfa,2010,661587
bfa,2011,672164
bfa,2012,682724
bfa,2013,693429
bfa,2014,704370
bfa,2015,715598
bfa,2016,727105
bfa,2017,738816
bgd,2000,3637441
bgd,2001,3614018
bgd,2002,3583569
bgd,2003,3546385
bgd,2004,3503332
bgd,2005,3456129
bgd,2006,3407066
bgd,2007,3358744
bgd,2008,3313358
bgd,2009,3272201
bgd,2010,3236174
bgd,2011,3205395
bgd,2012,3178508
bgd,2013,3154123
bgd,2014,3131490
bgd,2015,3109722
bgd,2016,3087973
bgd,2017,3065620
bgr,2000,65237
bgr,2001,65424
bgr,2002,66232
bgr,2003,67412
bgr,2004,68763
bgr,2005,70052
bgr,2006,71075
bgr,2007,71747
bgr,2008,72022
bgr,2009,71863
bgr,2010,71306
bgr,2011,70457
bgr,2012,69489
bgr,2013,68543
bgr,2014,67675
bgr,2015,66913
bgr,2016,66242
bgr,2017,65596
bhr,2000,14837
bhr,2001,15204
bhr,2002,15627
bhr,2003,16093
bhr,2004,16589
bhr,2005,17108
bhr,2006,17645
bhr,2007,18194
bhr,2008,18742
bhr,2009,19276
bhr,2010,19777
bhr,2011,20231
bhr,2012,20631
bhr,2013,20974
bhr,2014,21258
bhr,2015,21489
bhr,2016,21674
bhr,2017,21828
bhs,2000,5285
bhs,2001,5138
bhs,2002,5043
bhs,2003,5006
bhs,2004,5028
bhs,2005,5099
bhs,2006,5200
bhs,2007,5307
bhs,2008,5401
bhs,2009,5471
bhs,2010,5515
bhs,2011,5537
bhs,2012,5547
bhs,2013,5554
bhs,2014,5562
bhs,2015,5570
bhs,2016,5577
bhs,2017,5581
bih,2000,41339
bih,2001,39235
bih,2002,37483
bih,2003,36178
bih,2004,35328
bih,2005,34873
bih,2006,34691
bih,2007,34612
bih,2008,34499
bih,2009,34296
bih,2010,33985
bih,2011,33598
bih,2012,33216
bih,2013,32901
bih,2014,32668
bih,2015,32523
bih,2016,32468
bih,2017,32478
blr,2000,88740
blr,2001,88436
blr,2002,89053
blr,2003,90412
blr,2004,92357
blr,2005,94771
blr,2006,97566
blr,2007,100622
blr,2008,103770
blr,2009,106809
blr,2010,109516
blr,2011,111705
blr,2012,113309
blr,2013,114297
blr,2014,114636
blr,2015,114344
blr,2016,113493
blr,2017,112244
blz,2000,7349
blz,2001,7424
blz,2002,7473
blz,2003,7496
blz,2004,7494
blz,2005,7479
blz,2006,7463
blz,2007,7462
blz,2008,7485
blz,2009,7537
blz,2010,7618
blz,2011,7722
blz,2012,7839
blz,2013,7958
blz,2014,8074
blz,2015,8181
blz,2016,8280
blz,2017,8369
bol,2000,257795
bol,2001,257952
bol,2002,257878
bol,2003,257639
bol,2004,257275
bol,2005,256794
bol,2006,256185
bol,2007,255455
bol,2008,254640
bol,2009,253805
bol,2010,253049
bol,2011,252481
bol,2012,252158
bol,2013,252107
bol,2014,252324
bol,2015,252768
bol,2016,253367
bol,2017,254011
bra,2000,3538418
bra,2001,3483166
bra,2002,3421441
bra,2003,3357074
bra,2004,3292893
bra,2005,3232555
bra,2006,3179436
bra,2007,3134770
bra,2008,3098881
bra,2009,3071618
bra,2010,3051575
bra,2011,3036253
bra,2012,3022226
bra,2013,3006633
bra,2014,2988029
bra,2015,2965624
bra,2016,2939562
bra,2017,2911310
brb,2000,3719
brb,2001,3675
brb,2002,3636
brb,2003,3604
brb,2004,3578
brb,2005,3558
brb,2006,3542
brb,2007,3528
brb,2008,3515
brb,2009,3501
brb,2010,3487
brb,2011,3472
brb,2012,3456
brb,2013,3440
brb,2014,3424
brb,2015,3408
brb,2016,3391
brb,2017,3375
brn,2000,7135
brn,2001,6957
brn,2002,6783
brn,2003,6622
brn,2004,6483
brn,2005,6379
brn,2006,6320
brn,2007,6306
brn,2008,6331
brn,2009,6390
brn,2010,6470
brn,2011,6557
brn,2012,6636
brn,2013,6695
brn,2014,6727
brn,2015,6730
brn,2016,6707
brn,2017,6668
btn,2000,16087
btn,2001,15846
btn,2002,15659
btn,2003,15525
btn,2004,15436
btn,2005,15375
btn,2006,15324
btn,2007,15265
btn,2008,15185
btn,2009,15082
btn,2010,14961
btn,2011,14836
btn,2012,14725
btn,2013,14638
btn,2014,14574
btn,2015,14528
btn,2016,14487
btn,2017,14438
bwa,2000,47637
bwa,2001,47519
bwa,2002,47438
bwa,2003,47435
bwa,2004,47536
bwa,2005,47782
bwa,2006,48207
bwa,2007,48796
bwa,2008,49512
bwa,2009,50314
bwa,2010,51134
bwa,2011,51892
bwa,2012,52525
bwa,2013,52987
bwa,2014,53255
bwa,2015,53332
bwa,2016,53244
bwa,2017,53055
caf,2000,150323
caf,2001,153063
caf,2002,155623
caf,2003,157982
caf,2004,160107
caf,2005,161969
caf,2006,163547
caf,2007,164853
caf,2008,165901
caf,2009,166700
caf,2010,167208
caf,2011,167369
caf,2012,167214
caf,2013,166831
caf,2014,166346
caf,2015,165958
caf,2016,165882
caf,2017,166267
can,2000,333935
can,2001,332343
can,2002,333378
can,2003,336679
can,2004,341927
can,2005,348560
can,2006,355862
can,2007,363069
can,2008,369539
can,2009,374884
can,2010,378893
can,2011,381614
can,2012,383474
can,2013,384854
can,2014,385894
can,2015,386733
can,2016,387477
can,2017,388167
che,2000,76165
che,2001,75021
che,2002,74175
che,2003,73707
che,2004,73663
che,2005,74057
che,2006,74855
che,2007,75939
che,2008,77191
che,2009,78539
che,2010,79925
che,2011,81312
che,2012,82683
che,2013,84007
che,2014,85237
che,2015,86328
che,2016,87250
che,2017,88000
chl,2000,258796
chl,2001,256323
chl,2002,254381
chl,2003,252930
chl,2004,251908
chl,2005,251162
chl,2006,250484
chl,2007,249683
chl,2008,248629
chl,2009,247284
chl,2010,245696
chl,2011,243991
chl,2012,242347
chl,2013,240898
chl,2014,239679
chl,2015,238687
chl,2016,237876
chl,2017,237142
chn,2000,16257375
chn,2001,16173671
chn,2002,16182854
chn,2003,16250522
chn,2004,16352358
chn,2005,16474295
chn,2006,16612869
chn,2007,16769507
chn,2008,16937752
chn,2009,17100081
chn,2010,17234630
chn,2011,17320998
chn,2012,17348922
chn,2013,17312311
chn,2014,17207723
chn,2015,17035167
chn,2016,16800500
chn,2017,16521467
civ,2000,677949
civ,2001,688003
civ,2002,697303
civ,2003,706253
civ,2004,715166
civ,2005,724414
civ,2006,734325
civ,2007,745049
civ,2008,756678
civ,2009,769278
civ,2010,782835
civ,2011,797230
civ,2012,812189
civ,2013,827451
civ,2014,842864
civ,2015,858303
civ,2016,873700
civ,2017,889062
cmr,2000,632665
cmr,2001,647436
cmr,2002,662955
cmr,2003,678951
cmr,2004,695193
cmr,2005,711440
cmr,2006,727477
cmr,2007,743141
cmr,2008,758270
cmr,2009,772704
cmr,2010,786280
cmr,2011,798902
cmr,2012,810663
cmr,2013,821703
cmr,2014,832133
cmr,2015,842102
cmr,2016,851775
cmr,2017,861330
cod,2000,2180318
cod,2001,2240694
cod,2002,2303877
cod,2003,2370228
cod,2004,2439805
cod,2005,2512610
cod,2006,2588433
cod,2007,2666416
cod,2008,2745560
cod,2009,2825027
cod,2010,2903817
cod,2011,2981038
cod,2012,3056294
cod,2013,3129360
cod,2014,3200088
cod,2015,3268561
cod,2016,3335137
cod,2017,3400588
cog,2000,126845
cog,2001,130793
cog,2002,134839
cog,2003,138974
cog,2004,143156
cog,2005,147336
cog,2006,151458
cog,2007,155459
cog,2008,159269
cog,2009,162829
cog,2010,166042
cog,2011,168822
cog,2012,171179
cog,2013,173173
cog,2014,174883
cog,2015,176429
cog,2016,177951
cog,2017,179595
cok,2000,419
cok,2001,403
cok,2002,388
cok,2003,376
cok,2004,366
cok,2005,358
cok,2006,351
cok,2007,345
cok,2008,338
cok,2009,331
cok,2010,324
cok,2011,318
cok,2012,311
cok,2013,306
cok,2014,302
cok,2015,298
cok,2016,295
cok,2017,293
col,2000,847868
col,2001,845025
col,2002,841817
col,2003,837605
col,2004,832169
col,2005,825468
col,2006,817686
col,2007,809311
col,2008,800772
col,2009,792271
col,2010,783985
col,2011,776016
col,2012,768316
col,2013,760830
col,2014,753548
col,2015,746404
col,2016,739289
col,2017,732104
com,2000,20346
com,2001,20706
com,2002,21080
com,2003,21466
com,2004,21860
com,2005,22263
com,2006,22676
com,2007,23096
com,2008,23518
com,2009,23936
com,2010,24340
com,2011,24720
com,2012,25071
com,2013,25390
com,2014,25674
com,2015,25925
com,2016,26148
com,2017,26350
cpv,2000,12685
cpv,2001,12554
cpv,2002,12429
cpv,2003,12311
cpv,2004,12199
cpv,2005,12090
cpv,2006,11981
cpv,2007,11869
cpv,2008,11753
cpv,2009,11637
cpv,2010,11527
cpv,2011,11433
cpv,2012,11362
cpv,2013,11315
cpv,2014,11293
cpv,2015,11289
cpv,2016,11296
cpv,2017,11303
cri,2000,76236
cri,2001,75016
cri,2002,74006
cri,2003,73265
cri,2004,72808
cri,2005,72597
cri,2006,72546
cri,2007,72530
cri,2008,72450
cri,2009,72263
cri,2010,71959
cri,2011,71560
cri,2012,71121
cri,2013,70685
cri,2014,70259
cri,2015,69838
cri,2016,69408
cri,2017,68949
cub,2000,144667
cub,2001,141208
cub,2002,137755
cub,2003,134451
cub,2004,131417
cub,2005,128843
cub,2006,126914
cub,2007,125671
cub,2008,125074
cub,2009,125041
cub,2010,125392
cub,2011,125891
cub,2012,126293
cub,2013,126406
cub,2014,126138
cub,2015,125471
cub,2016,124477
cub,2017,123323
cyp,2000,12449
cyp,2001,12267
cyp,2002,12156
cyp,2003,12109
cyp,2004,12123
cyp,2005,12189
cyp,2006,12295
cyp,2007,12420
cyp,2008,12545
cyp,2009,12658
cyp,2010,12746
cyp,2011,12804
cyp,2012,12834
cyp,2013,12838
cyp,2014,12817
cyp,2015,12769
cyp,2016,12695
cyp,2017,12600
cze,2000,88224
cze,2001,89643
cze,2002,92290
cze,2003,95708
cze,2004,99557
cze,2005,103410
cze,2006,106860
cze,2007,109671
cze,2008,111683
cze,2009,112798
cze,2010,113048
cze,2011,112609
cze,2012,111807
cze,2013,110913
cze,2014,110037
cze,2015,109231
cze,2016,108476
cze,2017,107672
deu,2000,749244
deu,2001,736819
deu,2002,724025
deu,2003,711877
deu,2004,700998
deu,2005,692005
deu,2006,685323
deu,2007,680911
deu,2008,678657
deu,2009,678537
deu,2010,680510
deu,2011,684444
deu,2012,689903
deu,2013,696372
deu,2014,703406
deu,2015,710627
deu,2016,717762
deu,2017,724607
dji,2000,22454
dji,2001,22451
dji,2002,22434
dji,2003,22366
dji,2004,22246
dji,2005,22083
dji,2006,21903
dji,2007,21738
dji,2008,21612
dji,2009,21533
dji,2010,21503
dji,2011,21513
dji,2012,21545
dji,2013,21582
dji,2014,21617
dji,2015,21645
dji,2016,21665
dji,2017,21678
dma,2000,1132
dma,2001,1086
dma,2002,1049
dma,2003,1020
dma,2004,1001
dma,2005,992
dma,2006,992
dma,2007,999
dma,2008,1010
dma,2009,1024
dma,2010,1039
dma,2011,1055
dma,2012,1070
dma,2013,1084
dma,2014,1095
dma,2015,1104
dma,2016,1109
dma,2017,1110
dnk,2000,65721
dnk,2001,65346
dnk,2002,65085
dnk,2003,64927
dnk,2004,64852
dnk,2005,64764
dnk,2006,64528
dnk,2007,64056
dnk,2008,63319
dnk,2009,62359
dnk,2010,61286
dnk,2011,60261
dnk,2012,59447
dnk,2013,58964
dnk,2014,58860
dnk,2015,59143
dnk,2016,59770
dnk,2017,60616
dom,2000,215769
dom,2001,216829
dom,2002,217902
dom,2003,218834
dom,2004,219555
dom,2005,220028
dom,2006,220267
dom,2007,220335
dom,2008,220281
dom,2009,220106
dom,2010,219800
dom,2011,219340
dom,2012,218716
dom,2013,217927
dom,2014,216986
dom,2015,215914
dom,2016,214734
dom,2017,213478
dza,2000,609986
dza,2001,609434
dza,2002,618543
dza,2003,636646
dza,2004,662912
dza,2005,696440
dza,2006,736007
dza,2007,779042
dza,2008,822546
dza,2009,863815
dza,2010,899661
dza,2011,927363
dza,2012,946162
dza,2013,955930
dza,2014,956689
dza,2015,949277
dza,2016,935358
dza,2017,917620
ecu,2000,314356
ecu,2001,314083
ecu,2002,314197
ecu,2003,314819
ecu,2004,315976
ecu,2005,317620
ecu,2006,319620
ecu,2007,321742
ecu,2008,323777
ecu,2009,325607
ecu,2010,327145
ecu,2011,328355
ecu,2012,329285
ecu,2013,329976
ecu,2014,330424
ecu,2015,330633
ecu,2016,330611
ecu,2017,330390
egy,2000,1772760
egy,2001,1798131
egy,2002,1825355
egy,2003,1853309
egy,2004,1882637
egy,2005,1918071
egy,2006,1966198
egy,2007,2030410
egy,2008,2110474
egy,2009,2202603
egy,2010,2298594
egy,2011,2387928
egy,2012,2461231
egy,2013,2512079
egy,2014,2538271
egy,2015,2540696
egy,2016,2523760
egy,2017,2496408
eri,2000,120886
eri,2001,124815
eri,2002,129394
eri,2003,134274
eri,2004,139190
eri,2005,143837
eri,2006,147958
eri,2007,151453
eri,2008,154271
eri,2009,156369
eri,2010,157769
eri,2011,158575
eri,2012,159010
eri,2013,159280
eri,2014,159506
eri,2015,159779
eri,2016,160142
eri,2017,160578
esp,2000,402699
esp,2001,414984
esp,2002,428737
esp,2003,442856
esp,2004,456292
esp,2005,467629
esp,2006,475524
esp,2007,479447
esp,2008,479254
esp,2009,475035
esp,2010,467342
esp,2011,457150
esp,2012,445852
esp,2013,434656
esp,2014,424234
esp,2015,414941
esp,2016,406734
esp,2017,399129
est,2000,12688
est,2001,12872
est,2002,13195
est,2003,13614
est,2004,14082
est,2005,14532
est,2006,14898
est,2007,15143
est,2008,15250
est,2009,15213
est,2010,15055
est,2011,14822
est,2012,14575
est,2013,14362
est,2014,14198
est,2015,14087
est,2016,14011
est,2017,13936
eth,2000,2914940
eth,2001,2939129
eth,2002,2954878
eth,2003,2964730
eth,2004,2970859
eth,2005,2976251
eth,2006,2983918
eth,2007,2995733
eth,2008,3012903
eth,2009,3036015
eth,2010,3064747
eth,2011,3097772
eth,2012,3132542
eth,2013,3166831
eth,2014,3199532
eth,2015,3229950
eth,2016,3257962
eth,2017,3284111
fin,2000,57539
fin,2001,57276
fin,2002,57282
fin,2003,57491
fin,2004,57856
fin,2005,58293
fin,2006,58707
fin,2007,59025
fin,2008,59206
fin,2009,59235
fin,2010,59147
fin,2011,59008
fin,2012,58907
fin,2013,58901
fin,2014,59006
fin,2015,59210
fin,2016,59477
fin,2017,59749
fji,2000,19953
fji,2001,19799
fji,2002,19650
fji,2003,19504
fji,2004,19360
fji,2005,19218
fji,2006,19079
fji,2007,18940
fji,2008,18799
fji,2009,18656
fji,2010,18508
fji,2011,18350
fji,2012,18182
fji,2013,18004
fji,2014,17819
fji,2015,17628
fji,2016,17436
fji,2017,17246
fra,2000,752633
fra,2001,758648
fra,2002,764693
fra,2003,770534
fra,2004,775854
fra,2005,780247
fra,2006,783355
fra,2007,785087
fra,2008,785461
fra,2009,784533
fra,2010,782463
fra,2011,779508
fra,2012,776066
fra,2013,772517
fra,2014,769117
fra,2015,766047
fra,2016,763374
fra,2017,761031
fsm,2000,3223
fsm,2001,3142
fsm,2002,3051
fsm,2003,2956
fsm,2004,2860
fsm,2005,2769
fsm,2006,2686
fsm,2007,2614
fsm,2008,2553
fsm,2009,2505
fsm,2010,2473
fsm,2011,2454
fsm,2012,2448
fsm,2013,2451
fsm,2014,2460
fsm,2015,2475
fsm,2016,2493
fsm,2017,2514
gab,2000,41216
gab,2001,41878
gab,2002,42633
gab,2003,43495
gab,2004,44470
gab,2005,45577
gab,2006,46833
gab,2007,48211
gab,2008,49669
gab,2009,51161
gab,2010,52621
gab,2011,53981
gab,2012,55191
gab,2013,56215
gab,2014,57030
gab,2015,57624
gab,2016,58006
gab,2017,58227
gbr,2000,695802
gbr,2001,690090
gbr,2002,690012
gbr,2003,696077
gbr,2004,707917
gbr,2005,724133
gbr,2006,742537
gbr,2007,760478
gbr,2008,775837
gbr,2009,787603
gbr,2010,795425
gbr,2011,799769
gbr,2012,802093
gbr,2013,803598
gbr,2014,804657
gbr,2015,805499
gbr,2016,806147
gbr,2017,806368
geo,2000,56595
geo,2001,55495
geo,2002,55054
geo,2003,55160
geo,2004,55705
geo,2005,56550
geo,2006,57544
geo,2007,58527
geo,2008,59347
geo,2009,59882
geo,2010,60019
geo,2011,59697
geo,2012,58976
geo,2013,57937
geo,2014,56629
geo,2015,55129
geo,2016,53528
geo,2017,51921
gha,2000,673264
gha,2001,684125
gha,2002,695735
gha,2003,708317
gha,2004,721909
gha,2005,736583
gha,2006,752335
gha,2007,768812
gha,2008,785538
gha,2009,802064
gha,2010,817766
gha,2011,832025
gha,2012,844520
gha,2013,855092
gha,2014,863704
gha,2015,870487
gha,2016,875758
gha,2017,880105
gin,2000,377658
gin,2001,381677
gin,2002,385302
gin,2003,388803
gin,2004,392356
gin,2005,396081
gin,2006,400015
gin,2007,404089
gin,2008,408257
gin,2009,412551
gin,2010,416993
gin,2011,421591
gin,2012,426337
gin,2013,431232
gin,2014,436283
gin,2015,441514
gin,2016,446949
gin,2017,452587
gmb,2000,56042
gmb,2001,57496
gmb,2002,58976
gmb,2003,60467
gmb,2004,61967
gmb,2005,63481
gmb,2006,65022
gmb,2007,66598
gmb,2008,68207
gmb,2009,69840
gmb,2010,71482
gmb,2011,73111
gmb,2012,74709
gmb,2013,76262
gmb,2014,77762
gmb,2015,79207
gmb,2016,80606
gmb,2017,81971
gnb,2000,51599
gnb,2001,52264
gnb,2002,53019
gnb,2003,53855
gnb,2004,54765
gnb,2005,55749
gnb,2006,56803
gnb,2007,57911
gnb,2008,59048
gnb,2009,60189
gnb,2010,61303
gnb,2011,62363
gnb,2012,63351
gnb,2013,64257
gnb,2014,65072
gnb,2015,65794
gnb,2016,66430
gnb,2017,67002
gnq,2000,25315
gnq,2001,26253
gnq,2002,27226
gnq,2003,28233
gnq,2004,29270
gnq,2005,30329
gnq,2006,31405
gnq,2007,32488
gnq,2008,33571
gnq,2009,34646
gnq,2010,35705
gnq,2011,36746
gnq,2012,37768
gnq,2013,38772
gnq,2014,39758
gnq,2015,40726
gnq,2016,41680
gnq,2017,42623
grc,2000,110303
grc,2001,110879
grc,2002,111908
grc,2003,113339
grc,2004,115009
grc,2005,116576
grc,2006,117617
grc,2007,117810
grc,2008,116965
grc,2009,115059
grc,2010,112201
grc,2011,108633
grc,2012,104762
grc,2013,100949
grc,2014,97394
grc,2015,94229
grc,2016,91488
grc,2017,89070
grd,2000,1973
grd,2001,1947
grd,2002,1931
grd,2003,1927
grd,2004,1931
grd,2005,1944
grd,2006,1962
grd,2007,1984
grd,2008,2005
grd,2009,2023
grd,2010,2037
grd,2011,2045
grd,2012,2048
grd,2013,2047
grd,2014,2039
grd,2015,2026
grd,2016,2006
grd,2017,1980
gtm,2000,413176
gtm,2001,415209
gtm,2002,415999
gtm,2003,415540
gtm,2004,414004
gtm,2005,411762
gtm,2006,409310
gtm,2007,407172
gtm,2008,405759
gtm,2009,405285
gtm,2010,405844
gtm,2011,407363
gtm,2012,409498
gtm,2013,411928
gtm,2014,414489
gtm,2015,417039
gtm,2016,419475
gtm,2017,421762
guy,2000,19402
guy,2001,18920
guy,2002,18407
guy,2003,17887
guy,2004,17382
guy,2005,16921
guy,2006,16532
guy,2007,16226
guy,2008,16007
guy,2009,15875
guy,2010,15818
guy,2011,15821
guy,2012,15853
guy,2013,15890
guy,2014,15915
guy,2015,15916
guy,2016,15889
guy,2017,15839
hnd,2000,213096
hnd,2001,213701
hnd,2002,213880
hnd,2003,213611
hnd,2004,212907
hnd,2005,211763
hnd,2006,210185
hnd,2007,208267
hnd,2008,206146
hnd,2009,203964
hnd,2010,201917
hnd,2011,200198
hnd,2012,198905
hnd,2013,198084
hnd,2014,197740
hnd,2015,197819
hnd,2016,198206
hnd,2017,198713
hrv,2000,45060
hrv,2001,43834
hrv,2002,42865
hrv,2003,42290
hrv,2004,42123
hrv,2005,42295
hrv,2006,42665
hrv,2007,43030
hrv,2008,43231
hrv,2009,43200
hrv,2010,42907
hrv,2011,42376
hrv,2012,41702
hrv,2013,40970
hrv,2014,40213
hrv,2015,39461
hrv,2016,38728
hrv,2017,38014
hti,2000,266029
hti,2001,265747
hti,2002,265646
hti,2003,265783
hti,2004,266141
hti,2005,266629
hti,2006,267097
hti,2007,267391
hti,2008,267402
hti,2009,267105
hti,2010,266535
hti,2011,265784
hti,2012,264981
hti,2013,264220
hti,2014,263525
hti,2015,262887
hti,2016,262259
hti,2017,261566
hun,2000,95984
hun,2001,95231
hun,2002,94994
hun,2003,95028
hun,2004,95192
hun,2005,95318
hun,2006,95260
hun,2007,94969
hun,2008,94427
hun,2009,93626
hun,2010,92619
hun,2011,91508
hun,2012,90430
hun,2013,89488
hun,2014,88719
hun,2015,88128
hun,2016,87683
hun,2017,87307
idn,2000,4611047
idn,2001,4682824
idn,2002,4756549
idn,2003,4824792
idn,2004,4883524
idn,2005,4931043
idn,2006,4968302
idn,2007,4998853
idn,2008,5025029
idn,2009,5046403
idn,2010,5061235
idn,2011,5067185
idn,2012,5062867
idn,2013,5048017
idn,2014,5023532
idn,2015,4991134
idn,2016,4953196
idn,2017,4912756
ind,2000,27879562
ind,2001,27883140
ind,2002,27868813
ind,2003,27832703
ind,2004,27769115
ind,2005,27663221
ind,2006,27498239
ind,2007,27271185
ind,2008,26988693
ind,2009,26664232
ind,2010,26323768
ind,2011,25999033
ind,2012,25716525
ind,2013,25494076
ind,2014,25337889
ind,2015,25243769
ind,2016,25196653
ind,2017,25169393
irl,2000,57794
irl,2001,59562
irl,2002,61447
irl,2003,63419
irl,2004,65403
irl,2005,67306
irl,2006,69032
irl,2007,70503
irl,2008,71647
irl,2009,72410
irl,2010,72735
irl,2011,72587
irl,2012,72023
irl,2013,71119
irl,2014,69942
irl,2015,68565
irl,2016,67063
irl,2017,65518
irn,2000,1239458
irn,2001,1224387
irn,2002,1219437
irn,2003,1223102
irn,2004,1234012
irn,2005,1251119
irn,2006,1273493
irn,2007,1299322
irn,2008,1326191
irn,2009,1351507
irn,2010,1372296
irn,2011,1385994
irn,2012,1391593
irn,2013,1388541
irn,2014,1376410
irn,2015,1355166
irn,2016,1325495
irn,2017,1289620
irq,2000,839251
irq,2001,856483
irq,2002,874816
irq,2003,894841
irq,2004,916798
irq,2005,940914
irq,2006,967243
irq,2007,995280
irq,2008,1024391
irq,2009,1054041
irq,2010,1083532
irq,2011,1112174
irq,2012,1139531
irq,2013,1165306
irq,2014,1189324
irq,2015,1211574
irq,2016,1232270
irq,2017,1251966
isl,2000,4125
isl,2001,4123
isl,2002,4152
isl,2003,4207
isl,2004,4285
isl,2005,4375
isl,2006,4462
isl,2007,4535
isl,2008,4584
isl,2009,4606
isl,2010,4601
isl,2011,4576
isl,2012,4542
isl,2013,4508
isl,2014,4478
isl,2015,4454
isl,2016,4438
isl,2017,4425
isr,2000,127413
isr,2001,129922
isr,2002,132433
isr,2003,135036
isr,2004,137767
isr,2005,140714
isr,2006,143965
isr,2007,147485
isr,2008,151172
isr,2009,154894
isr,2010,158412
isr,2011,161450
isr,2012,163829
isr,2013,165452
isr,2014,166315
isr,2015,166500
isr,2016,166178
isr,2017,165618
ita,2000,533720
ita,2001,537622
ita,2002,542594
ita,2003,547948
ita,2004,553040
ita,2005,556899
ita,2006,558549
ita,2007,557568
ita,2008,553854
ita,2009,547535
ita,2010,539108
ita,2011,529374
ita,2012,519399
ita,2013,510085
ita,2014,501921
ita,2015,495161
ita,2016,489746
ita,2017,485228
jam,2000,56600
jam,2001,55605
jam,2002,54649
jam,2003,53788
jam,2004,53049
jam,2005,52433
jam,2006,51918
jam,2007,51454
jam,2008,51002
jam,2009,50551
jam,2010,50105
jam,2011,49679
jam,2012,49288
jam,2013,48934
jam,2014,48603
jam,2015,48271
jam,2016,47907
jam,2017,47485
jor,2000,159071
jor,2001,160453
jor,2002,162297
jor,2003,164877
jor,2004,168373
jor,2005,173022
jor,2006,178988
jor,2007,186093
jor,2008,194036
jor,2009,202517
jor,2010,211133
jor,2011,219455
jor,2012,227099
jor,2013,233732
jor,2014,239118
jor,2015,243088
jor,2016,245621
jor,2017,246967
jpn,2000,1165748
jpn,2001,1155223
jpn,2002,1145456
jpn,2003,1137090
jpn,2004,1130171
jpn,2005,1124516
jpn,2006,1119711
jpn,2007,1115092
jpn,2008,1110088
jpn,2009,1104399
jpn,2010,1097790
jpn,2011,1090176
jpn,2012,1081761
jpn,2013,1072762
jpn,2014,1063287
jpn,2015,1053436
jpn,2016,1043313
jpn,2017,1033077
kaz,2000,238515
kaz,2001,241932
kaz,2002,250165
kaz,2003,262404
kaz,2004,277816
kaz,2005,295373
kaz,2006,313971
kaz,2007,332399
kaz,2008,349464
kaz,2009,364185
kaz,2010,375683
kaz,2011,383474
kaz,2012,387931
kaz,2013,389509
kaz,2014,388416
kaz,2015,384948
kaz,2016,379501
kaz,2017,372688
ken,2000,1254299
ken,2001,1280988
ken,2002,1306878
ken,2003,1332408
ken,2004,1357301
ken,2005,1380681
ken,2006,1401415
ken,2007,1418827
ken,2008,1432757
ken,2009,1443567
ken,2010,1452167
ken,2011,1459840
ken,2012,1467990
ken,2013,1477720
ken,2014,1489562
ken,2015,1503665
ken,2016,1519710
ken,2017,1536804
kgz,2000,105510
kgz,2001,104068
kgz,2002,103886
kgz,2003,105023
kgz,2004,107473
kgz,2005,111247
kgz,2006,116288
kgz,2007,122236
kgz,2008,128637
kgz,2009,135071
kgz,2010,141001
kgz,2011,145922
kgz,2012,149589
kgz,2013,151865
kgz,2014,152689
kgz,2015,152138
kgz,2016,150445
kgz,2017,148063
khm,2000,339808
khm,2001,338097
khm,2002,338153
khm,2003,339947
khm,2004,343293
khm,2005,347733
khm,2006,352634
khm,2007,357302
khm,2008,361190
khm,2009,364025
khm,2010,365773
khm,2011,366646
khm,2012,367076
khm,2013,367373
khm,2014,367572
khm,2015,367570
khm,2016,367171
khm,2017,366177
kir,2000,2584
kir,2001,2600
kir,2002,2625
kir,2003,2657
kir,2004,2697
kir,2005,2744
kir,2006,2796
kir,2007,2851
kir,2008,2909
kir,2009,2966
kir,2010,3020
kir,2011,3070
kir,2012,3114
kir,2013,3153
kir,2014,3185
kir,2015,3211
kir,2016,3231
kir,2017,3246
kna,2000,884
kna,2001,880
kna,2002,878
kna,2003,878
kna,2004,880
kna,2005,884
kna,2006,890
kna,2007,894
kna,2008,897
kna,2009,898
kna,2010,896
kna,2011,892
kna,2012,886
kna,2013,880
kna,2014,872
kna,2015,864
kna,2016,856
kna,2017,847
kor,2000,569448
kor,2001,543570
kor,2002,520122
kor,2003,499932
kor,2004,483638
kor,2005,471465
kor,2006,463085
kor,2007,457383
kor,2008,453358
kor,2009,450554
kor,2010,448641
kor,2011,447469
kor,2012,447051
kor,2013,447319
kor,2014,448046
kor,2015,449034
kor,2016,450153
kor,2017,451370
kwt,2000,44474
kwt,2001,44972
kwt,2002,45652
kwt,2003,46677
kwt,2004,48067
kwt,2005,49789
kwt,2006,51758
kwt,2007,53816
kwt,2008,55816
kwt,2009,57676
kwt,2010,59342
kwt,2011,60801
kwt,2012,62077
kwt,2013,63179
kwt,2014,64080
kwt,2015,64720
kwt,2016,65038
kwt,2017,65027
lao,2000,169530
lao,2001,167367
lao,2002,165901
lao,2003,165084
lao,2004,164880
lao,2005,165156
lao,2006,165704
lao,2007,166265
lao,2008,166629
lao,2009,166693
lao,2010,166417
lao,2011,165841
lao,2012,165099
lao,2013,164295
lao,2014,163455
lao,2015,162586
lao,2016,161676
lao,2017,160698
lbn,2000,62001
lbn,2001,60507
lbn,2002,58741
lbn,2003,56855
lbn,2004,55055
lbn,2005,53719
lbn,2006,53272
lbn,2007,53957
lbn,2008,55865
lbn,2009,58946
lbn,2010,63039
lbn,2011,67858
lbn,2012,72940
lbn,2013,77837
lbn,2014,82247
lbn,2015,85906
lbn,2016,88664
lbn,2017,90582
lbr,2000,118208
lbr,2001,122100
lbr,2002,125651
lbr,2003,128856
lbr,2004,131694
lbr,2005,134203
lbr,2006,136473
lbr,2007,138645
lbr,2008,140830
lbr,2009,143074
lbr,2010,145388
lbr,2011,147742
lbr,2012,150077
lbr,2013,152356
lbr,2014,154580
lbr,2015,156767
lbr,2016,158946
lbr,2017,161149
lby,2000,116464
lby,2001,116885
lby,2002,117735
lby,2003,118956
lby,2004,120474
lby,2005,122224
lby,2006,124148
lby,2007,126130
lby,2008,128023
lby,2009,129679
lby,2010,130895
lby,2011,131487
lby,2012,131407
lby,2013,130665
lby,2014,129303
lby,2015,127429
lby,2016,125211
lby,2017,122860
lca,2000,2910
lca,2001,2770
lca,2002,2643
lca,2003,2535
lca,2004,2448
lca,2005,2382
lca,2006,2337
lca,2007,2304
lca,2008,2279
lca,2009,2258
lca,2010,2239
lca,2011,2223
lca,2012,2208
lca,2013,2195
lca,2014,2183
lca,2015,2171
lca,2016,2158
lca,2017,2143
lka,2000,348015
lka,2001,351186
lka,2002,354801
lka,2003,358448
lka,2004,361735
lka,2005,364128
lka,2006,365112
lka,2007,364499
lka,2008,362254
lka,2009,358437
lka,2010,353292
lka,2011,347225
lka,2012,340784
lka,2013,334443
lka,2014,328464
lka,2015,322970
lka,2016,317918
lka,2017,313095
lso,2000,59161
lso,2001,58556
lso,2002,57915
lso,2003,57335
lso,2004,56878
lso,2005,56615
lso,2006,56595
lso,2007,56804
lso,2008,57206
lso,2009,57771
lso,2010,58447
lso,2011,59166
lso,2012,59858
lso,2013,60459
lso,2014,60933
lso,2015,61253
lso,2016,61421
lso,2017,61473
ltu,2000,33239
ltu,2001,32011
ltu,2002,31148
ltu,2003,30616
ltu,2004,30384
ltu,2005,30399
ltu,2006,30591
ltu,2007,30875
ltu,2008,31168
ltu,2009,31414
ltu,2010,31568
ltu,2011,31614
ltu,2012,31576
ltu,2013,31484
ltu,2014,31341
ltu,2015,31170
ltu,2016,30997
ltu,2017,30843
lux,2000,5405
lux,2001,5363
lux,2002,5328
lux,2003,5310
lux,2004,5313
lux,2005,5339
lux,2006,5388
lux,2007,5453
lux,2008,5530
lux,2009,5616
lux,2010,5713
lux,2011,5823
lux,2012,5945
lux,2013,6077
lux,2014,6217
lux,2015,6357
lux,2016,6493
lux,2017,6618
lva,2000,19312
lva,2001,19654
lva,2002,20209
lva,2003,20852
lva,2004,21489
lva,2005,22024
lva,2006,22390
lva,2007,22581
lva,2008,22603
lva,2009,22453
lva,2010,22154
lva,2011,21752
lva,2012,21311
lva,2013,20884
lva,2014,20495
lva,2015,20151
lva,2016,19844
lva,2017,19545
mar,2000,641514
mar,2001,641275
mar,2002,642446
mar,2003,644430
mar,2004,647067
mar,2005,650708
mar,2006,655983
mar,2007,663195
mar,2008,672193
mar,2009,682366
mar,2010,692601
mar,2011,701567
mar,2012,708180
mar,2013,711705
mar,2014,711871
mar,2015,708803
mar,2016,703071
mar,2017,695805
mco,2000,354
mco,2001,359
mco,2002,367
mco,2003,378
mco,2004,391
mco,2005,405
mco,2006,419
mco,2007,430
mco,2008,438
mco,2009,441
mco,2010,442
mco,2011,439
mco,2012,434
mco,2013,429
mco,2014,424
mco,2015,421
mco,2016,418
mco,2017,418
mda,2000,47746
mda,2001,45570
mda,2002,43957
mda,2003,42995
mda,2004,42666
mda,2005,42870
mda,2006,43441
mda,2007,44139
mda,2008,44754
mda,2009,45166
mda,2010,45295
mda,2011,45121
mda,2012,44728
mda,2013,44185
mda,2014,43512
mda,2015,42723
mda,2016,41836
mda,2017,40877
mdg,2000,651459
mdg,2001,660629
mdg,2002,669459
mdg,2003,678284
mdg,2004,687298
mdg,2005,696565
mdg,2006,706029
mdg,2007,715598
mdg,2008,725273
mdg,2009,735196
mdg,2010,745626
mdg,2011,756856
mdg,2012,769049
mdg,2013,782262
mdg,2014,796458
mdg,2015,811519
mdg,2016,827249
mdg,2017,843323
mdv,2000,6386
mdv,2001,6255
mdv,2002,6183
mdv,2003,6165
mdv,2004,6200
mdv,2005,6287
mdv,2006,6428
mdv,2007,6614
mdv,2008,6829
mdv,2009,7057
mdv,2010,7280
mdv,2011,7478
mdv,2012,7640
mdv,2013,7755
mdv,2014,7816
mdv,2015,7818
mdv,2016,7763
mdv,2017,7664
mex,2000,2451263
mex,2001,2438644
mex,2002,2423629
mex,2003,2407075
mex,2004,2389960
mex,2005,2373949
mex,2006,2360835
mex,2007,2351480
mex,2008,2346103
mex,2009,2344388
mex,2010,2345216
mex,2011,2346872
mex,2012,2347346
mex,2013,2345061
mex,2014,2339294
mex,2015,2329830
mex,2016,2317079
mex,2017,2302235
mhl,2000,2115
mhl,2001,2087
mhl,2002,2056
mhl,2003,2019
mhl,2004,1979
mhl,2005,1933
mhl,2006,1883
mhl,2007,1828
mhl,2008,1768
mhl,2009,1705
mhl,2010,1638
mhl,2011,1568
mhl,2012,1494
mhl,2013,1419
mhl,2014,1344
mhl,2015,1272
mhl,2016,1205
mhl,2017,1143
mkd,2000,26358
mkd,2001,25840
mkd,2002,25344
mkd,2003,24845
mkd,2004,24344
mkd,2005,23868
mkd,2006,23459
mkd,2007,23155
mkd,2008,22978
mkd,2009,22922
mkd,2010,22970
mkd,2011,23090
mkd,2012,23236
mkd,2013,23366
mkd,2014,23457
mkd,2015,23493
mkd,2016,23472
mkd,2017,23406
mli,2000,537661
mli,2001,553782
mli,2002,570587
mli,2003,587851
mli,2004,605313
mli,2005,622618
mli,2006,639404
mli,2007,655449
mli,2008,670612
mli,2009,684825
mli,2010,698085
mli,2011,710489
mli,2012,722349
mli,2013,733990
mli,2014,745637
mli,2015,757528
mli,2016,769847
mli,2017,782658
mlt,2000,4483
mlt,2001,4307
mlt,2002,4148
mlt,2003,4017
mlt,2004,3922
mlt,2005,3865
mlt,2006,3845
mlt,2007,3851
mlt,2008,3874
mlt,2009,3909
mlt,2010,3951
mlt,2011,3999
mlt,2012,4051
mlt,2013,4105
mlt,2014,4157
mlt,2015,4204
mlt,2016,4244
mlt,2017,4276
mmr,2000,1130825
mmr,2001,1138231
mmr,2002,1140296
mmr,2003,1136234
mmr,2004,1125881
mmr,2005,1109651
mmr,2006,1088669
mmr,2007,1065193
mmr,2008,1041400
mmr,2009,1018699
mmr,2010,998428
mmr,2011,981469
mmr,2012,967706
mmr,2013,956922
mmr,2014,949140
mmr,2015,944153
mmr,2016,941501
mmr,2017,940354
mne,2000,8425
mne,2001,8358
mne,2002,8313
mne,2003,8282
mne,2004,8257
mne,2005,8230
mne,2006,8189
mne,2007,8130
mne,2008,8051
mne,2009,7951
mne,2010,7833
mne,2011,7704
mne,2012,7573
mne,2013,7449
mne,2014,7334
mne,2015,7232
mne,2016,7141
mne,2017,7058
mng,2000,46379
mng,2001,46080
mng,2002,46408
mng,2003,47349
mng,2004,48874
mng,2005,50997
mng,2006,53728
mng,2007,56935
mng,2008,60421
mng,2009,63963
mng,2010,67260
mng,2011,70009
mng,2012,72039
mng,2013,73257
mng,2014,73628
mng,2015,73208
mng,2016,72149
mng,2017,70726
moz,2000,817622
moz,2001,837200
moz,2002,856464
moz,2003,875545
moz,2004,894476
moz,2005,913289
moz,2006,932017
moz,2007,950715
moz,2008,969446
moz,2009,988271
moz,2010,1007227
moz,2011,1026327
moz,2012,1045584
moz,2013,1065036
moz,2014,1084742
moz,2015,1104798
moz,2016,1125296
moz,2017,1146269
mrt,2000,104169
mrt,2001,106609
mrt,2002,109095
mrt,2003,111625
mrt,2004,114200
mrt,2005,116837
mrt,2006,119563
mrt,2007,122382
mrt,2008,125282
mrt,2009,128235
mrt,2010,131197
mrt,2011,134112
mrt,2012,136935
mrt,2013,139632
mrt,2014,142189
mrt,2015,144602
mrt,2016,146890
mrt,2017,149093
mus,2000,20094
mus,2001,19765
mus,2002,19389
mus,2003,18952
mus,2004,18455
mus,2005,17903
mus,2006,17310
mus,2007,16698
mus,2008,16096
mus,2009,15523
mus,2010,15003
mus,2011,14553
mus,2012,14177
mus,2013,13874
mus,2014,13647
mus,2015,13490
mus,2016,13396
mus,2017,13348
mwi,2000,503281
mwi,2001,513894
mwi,2002,525872
mwi,2003,538881
mwi,2004,552514
mwi,2005,565976
mwi,2006,578352
mwi,2007,589101
mwi,2008,598020
mwi,2009,605228
mwi,2010,611302
mwi,2011,617143
mwi,2012,623746
mwi,2013,631842
mwi,2014,641684
mwi,2015,653251
mwi,2016,666207
mwi,2017,679827
mys,2000,507324
mys,2001,495194
mys,2002,484113
mys,2003,475313
mys,2004,469483
mys,2005,466973
mys,2006,467641
mys,2007,470577
mys,2008,474945
mys,2009,480369
mys,2010,486595
mys,2011,493493
mys,2012,500951
mys,2013,508741
mys,2014,516513
mys,2015,523936
mys,2016,530754
mys,2017,536823
nam,2000,59582
nam,2001,59706
nam,2002,59824
nam,2003,59967
nam,2004,60180
nam,2005,60544
nam,2006,61144
nam,2007,62004
nam,2008,63112
nam,2009,64430
nam,2010,65879
nam,2011,67350
nam,2012,68732
nam,2013,69938
nam,2014,70926
nam,2015,71684
nam,2016,72240
nam,2017,72670
ner,2000,609066
ner,2001,628017
ner,2002,647386
ner,2003,667212
ner,2004,687559
ner,2005,708502
ner,2006,730128
ner,2007,752537
ner,2008,775828
ner,2009,800080
ner,2010,825355
ner,2011,851680
ner,2012,879029
ner,2013,907383
ner,2014,936753
ner,2015,967162
ner,2016,998631
ner,2017,1031144
nga,2000,5290362
nga,2001,5416464
nga,2002,5543376
nga,2003,5670483
nga,2004,5797331
nga,2005,5924268
nga,2006,6052134
nga,2007,6181426
nga,2008,6311953
nga,2009,6442784
nga,2010,6571976
nga,2011,6697207
nga,2012,6816952
nga,2013,6930515
nga,2014,7038074
nga,2015,7140583
nga,2016,7239712
nga,2017,7337928
nic,2000,134970
nic,2001,133687
nic,2002,132621
nic,2003,131776
nic,2004,131132
nic,2005,130624
nic,2006,130159
nic,2007,129635
nic,2008,128976
nic,2009,128148
nic,2010,127152
nic,2011,126022
nic,2012,124826
nic,2013,123620
nic,2014,122421
nic,2015,121230
nic,2016,120031
nic,2017,118801
niu,2000,34
niu,2001,33
niu,2002,32
niu,2003,32
niu,2004,31
niu,2005,31
niu,2006,30
niu,2007,30
niu,2008,30
niu,2009,29
niu,2010,29
niu,2011,29
niu,2012,29
niu,2013,29
niu,2014,28
niu,2015,28
niu,2016,28
niu,2017,27
nld,2000,197476
nld,2001,198094
nld,2002,198138
nld,2003,197428
nld,2004,195949
nld,2005,193776
nld,2006,191083
nld,2007,188189
nld,2008,185394
nld,2009,182888
nld,2010,180853
nld,2011,179405
nld,2012,178504
nld,2013,178089
nld,2014,178128
nld,2015,178563
nld,2016,179305
nld,2017,180217
nor,2000,57803
nor,2001,57397
nor,2002,57221
nor,2003,57301
nor,2004,57631
nor,2005,58135
nor,2006,58694
nor,2007,59186
nor,2008,59534
nor,2009,59726
nor,2010,59811
nor,2011,59883
nor,2012,60055
nor,2013,60401
nor,2014,60935
nor,2015,61635
nor,2016,62449
nor,2017,63291
npl,2000,760731
npl,2001,751608
npl,2002,740716
npl,2003,728601
npl,2004,715599
npl,2005,701671
npl,2006,686553
npl,2007,670199
npl,2008,652911
npl,2009,635329
npl,2010,618505
npl,2011,603601
npl,2012,591357
npl,2013,582171
npl,2014,576094
npl,2015,572824
npl,2016,571692
npl,2017,571576
nru,2000,184
nru,2001,183
nru,2002,180
nru,2003,178
nru,2004,176
nru,2005,173
nru,2006,171
nru,2007,169
nru,2008,167
nru,2009,165
nru,2010,163
nru,2011,161
nru,2012,160
nru,2013,159
nru,2014,158
nru,2015,157
nru,2016,157
nru,2017,156
nzl,2000,55799
nzl,2001,56127
nzl,2002,56809
nzl,2003,57788
nzl,2004,58992
nzl,2005,60273
nzl,2006,61449
nzl,2007,62370
nzl,2008,62942
nzl,2009,63140
nzl,2010,63006
nzl,2011,62646
nzl,2012,62225
nzl,2013,61875
nzl,2014,61652
nzl,2015,61584
nzl,2016,61658
nzl,2017,61807
omn,2000,55638
omn,2001,54540
omn,2002,53887
omn,2003,53760
omn,2004,54218
omn,2005,55359
omn,2006,57256
omn,2007,59813
omn,2008,62865
omn,2009,66235
omn,2010,69683
omn,2011,72957
omn,2012,75855
omn,2013,78211
omn,2014,79919
omn,2015,80928
omn,2016,81276
omn,2017,81133
pak,2000,4430148
pak,2001,4430867
pak,2002,4449647
pak,2003,4489892
pak,2004,4552222
pak,2005,4635473
pak,2006,4736023
pak,2007,4845832
pak,2008,4956857
pak,2009,5063579
pak,2010,5160659
pak,2011,5244328
pak,2012,5314225
pak,2013,5370317
pak,2014,5411818
pak,2015,5438658
pak,2016,5451869
pak,2017,5454516
pan,2000,71067
pan,2001,71489
pan,2002,71912
pan,2003,72373
pan,2004,72884
pan,2005,73462
pan,2006,74115
pan,2007,74822
pan,2008,75555
pan,2009,76286
pan,2010,76975
pan,2011,77575
pan,2012,78061
pan,2013,78417
pan,2014,78643
pan,2015,78752
pan,2016,78772
pan,2017,78745
per,2000,624433
per,2001,620521
per,2002,617060
per,2003,614044
per,2004,611569
per,2005,609857
per,2006,609150
per,2007,609455
per,2008,610632
per,2009,612450
per,2010,614515
per,2011,616360
per,2012,617574
per,2013,617854
per,2014,617048
per,2015,615134
per,2016,612252
per,2017,608756
phl,2000,2312210
phl,2001,2334121
phl,2002,2349349
phl,2003,2357383
phl,2004,2358619
phl,2005,2354446
phl,2006,2347062
phl,2007,2339325
phl,2008,2333646
phl,2009,2331335
phl,2010,2333278
phl,2011,2339582
phl,2012,2348983
phl,2013,2360237
phl,2014,2372753
phl,2015,2385833
phl,2016,2398807
phl,2017,2411184
plw,2000,339
plw,2001,335
plw,2002,330
plw,2003,325
plw,2004,319
plw,2005,313
plw,2006,307
plw,2007,301
plw,2008,296
plw,2009,293
plw,2010,291
plw,2011,290
plw,2012,291
plw,2013,292
plw,2014,295
plw,2015,298
plw,2016,302
plw,2017,307
png,2000,189434
png,2001,192460
png,2002,195284
png,2003,197985
png,2004,200580
png,2005,203054
png,2006,205369
png,2007,207495
png,2008,209431
png,2009,211205
png,2010,212867
png,2011,214477
png,2012,216095
png,2013,217773
png,2014,219539
png,2015,221413
png,2016,223391
png,2017,225434
pol,2000,378021
pol,2001,370082
pol,2002,366866
pol,2003,367904
pol,2004,372497
pol,2005,379379
pol,2006,386969
pol,2007,393683
pol,2008,398244
pol,2009,399943
pol,2010,398478
pol,2011,394109
pol,2012,387891
pol,2013,380764
pol,2014,373125
pol,2015,365279
pol,2016,357388
pol,2017,349458
prk,2000,411870
prk,2001,404886
prk,2002,397487
prk,2003,389866
prk,2004,382313
prk,2005,375151
prk,2006,368664
prk,2007,362996
prk,2008,358251
prk,2009,354524
prk,2010,351873
prk,2011,350278
prk,2012,349526
prk,2013,349380
prk,2014,349667
prk,2015,350227
prk,2016,350933
prk,2017,351680
prt,2000,113427
prt,2001,113311
prt,2002,112842
prt,2003,111999
prt,2004,110756
prt,2005,109099
prt,2006,107040
prt,2007,104664
prt,2008,102067
prt,2009,99323
prt,2010,96500
prt,2011,93647
prt,2012,90808
prt,2013,88036
prt,2014,85396
prt,2015,82937
prt,2016,80688
prt,2017,78648
pry,2000,143352
pry,2001,141896
pry,2002,140620
pry,2003,139683
pry,2004,139148
pry,2005,138989
pry,2006,139092
pry,2007,139275
pry,2008,139401
pry,2009,139437
pry,2010,139406
pry,2011,139382
pry,2012,139455
pry,2013,139674
pry,2014,140028
pry,2015,140475
pry,2016,140947
pry,2017,141360
qat,2000,11817
qat,2001,12259
qat,2002,12762
qat,2003,13326
qat,2004,13956
qat,2005,14681
qat,2006,15532
qat,2007,16518
qat,2008,17625
qat,2009,18821
qat,2010,20062
qat,2011,21292
qat,2012,22456
qat,2013,23504
qat,2014,24405
qat,2015,25135
qat,2016,25690
qat,2017,26101
rou,2000,222196
rou,2001,220287
rou,2002,219033
rou,2003,218460
rou,2004,218333
rou,2005,218264
rou,2006,217824
rou,2007,216733
rou,2008,214836
rou,2009,212105
rou,2010,208681
rou,2011,204856
rou,2012,201034
rou,2013,197536
rou,2014,194493
rou,2015,191948
rou,2016,189836
rou,2017,187958
rus,2000,1328601
rus,2001,1355239
rus,2002,1388905
rus,2003,1427023
rus,2004,1467388
rus,2005,1509725
rus,2006,1555210
rus,2007,1604749
rus,2008,1657648
rus,2009,1711328
rus,2010,1761723
rus,2011,1804365
rus,2012,1836100
rus,2013,1854915
rus,2014,1860061
rus,2015,1852091
rus,2016,1833021
rus,2017,1806754
rwa,2000,307555
rwa,2001,315107
rwa,2002,322859
rwa,2003,330353
rwa,2004,337248
rwa,2005,343290
rwa,2006,348390
rwa,2007,352728
rwa,2008,356463
rwa,2009,359622
rwa,2010,362247
rwa,2011,364396
rwa,2012,366165
rwa,2013,367656
rwa,2014,368948
rwa,2015,370081
rwa,2016,371060
rwa,2017,371887
sau,2000,553682
sau,2001,556493
sau,2002,561078
sau,2003,566840
sau,2004,573404
sau,2005,580261
sau,2006,586902
sau,2007,593001
sau,2008,598336
sau,2009,602782
sau,2010,606573
sau,2011,610174
sau,2012,613983
sau,2013,618124
sau,2014,622375
sau,2015,626201
sau,2016,628893
sau,2017,629816
sdn,2000,1082839
sdn,2001,1100800
sdn,2002,1117750
sdn,2003,1133704
sdn,2004,1148732
sdn,2005,1162859
sdn,2006,1176115
sdn,2007,1188658
sdn,2008,1200715
sdn,2009,1212532
sdn,2010,1224351
sdn,2011,1236376
sdn,2012,1248764
sdn,2013,1261687
sdn,2014,1275326
sdn,2015,1289851
sdn,2016,1305364
sdn,2017,1321798
sen,2000,389477
sen,2001,397183
sen,2002,405640
sen,2003,414879
sen,2004,424885
sen,2005,435681
sen,2006,447258
sen,2007,459413
sen,2008,471861
sen,2009,484313
sen,2010,496371
sen,2011,507639
sen,2012,517915
sen,2013,527102
sen,2014,535179
sen,2015,542241
sen,2016,548503
sen,2017,554342
sgp,2000,49719
sgp,2001,48726
sgp,2002,47982
sgp,2003,47496
sgp,2004,47276
sgp,2005,47301
sgp,2006,47518
sgp,2007,47839
sgp,2008,48183
sgp,2009,48508
sgp,2010,48783
sgp,2011,49001
sgp,2012,49181
sgp,2013,49342
sgp,2014,49481
sgp,2015,49599
sgp,2016,49701
sgp,2017,49793
slb,2000,14712
slb,2001,15020
slb,2002,15343
slb,2003,15669
slb,2004,15990
slb,2005,16289
slb,2006,16552
slb,2007,16772
slb,2008,16943
slb,2009,17066
slb,2010,17143
slb,2011,17180
slb,2012,17191
slb,2013,17192
slb,2014,17191
slb,2015,17197
slb,2016,17215
slb,2017,17246
sle,2000,214190
sle,2001,219446
sle,2002,225224
sle,2003,231166
sle,2004,236992
sle,2005,242338
sle,2006,246869
sle,2007,250466
sle,2008,253106
sle,2009,254811
sle,2010,255734
sle,2011,256136
sle,2012,256364
sle,2013,256704
sle,2014,257295
sle,2015,258201
sle,2016,259387
sle,2017,260691
slv,2000,145852
slv,2001,141605
slv,2002,137572
slv,2003,133956
slv,2004,130875
slv,2005,128371
slv,2006,126393
slv,2007,124770
slv,2008,123360
slv,2009,122114
slv,2010,121022
slv,2011,120105
slv,2012,119382
slv,2013,118840
slv,2014,118425
slv,2015,118068
slv,2016,117696
slv,2017,117245
smr,2000,265
smr,2001,268
smr,2002,273
smr,2003,278
smr,2004,282
smr,2005,286
smr,2006,288
smr,2007,289
smr,2008,288
smr,2009,287
smr,2010,285
smr,2011,283
smr,2012,283
smr,2013,283
smr,2014,285
smr,2015,288
smr,2016,292
smr,2017,296
som,2000,438952
som,2001,447759
som,2002,457063
som,2003,466975
som,2004,477512
som,2005,488583
som,2006,500013
som,2007,511594
som,2008,523185
som,2009,534758
som,2010,546373
som,2011,558165
som,2012,570289
som,2013,582841
som,2014,595827
som,2015,609208
som,2016,622902
som,2017,636777
srb,2000,117641
srb,2001,114930
srb,2002,112166
srb,2003,109437
srb,2004,106811
srb,2005,104373
srb,2006,102204
srb,2007,100335
srb,2008,98775
srb,2009,97521
srb,2010,96549
srb,2011,95814
srb,2012,95233
srb,2013,94730
srb,2014,94254
srb,2015,93767
srb,2016,93252
srb,2017,92719
ssd,2000,286189
ssd,2001,293950
ssd,2002,302562
ssd,2003,311839
ssd,2004,321616
ssd,2005,331757
ssd,2006,342167
ssd,2007,352762
ssd,2008,363428
ssd,2009,374017
ssd,2010,384400
ssd,2011,394486
ssd,2012,404259
ssd,2013,413694
ssd,2014,422740
ssd,2015,431369
ssd,2016,439584
ssd,2017,447431
stp,2000,5569
stp,2001,5664
stp,2002,5757
stp,2003,5847
stp,2004,5934
stp,2005,6019
stp,2006,6102
stp,2007,6183
stp,2008,6263
stp,2009,6342
stp,2010,6417
stp,2011,6487
stp,2012,6552
stp,2013,6611
stp,2014,6666
stp,2015,6718
stp,2016,6770
stp,2017,6823
sur,2000,10967
sur,2001,10891
sur,2002,10813
sur,2003,10732
sur,2004,10652
sur,2005,10574
sur,2006,10505
sur,2007,10444
sur,2008,10394
sur,2009,10355
sur,2010,10324
sur,2011,10300
sur,2012,10279
sur,2013,10257
sur,2014,10232
sur,2015,10203
sur,2016,10167
sur,2017,10128
svk,2000,53666
svk,2001,52779
svk,2002,52434
svk,2003,52531
svk,2004,52988
svk,2005,53690
svk,2006,54513
svk,2007,55340
svk,2008,56069
svk,2009,56630
svk,2010,56987
svk,2011,57153
svk,2012,57199
svk,2013,57180
svk,2014,57103
svk,2015,56970
svk,2016,56776
svk,2017,56510
svn,2000,17489
svn,2001,17472
svn,2002,17610
svn,2003,17909
svn,2004,18350
svn,2005,18897
svn,2006,19498
svn,2007,20091
svn,2008,20620
svn,2009,21052
svn,2010,21360
svn,2011,21540
svn,2012,21616
svn,2013,21612
svn,2014,21535
svn,2015,21392
svn,2016,21187
svn,2017,20932
swe,2000,91472
swe,2001,92749
swe,2002,94912
swe,2003,97501
swe,2004,100277
swe,2005,102996
swe,2006,105475
swe,2007,107680
swe,2008,109595
swe,2009,111185
swe,2010,112491
swe,2011,113620
swe,2012,114720
swe,2013,115894
swe,2014,117163
swe,2015,118513
swe,2016,119898
swe,2017,121221
swz,2000,34601
swz,2001,34732
swz,2002,34960
swz,2003,35262
swz,2004,35622
swz,2005,36015
swz,2006,36413
swz,2007,36793
swz,2008,37138
swz,2009,37436
swz,2010,37687
swz,2011,37901
swz,2012,38096
swz,2013,38283
swz,2014,38463
swz,2015,38625
swz,2016,38759
swz,2017,38853
syc,2000,1550
syc,2001,1578
syc,2002,1608
syc,2003,1637
syc,2004,1663
syc,2005,1683
syc,2006,1697
syc,2007,1704
syc,2008,1706
syc,2009,1703
syc,2010,1693
syc,2011,1677
syc,2012,1655
syc,2013,1627
syc,2014,1596
syc,2015,1561
syc,2016,1524
syc,2017,1485
syr,2000,508990
syr,2001,513470
syr,2002,518183
syr,2003,523353
syr,2004,528668
syr,2005,533421
syr,2006,536670
syr,2007,537486
syr,2008,535183
syr,2009,529467
syr,2010,519764
syr,2011,505655
syr,2012,487912
syr,2013,467818
syr,2014,446741
syr,2015,426666
syr,2016,409687
syr,2017,397213
tcd,2000,427246
tcd,2001,441231
tcd,2002,455218
tcd,2003,469075
tcd,2004,482697
tcd,2005,495976
tcd,2006,508841
tcd,2007,521325
tcd,2008,533481
tcd,2009,545347
tcd,2010,557006
tcd,2011,568564
tcd,2012,580118
tcd,2013,591729
tcd,2014,603419
tcd,2015,615173
tcd,2016,626938
tcd,2017,638623
tgo,2000,195847
tgo,2001,201670
tgo,2002,207460
tgo,2003,213055
tgo,2004,218338
tgo,2005,223219
tgo,2006,227664
tgo,2007,231743
tgo,2008,235524
tgo,2009,239033
tgo,2010,242292
tgo,2011,245325
tgo,2012,248182
tgo,2013,250923
tgo,2014,253606
tgo,2015,256286
tgo,2016,259001
tgo,2017,261770
tha,2000,912616
tha,2001,895509
tha,2002,880001
tha,2003,866074
tha,2004,853680
tha,2005,842655
tha,2006,832703
tha,2007,823302
tha,2008,813931
tha,2009,804222
tha,2010,793703
tha,2011,781986
tha,2012,769107
tha,2013,755256
tha,2014,740654
tha,2015,725666
tha,2016,710757
tha,2017,696472
tjk,2000,188072
tjk,2001,186877
tjk,2002,187063
tjk,2003,188780
tjk,2004,192043
tjk,2005,196790
tjk,2006,202830
tjk,2007,209685
tjk,2008,216850
tjk,2009,223938
tjk,2010,230563
tjk,2011,236425
tjk,2012,241436
tjk,2013,245534
tjk,2014,248625
tjk,2015,250673
tjk,2016,251729
tjk,2017,252017
tkm,2000,106686
tkm,2001,106478
tkm,2002,106736
tkm,2003,107267
tkm,2004,108084
tkm,2005,109446
tkm,2006,111724
tkm,2007,115096
tkm,2008,119517
tkm,2009,124732
tkm,2010,130243
tkm,2011,135428
tkm,2012,139726
tkm,2013,142731
tkm,2014,144271
tkm,2015,144350
tkm,2016,143179
tkm,2017,141256
tls,2000,39359
tls,2001,38934
tls,2002,38694
tls,2003,38733
tls,2004,39077
tls,2005,39684
tls,2006,40451
tls,2007,41228
tls,2008,41899
tls,2009,42426
tls,2010,42798
tls,2011,43044
tls,2012,43241
tls,2013,43453
tls,2014,43709
tls,2015,44030
tls,2016,44431
tls,2017,44899
ton,2000,2772
ton,2001,2793
ton,2002,2820
ton,2003,2847
ton,2004,2870
ton,2005,2887
ton,2006,2892
ton,2007,2887
ton,2008,2872
ton,2009,2847
ton,2010,2813
ton,2011,2773
ton,2012,2728
ton,2013,2684
ton,2014,2643
ton,2015,2607
ton,2016,2579
ton,2017,2559
tto,2000,18718
tto,2001,18801
tto,2002,18969
tto,2003,19188
tto,2004,19428
tto,2005,19660
tto,2006,19866
tto,2007,20036
tto,2008,20159
tto,2009,20218
tto,2010,20199
tto,2011,20090
tto,2012,19900
tto,2013,19640
tto,2014,19320
tto,2015,18951
tto,2016,18544
tto,2017,18116
tun,2000,167714
tun,2001,165833
tun,2002,164781
tun,2003,164630
tun,2004,165445
tun,2005,167452
tun,2006,170894
tun,2007,175686
tun,2008,181541
tun,2009,188066
tun,2010,194648
tun,2011,200606
tun,2012,205406
tun,2013,208668
tun,2014,210205
tun,2015,210021
tun,2016,208349
tun,2017,205729
tur,2000,1370334
tur,2001,1361362
tur,2002,1351433
tur,2003,1341598
tur,2004,1332402
tur,2005,1324399
tur,2006,1317969
tur,2007,1312993
tur,2008,1309256
tur,2009,1306611
tur,2010,1304789
tur,2011,1303420
tur,2012,1302032
tur,2013,1300192
tur,2014,1297613
tur,2015,1294085
tur,2016,1289543
tur,2017,1284142
tuv,2000,263
tuv,2001,261
tuv,2002,258
tuv,2003,254
tuv,2004,249
tuv,2005,245
tuv,2006,240
tuv,2007,237
tuv,2008,234
tuv,2009,232
tuv,2010,231
tuv,2011,231
tuv,2012,233
tuv,2013,235
tuv,2014,237
tuv,2015,240
tuv,2016,244
tuv,2017,248
tza,2000,1443168
tza,2001,1485377
tza,2002,1530430
tza,2003,1577760
tza,2004,1626677
tza,2005,1676067
tza,2006,1724679
tza,2007,1771595
tza,2008,1816213
tza,2009,1858301
tza,2010,1897979
tza,2011,1935778
tza,2012,1972774
tza,2013,2009936
tza,2014,2047794
tza,2015,2086732
tza,2016,2126903
tza,2017,2168155
uga,2000,1183073
uga,2001,1217566
uga,2002,1252708
uga,2003,1288230
uga,2004,1323963
uga,2005,1359717
uga,2006,1395334
uga,2007,1430784
uga,2008,1466080
uga,2009,1501235
uga,2010,1536329
uga,2011,1571495
uga,2012,1606898
uga,2013,1642664
uga,2014,1678847
uga,2015,1715486
uga,2016,1752577
uga,2017,1790024
ukr,2000,403592
ukr,2001,400489
ukr,2002,403389
ukr,2003,411381
ukr,2004,423406
ukr,2005,437899
ukr,2006,453087
ukr,2007,467293
ukr,2008,479106
ukr,2009,487601
ukr,2010,492302
ukr,2011,493370
ukr,2012,491885
ukr,2013,488801
ukr,2014,484471
ukr,2015,479168
ukr,2016,473050
ukr,2017,466183
ury,2000,54192
ury,2001,53684
ury,2002,53185
ury,2003,52689
ury,2004,52202
ury,2005,51731
ury,2006,51283
ury,2007,50863
ury,2008,50472
ury,2009,50114
ury,2010,49789
ury,2011,49497
ury,2012,49231
ury,2013,48987
ury,2014,48760
ury,2015,48546
ury,2016,48344
ury,2017,48152
usa,2000,3966221
usa,2001,3996720
usa,2002,4032585
usa,2003,4069052
usa,2004,4102649
usa,2005,4127608
usa,2006,4138128
usa,2007,4132822
usa,2008,4112798
usa,2009,4080723
usa,2010,4042799
usa,2011,4007226
usa,2012,3981665
usa,2013,3971480
usa,2014,3978588
usa,2015,4002519
usa,2016,4040040
usa,2017,4084313
uzb,2000,564965
uzb,2001,555434
uzb,2002,551915
uzb,2003,554148
uzb,2004,561736
uzb,2005,573782
uzb,2006,588936
uzb,2007,605270
uzb,2008,620992
uzb,2009,634901
uzb,2010,646109
uzb,2011,654266
uzb,2012,659843
uzb,2013,663220
uzb,2014,664335
uzb,2015,663073
uzb,2016,659381
uzb,2017,653528
vct,2000,2152
vct,2001,2098
vct,2002,2052
vct,2003,2014
vct,2004,1985
vct,2005,1963
vct,2006,1945
vct,2007,1929
vct,2008,1911
vct,2009,1891
vct,2010,1867
vct,2011,1840
vct,2012,1813
vct,2013,1785
vct,2014,1757
vct,2015,1730
vct,2016,1703
vct,2017,1677
ven,2000,582659
ven,2001,584945
ven,2002,587429
ven,2003,589979
ven,2004,592498
ven,2005,594898
ven,2006,597115
ven,2007,599113
ven,2008,600842
ven,2009,602240
ven,2010,603245
ven,2011,603818
ven,2012,603973
ven,2013,603732
ven,2014,603106
ven,2015,602103
ven,2016,600736
ven,2017,599053
vnm,2000,1408221
vnm,2001,1392179
vnm,2002,1389476
vnm,2003,1396082
vnm,2004,1409970
vnm,2005,1429285
vnm,2006,1452484
vnm,2007,1478029
vnm,2008,1504074
vnm,2009,1528602
vnm,2010,1549577
vnm,2011,1565541
vnm,2012,1576505
vnm,2013,1582721
vnm,2014,1584214
vnm,2015,1581762
vnm,2016,1576674
vnm,2017,1570352
vut,2000,6050
vut,2001,6071
vut,2002,6089
vut,2003,6108
vut,2004,6131
vut,2005,6164
vut,2006,6209
vut,2007,6267
vut,2008,6336
vut,2009,6417
vut,2010,6505
vut,2011,6598
vut,2012,6690
vut,2013,6777
vut,2014,6858
vut,2015,6930
vut,2016,6995
vut,2017,7054
wsm,2000,5348
wsm,2001,5322
wsm,2002,5303
wsm,2003,5297
wsm,2004,5302
wsm,2005,5312
wsm,2006,5320
wsm,2007,5317
wsm,2008,5296
wsm,2009,5258
wsm,2010,5202
wsm,2011,5133
wsm,2012,5059
wsm,2013,4987
wsm,2014,4919
wsm,2015,4861
wsm,2016,4812
wsm,2017,4772
yem,2000,706825
yem,2001,714600
yem,2002,723509
yem,2003,733085
yem,2004,743228
yem,2005,754023
yem,2006,765641
yem,2007,778085
yem,2008,791178
yem,2009,804592
yem,2010,817852
yem,2011,830444
yem,2012,841949
yem,2013,852038
yem,2014,860515
yem,2015,867303
yem,2016,872499
yem,2017,876470
zaf,2000,1112093
zaf,2001,1117480
zaf,2002,1122769
zaf,2003,1127922
zaf,2004,1132891
zaf,2005,1137825
zaf,2006,1142984
zaf,2007,1148505
zaf,2008,1154353
zaf,2009,1160308
zaf,2010,1165963
zaf,2011,1170820
zaf,2012,1174457
zaf,2013,1176583
zaf,2014,1177085
zaf,2015,1175983
zaf,2016,1173458
zaf,2017,1169926
zmb,2000,472404
zmb,2001,482968
zmb,2002,492830
zmb,2003,502032
zmb,2004,510652
zmb,2005,518830
zmb,2006,526762
zmb,2007,534732
zmb,2008,543018
zmb,2009,551822
zmb,2010,561334
zmb,2011,571671
zmb,2012,582786
zmb,2013,594611
zmb,2014,607120
zmb,2015,620261
zmb,2016,633958
zmb,2017,648077
zwe,2000,408063
zwe,2001,414629
zwe,2002,422377
zwe,2003,431216
zwe,2004,441016
zwe,2005,451733
zwe,2006,463320
zwe,2007,475471
zwe,2008,487740
zwe,2009,499644
zwe,2010,510492
zwe,2011,519607
zwe,2012,526681
zwe,2013,531609
zwe,2014,534424
zwe,2015,535370
zwe,2016,534895
zwe,2017,533700
