country,year,ufive6
afg,2000,10571.23046875
afg,2001,14112.3330078125
afg,2002,6868.18115234375
afg,2003,229.10060119628906
afg,2004,371.51251220703125
afg,2005,2043.8367919921875
afg,2006,6925.591796875
afg,2007,1897.49951171875
afg,2008,2047.5018310546875
afg,2009,4429.130859375
afg,2010,3243.69775390625
afg,2011,3699.84326171875
afg,2012,3497.289794921875
afg,2013,266.437255859375
afg,2014,619.2647705078125
afg,2015,1260.2374267578125
afg,2016,631.0187377929688
afg,2017,1414.2620849609375
ago,2000,1805.6739501953125
ago,2001,6118.37890625
ago,2002,7761.7822265625
ago,2003,2641.638427734375
ago,2004,41.1632194519043
ago,2005,480.299560546875
ago,2006,1011.438232421875
ago,2007,341.53070068359375
ago,2008,566.4102172851562
ago,2009,1844.154052734375
ago,2010,479.9151916503906
ago,2011,918.3284301757812
ago,2012,2020.7213134765625
ago,2013,4527.13525390625
ago,2014,6253.58740234375
ago,2015,363.1826171875
ago,2016,557.52099609375
ago,2017,662.9745483398438
alb,2000,1.5377262830734253
alb,2001,0.0
alb,2002,0.0
alb,2003,0.0
alb,2004,0.0
alb,2005,0.0
alb,2006,0.0
alb,2007,0.0
alb,2008,0.0
alb,2009,0.0
alb,2010,0.0
alb,2011,0.0
alb,2012,0.0
alb,2013,0.0
alb,2014,0.0
alb,2015,0.0
alb,2016,0.0
alb,2017,0.0
and,2000,0.0
and,2001,0.0
and,2002,0.0
and,2003,0.0
and,2004,0.0
and,2005,0.0
and,2006,0.0
and,2007,0.0
and,2008,0.0
and,2009,0.0
and,2010,0.0
and,2011,0.0
and,2012,0.0
and,2013,0.0
and,2014,0.0
and,2015,0.0
and,2016,0.0
and,2017,0.0
are,2000,0.0
are,2001,0.0
are,2002,0.0
are,2003,0.0
are,2004,0.0
are,2005,0.0
are,2006,0.0
are,2007,0.0
are,2008,0.0
are,2009,0.0
are,2010,0.0
are,2011,0.0
are,2012,0.0
are,2013,0.0
are,2014,0.0
are,2015,0.0
are,2016,0.0
are,2017,0.0
arg,2000,0.0
arg,2001,0.0
arg,2002,0.0
arg,2003,0.0
arg,2004,0.0
arg,2005,0.0
arg,2006,0.0
arg,2007,0.0
arg,2008,0.0
arg,2009,0.0
arg,2010,0.0
arg,2011,0.0
arg,2012,0.0
arg,2013,0.0
arg,2014,0.0
arg,2015,0.0
arg,2016,0.0
arg,2017,0.0
arm,2000,0.7875370383262634
arm,2001,0.7590746283531189
arm,2002,0.7329501509666443
arm,2003,0.7080792784690857
arm,2004,0.6919013261795044
arm,2005,0.735328733921051
arm,2006,0.7167316675186157
arm,2007,0.6959506869316101
arm,2008,0.0
arm,2009,0.0
arm,2010,0.0
arm,2011,0.0
arm,2012,0.0
arm,2013,0.0
arm,2014,0.0
arm,2015,0.0
arm,2016,0.0
arm,2017,0.0
atg,2000,0.0
atg,2001,0.0
atg,2002,0.0
atg,2003,0.0
atg,2004,0.0
atg,2005,0.0
atg,2006,0.0
atg,2007,0.0
atg,2008,0.0
atg,2009,0.0
atg,2010,0.0
atg,2011,0.0
atg,2012,0.0
atg,2013,0.0
atg,2014,0.0
atg,2015,0.0
atg,2016,0.0
atg,2017,0.0
aus,2000,0.0
aus,2001,0.0
aus,2002,0.0
aus,2003,0.0
aus,2004,0.0
aus,2005,0.0
aus,2006,0.0
aus,2007,0.0
aus,2008,0.0
aus,2009,0.0
aus,2010,0.0
aus,2011,0.0
aus,2012,0.0
aus,2013,0.0
aus,2014,0.0
aus,2015,0.0
aus,2016,0.0
aus,2017,0.0
aut,2000,0.0
aut,2001,0.0
aut,2002,0.0
aut,2003,0.0
aut,2004,0.0
aut,2005,0.0
aut,2006,0.0
aut,2007,0.0
aut,2008,0.0
aut,2009,0.0
aut,2010,0.0
aut,2011,0.0
aut,2012,0.0
aut,2013,0.0
aut,2014,0.0
aut,2015,0.0
aut,2016,0.0
aut,2017,0.0
aze,2000,22.74476432800293
aze,2001,18.870820999145508
aze,2002,33.877647399902344
aze,2003,29.454729080200195
aze,2004,23.592958450317383
aze,2005,21.737159729003906
aze,2006,17.07571029663086
aze,2007,0.0
aze,2008,0.0
aze,2009,0.0
aze,2010,0.0
aze,2011,0.0
aze,2012,0.0
aze,2013,0.0
aze,2014,0.0
aze,2015,0.0
aze,2016,0.0
aze,2017,0.0
bdi,2000,2043.020751953125
bdi,2001,2326.560302734375
bdi,2002,188.30892944335938
bdi,2003,17.048702239990234
bdi,2004,87.74498748779297
bdi,2005,119.59786987304688
bdi,2006,166.9419708251953
bdi,2007,48.16706085205078
bdi,2008,108.781982421875
bdi,2009,134.6068115234375
bdi,2010,72.98565673828125
bdi,2011,70.93923950195312
bdi,2012,93.63014221191406
bdi,2013,27.867216110229492
bdi,2014,27.683095932006836
bdi,2015,34.47400665283203
bdi,2016,37.77899169921875
bdi,2017,39.63710403442383
bel,2000,0.0
bel,2001,0.0
bel,2002,0.0
bel,2003,0.0
bel,2004,0.0
bel,2005,0.0
bel,2006,0.0
bel,2007,0.0
bel,2008,0.0
bel,2009,0.0
bel,2010,0.0
bel,2011,0.0
bel,2012,0.0
bel,2013,0.0
bel,2014,0.0
bel,2015,0.0
bel,2016,0.0
bel,2017,0.0
ben,2000,2757.707763671875
ben,2001,3808.189453125
ben,2002,1160.6002197265625
ben,2003,586.9774169921875
ben,2004,116.9656753540039
ben,2005,258.0995178222656
ben,2006,125.40118408203125
ben,2007,296.749267578125
ben,2008,648.9961547851562
ben,2009,892.7079467773438
ben,2010,592.8690795898438
ben,2011,523.3729858398438
ben,2012,188.301025390625
ben,2013,472.934814453125
ben,2014,645.6522827148438
ben,2015,69.11389923095703
ben,2016,154.92510986328125
ben,2017,230.8046875
bfa,2000,13463.509765625
bfa,2001,6763.91650390625
bfa,2002,7926.1201171875
bfa,2003,4954.43017578125
bfa,2004,1262.7501220703125
bfa,2005,473.53497314453125
bfa,2006,857.0453491210938
bfa,2007,766.2135009765625
bfa,2008,478.9243469238281
bfa,2009,18523.400390625
bfa,2010,2978.1416015625
bfa,2011,1702.1202392578125
bfa,2012,11844.4912109375
bfa,2013,1498.689697265625
bfa,2014,1154.1793212890625
bfa,2015,89.5306167602539
bfa,2016,440.3586730957031
bfa,2017,523.129638671875
bgd,2000,12951.869140625
bgd,2001,11500.84765625
bgd,2002,9870.83984375
bgd,2003,10256.15625
bgd,2004,19907.783203125
bgd,2005,19117.0703125
bgd,2006,14954.80859375
bgd,2007,1270.8760986328125
bgd,2008,3320.47021484375
bgd,2009,2892.0703125
bgd,2010,2938.96142578125
bgd,2011,3845.840576171875
bgd,2012,1953.1025390625
bgd,2013,1728.10986328125
bgd,2014,1456.3040771484375
bgd,2015,6.0241379737854
bgd,2016,55.0118408203125
bgd,2017,1949.2890625
bgr,2000,0.0
bgr,2001,0.0
bgr,2002,0.0
bgr,2003,0.0
bgr,2004,0.0
bgr,2005,0.0
bgr,2006,0.0
bgr,2007,0.0
bgr,2008,0.0
bgr,2009,0.0
bgr,2010,9.989886283874512
bgr,2011,0.0
bgr,2012,0.0
bgr,2013,0.0
bgr,2014,0.0
bgr,2015,0.0
bgr,2016,0.0
bgr,2017,0.0
bhr,2000,0.0
bhr,2001,0.0
bhr,2002,0.0
bhr,2003,0.0
bhr,2004,0.0
bhr,2005,0.0
bhr,2006,0.0
bhr,2007,0.0
bhr,2008,0.0
bhr,2009,0.0
bhr,2010,0.0
bhr,2011,0.0
bhr,2012,0.0
bhr,2013,0.0
bhr,2014,0.0
bhr,2015,0.0
bhr,2016,0.0
bhr,2017,0.0
bhs,2000,0.0
bhs,2001,0.0
bhs,2002,0.0
bhs,2003,0.0
bhs,2004,0.0
bhs,2005,0.0
bhs,2006,0.0
bhs,2007,0.0
bhs,2008,0.0
bhs,2009,0.0
bhs,2010,0.0
bhs,2011,0.0
bhs,2012,0.0
bhs,2013,0.0
bhs,2014,0.0
bhs,2015,0.0
bhs,2016,0.0
bhs,2017,0.0
bih,2000,4.203651428222656
bih,2001,3.117743492126465
bih,2002,2.9647116661071777
bih,2003,2.833134651184082
bih,2004,2.7044191360473633
bih,2005,2.579759120941162
bih,2006,2.4646735191345215
bih,2007,2.4022412300109863
bih,2008,2.3028316497802734
bih,2009,2.214381694793701
bih,2010,2.1437299251556396
bih,2011,2.07315731048584
bih,2012,2.0055744647979736
bih,2013,1.9385621547698975
bih,2014,3.545671224594116
bih,2015,2.3410511016845703
bih,2016,2.321089267730713
bih,2017,2.9353315830230713
blr,2000,0.0
blr,2001,0.0
blr,2002,0.0
blr,2003,0.0
blr,2004,0.0
blr,2005,0.0
blr,2006,0.0
blr,2007,0.0
blr,2008,0.0
blr,2009,0.0
blr,2010,0.0
blr,2011,0.0
blr,2012,0.0
blr,2013,0.0
blr,2014,0.0
blr,2015,0.0
blr,2016,0.0
blr,2017,0.0
blz,2000,0.0
blz,2001,0.0
blz,2002,0.0
blz,2003,0.0
blz,2004,0.0
blz,2005,0.0
blz,2006,0.0
blz,2007,0.0
blz,2008,0.0
blz,2009,0.0
blz,2010,0.0
blz,2011,0.0
blz,2012,0.0
blz,2013,0.0
blz,2014,0.0
blz,2015,0.0
blz,2016,0.0
blz,2017,0.0
bol,2000,0.0
bol,2001,0.0
bol,2002,0.0
bol,2003,0.0
bol,2004,0.0
bol,2005,0.0
bol,2006,0.0
bol,2007,0.0
bol,2008,0.0
bol,2009,0.0
bol,2010,0.0
bol,2011,0.0
bol,2012,0.0
bol,2013,0.0
bol,2014,0.0
bol,2015,0.0
bol,2016,0.0
bol,2017,0.0
bra,2000,0.0
bra,2001,0.0
bra,2002,0.0
bra,2003,0.0
bra,2004,0.0
bra,2005,0.0
bra,2006,0.0
bra,2007,0.0
bra,2008,0.0
bra,2009,0.0
bra,2010,0.0
bra,2011,0.0
bra,2012,0.0
bra,2013,1.4487571716308594
bra,2014,0.0
bra,2015,0.0
bra,2016,0.0
bra,2017,0.0
brb,2000,0.0
brb,2001,0.0
brb,2002,0.0
brb,2003,0.0
brb,2004,0.0
brb,2005,0.0
brb,2006,0.0
brb,2007,0.0
brb,2008,0.0
brb,2009,0.0
brb,2010,0.0
brb,2011,0.0
brb,2012,0.0
brb,2013,0.0
brb,2014,0.0
brb,2015,0.0
brb,2016,0.0
brb,2017,0.0
brn,2000,0.0
brn,2001,0.0
brn,2002,0.0
brn,2003,0.0
brn,2004,0.0
brn,2005,0.0
brn,2006,0.0
brn,2007,0.0
brn,2008,0.0
brn,2009,0.0
brn,2010,0.0
brn,2011,0.0
brn,2012,0.0
brn,2013,0.0
brn,2014,0.0
brn,2015,0.0
brn,2016,0.0
brn,2017,0.0
btn,2000,33.897972106933594
btn,2001,49.05302047729492
btn,2002,18.826045989990234
btn,2003,13.233856201171875
btn,2004,12.139894485473633
btn,2005,11.213214874267578
btn,2006,9.799104690551758
btn,2007,0.0
btn,2008,0.5282822847366333
btn,2009,1.2591053247451782
btn,2010,2.1477813720703125
btn,2011,2.530327558517456
btn,2012,2.8240585327148438
btn,2013,3.094982624053955
btn,2014,3.188563823699951
btn,2015,3.407365083694458
btn,2016,1.4182674884796143
btn,2017,2.4354190826416016
bwa,2000,673.7022094726562
bwa,2001,101.52728271484375
bwa,2002,47.8558235168457
bwa,2003,38.82196044921875
bwa,2004,29.147884368896484
bwa,2005,26.1395206451416
bwa,2006,9.214437484741211
bwa,2007,14.494452476501465
bwa,2008,17.46475601196289
bwa,2009,38.018978118896484
bwa,2010,84.50994873046875
bwa,2011,41.403411865234375
bwa,2012,31.413280487060547
bwa,2013,20.09100341796875
bwa,2014,5.32126522064209
bwa,2015,6.325544357299805
bwa,2016,7.242617607116699
bwa,2017,0.0
caf,2000,1672.0379638671875
caf,2001,1530.429931640625
caf,2002,1519.9267578125
caf,2003,1179.86376953125
caf,2004,1830.4844970703125
caf,2005,1016.5953369140625
caf,2006,96.24229431152344
caf,2007,137.376953125
caf,2008,194.0011749267578
caf,2009,41.21051025390625
caf,2010,137.7703399658203
caf,2011,941.8281860351562
caf,2012,226.81871032714844
caf,2013,894.2875366210938
caf,2014,257.82659912109375
caf,2015,383.60821533203125
caf,2016,645.271484375
caf,2017,553.0682983398438
can,2000,0.0
can,2001,0.0
can,2002,0.0
can,2003,0.0
can,2004,0.0
can,2005,0.0
can,2006,0.0
can,2007,0.0
can,2008,0.0
can,2009,0.0
can,2010,0.0
can,2011,0.0
can,2012,0.0
can,2013,0.0
can,2014,0.0
can,2015,0.0
can,2016,0.0
can,2017,0.0
che,2000,0.0
che,2001,0.0
che,2002,0.0
che,2003,0.0
che,2004,0.0
che,2005,0.0
che,2006,0.0
che,2007,0.0
che,2008,0.0
che,2009,0.0
che,2010,0.0
che,2011,0.0
che,2012,0.0
che,2013,0.0
che,2014,0.0
che,2015,0.0
che,2016,0.0
che,2017,0.0
chl,2000,0.0
chl,2001,0.0
chl,2002,0.0
chl,2003,0.0
chl,2004,0.0
chl,2005,0.0
chl,2006,0.0
chl,2007,0.0
chl,2008,0.0
chl,2009,0.0
chl,2010,0.0
chl,2011,0.0
chl,2012,0.0
chl,2013,0.0
chl,2014,0.0
chl,2015,0.0
chl,2016,0.0
chl,2017,0.0
chn,2000,1955.9290771484375
chn,2001,2334.957763671875
chn,2002,1831.808837890625
chn,2003,1976.6968994140625
chn,2004,1974.2530517578125
chn,2005,3070.369384765625
chn,2006,2508.6142578125
chn,2007,2704.795166015625
chn,2008,3252.761962890625
chn,2009,1453.1588134765625
chn,2010,843.2702026367188
chn,2011,462.8508605957031
chn,2012,305.1934814453125
chn,2013,570.4189453125
chn,2014,1232.52978515625
chn,2015,1104.235107421875
chn,2016,766.5908813476562
chn,2017,397.30194091796875
civ,2000,4471.259765625
civ,2001,4492.9951171875
civ,2002,4560.04833984375
civ,2003,3871.391845703125
civ,2004,2785.71484375
civ,2005,1070.0205078125
civ,2006,68.25967407226562
civ,2007,260.2163391113281
civ,2008,426.0815124511719
civ,2009,217.96249389648438
civ,2010,541.7999267578125
civ,2011,941.60107421875
civ,2012,268.69671630859375
civ,2013,435.5581359863281
civ,2014,607.2708740234375
civ,2015,137.0736083984375
civ,2016,336.2876892089844
civ,2017,485.7180480957031
cmr,2000,4412.20849609375
cmr,2001,6576.07421875
cmr,2002,217.6444854736328
cmr,2003,139.0199432373047
cmr,2004,329.0500793457031
cmr,2005,477.9246520996094
cmr,2006,377.170166015625
cmr,2007,209.8245391845703
cmr,2008,151.4969482421875
cmr,2009,264.7452392578125
cmr,2010,115.69517517089844
cmr,2011,275.4994812011719
cmr,2012,353.2547302246094
cmr,2013,157.8133087158203
cmr,2014,331.3642272949219
cmr,2015,568.8699340820312
cmr,2016,15.576372146606445
cmr,2017,203.78292846679688
cod,2000,26521.224609375
cod,2001,25675.42578125
cod,2002,94452.5625
cod,2003,66452.7734375
cod,2004,20682.435546875
cod,2005,81519.296875
cod,2006,37051.91796875
cod,2007,25874.294921875
cod,2008,32387.8046875
cod,2009,2397.700439453125
cod,2010,14295.296875
cod,2011,50945.515625
cod,2012,27558.826171875
cod,2013,33796.12109375
cod,2014,13007.373046875
cod,2015,21074.52734375
cod,2016,57460.30078125
cod,2017,17897.279296875
cog,2000,1129.5450439453125
cog,2001,1450.9217529296875
cog,2002,1869.267578125
cog,2003,1021.237548828125
cog,2004,862.2918090820312
cog,2005,97.44613647460938
cog,2006,149.19131469726562
cog,2007,158.57298278808594
cog,2008,15.83818244934082
cog,2009,48.91432189941406
cog,2010,58.70125961303711
cog,2011,183.33538818359375
cog,2012,159.1282958984375
cog,2013,130.55340576171875
cog,2014,46.28310012817383
cog,2015,1058.2032470703125
cog,2016,412.0445556640625
cog,2017,545.5237426757812
cok,2000,0.0
cok,2001,0.0
cok,2002,0.0
cok,2003,0.0
cok,2004,0.0
cok,2005,0.0
cok,2006,0.0
cok,2007,0.0
cok,2008,0.0
cok,2009,0.0
cok,2010,0.0
cok,2011,0.0
cok,2012,0.0
cok,2013,0.0
cok,2014,0.0
cok,2015,0.0
cok,2016,0.0
cok,2017,0.0
col,2000,0.0
col,2001,0.0
col,2002,0.0
col,2003,0.0
col,2004,0.0
col,2005,0.0
col,2006,0.0
col,2007,0.0
col,2008,0.0
col,2009,0.0
col,2010,0.0
col,2011,0.0
col,2012,0.0
col,2013,0.0
col,2014,0.0
col,2015,0.0
col,2016,0.0
col,2017,0.0
com,2000,0.0
com,2001,0.0
com,2002,0.0
com,2003,0.0
com,2004,0.0
com,2005,0.0
com,2006,0.0
com,2007,0.0
com,2008,0.0
com,2009,0.0
com,2010,0.0
com,2011,0.0
com,2012,0.0
com,2013,0.0
com,2014,0.0
com,2015,0.0
com,2016,0.0
com,2017,0.0
cpv,2000,25.88072967529297
cpv,2001,22.960559844970703
cpv,2002,22.9206485748291
cpv,2003,22.857912063598633
cpv,2004,22.782390594482422
cpv,2005,22.700925827026367
cpv,2006,6.2630934715271
cpv,2007,6.518263339996338
cpv,2008,6.754677772521973
cpv,2009,6.968048572540283
cpv,2010,2.317373037338257
cpv,2011,2.2891926765441895
cpv,2012,2.2778260707855225
cpv,2013,2.2784862518310547
cpv,2014,0.0
cpv,2015,0.0
cpv,2016,0.0
cpv,2017,0.0
cri,2000,0.0
cri,2001,0.0
cri,2002,0.0
cri,2003,0.0
cri,2004,0.0
cri,2005,0.0
cri,2006,0.0
cri,2007,0.0
cri,2008,0.0
cri,2009,0.0
cri,2010,0.0
cri,2011,0.0
cri,2012,0.0
cri,2013,0.0
cri,2014,0.0
cri,2015,0.0
cri,2016,0.0
cri,2017,0.0
cub,2000,0.0
cub,2001,0.0
cub,2002,0.0
cub,2003,0.0
cub,2004,0.0
cub,2005,0.0
cub,2006,0.0
cub,2007,0.0
cub,2008,0.0
cub,2009,0.0
cub,2010,0.0
cub,2011,0.0
cub,2012,0.0
cub,2013,0.0
cub,2014,0.0
cub,2015,0.0
cub,2016,0.0
cub,2017,0.0
cyp,2000,0.0
cyp,2001,0.0
cyp,2002,0.0
cyp,2003,0.0
cyp,2004,0.0
cyp,2005,0.0
cyp,2006,0.0
cyp,2007,0.0
cyp,2008,0.0
cyp,2009,0.0
cyp,2010,0.0
cyp,2011,0.0
cyp,2012,0.0
cyp,2013,0.0
cyp,2014,0.0
cyp,2015,0.0
cyp,2016,0.0
cyp,2017,0.0
cze,2000,0.0
cze,2001,0.0
cze,2002,0.0
cze,2003,0.0
cze,2004,0.0
cze,2005,0.0
cze,2006,0.0
cze,2007,0.0
cze,2008,0.0
cze,2009,0.0
cze,2010,0.0
cze,2011,0.0
cze,2012,0.0
cze,2013,0.0
cze,2014,0.0
cze,2015,0.0
cze,2016,0.0
cze,2017,0.0
deu,2000,1.4846242666244507
deu,2001,1.5391168594360352
deu,2002,0.0
deu,2003,0.0
deu,2004,0.0
deu,2005,0.0
deu,2006,0.0
deu,2007,0.0
deu,2008,0.0
deu,2009,0.0
deu,2010,0.0
deu,2011,0.0
deu,2012,0.0
deu,2013,0.0
deu,2014,0.0
deu,2015,1.294130802154541
deu,2016,0.4296208322048187
deu,2017,0.4245063066482544
dji,2000,157.33668518066406
dji,2001,83.41116333007812
dji,2002,54.82683563232422
dji,2003,31.6654109954834
dji,2004,86.7308349609375
dji,2005,218.69497680664062
dji,2006,33.14759826660156
dji,2007,24.495676040649414
dji,2008,103.29625701904297
dji,2009,33.66242599487305
dji,2010,15.61561107635498
dji,2011,33.25433349609375
dji,2012,75.5058364868164
dji,2013,19.3739070892334
dji,2014,8.76298999786377
dji,2015,34.71577072143555
dji,2016,1.52680242061615
dji,2017,2.4803740978240967
dma,2000,0.0
dma,2001,0.0
dma,2002,0.0
dma,2003,0.0
dma,2004,0.0
dma,2005,0.0
dma,2006,0.0
dma,2007,0.0
dma,2008,0.0
dma,2009,0.0
dma,2010,0.0
dma,2011,0.0
dma,2012,0.0
dma,2013,0.0
dma,2014,0.0
dma,2015,0.0
dma,2016,0.0
dma,2017,0.0
dnk,2000,0.0
dnk,2001,0.0
dnk,2002,0.0
dnk,2003,0.0
dnk,2004,0.0
dnk,2005,0.0
dnk,2006,0.0
dnk,2007,0.0
dnk,2008,0.0
dnk,2009,0.0
dnk,2010,0.0
dnk,2011,0.0
dnk,2012,0.0
dnk,2013,0.0
dnk,2014,0.0
dnk,2015,0.0
dnk,2016,0.0
dnk,2017,0.0
dom,2000,0.0
dom,2001,0.0
dom,2002,0.0
dom,2003,0.0
dom,2004,0.0
dom,2005,0.0
dom,2006,0.0
dom,2007,0.0
dom,2008,0.0
dom,2009,0.0
dom,2010,0.0
dom,2011,0.0
dom,2012,0.0
dom,2013,0.0
dom,2014,0.0
dom,2015,0.0
dom,2016,0.0
dom,2017,0.0
dza,2000,1130.5738525390625
dza,2001,1289.4793701171875
dza,2002,1394.781982421875
dza,2003,2429.199462890625
dza,2004,38.023136138916016
dza,2005,29.60637664794922
dza,2006,38.05729675292969
dza,2007,39.527183532714844
dza,2008,49.315853118896484
dza,2009,56.565467834472656
dza,2010,65.5510482788086
dza,2011,74.14641571044922
dza,2012,78.99223327636719
dza,2013,89.3413314819336
dza,2014,56.864105224609375
dza,2015,51.770286560058594
dza,2016,59.88701629638672
dza,2017,74.91968536376953
ecu,2000,0.0
ecu,2001,0.0
ecu,2002,0.0
ecu,2003,0.0
ecu,2004,0.0
ecu,2005,0.0
ecu,2006,0.0
ecu,2007,0.0
ecu,2008,0.0
ecu,2009,0.0
ecu,2010,0.0
ecu,2011,0.0
ecu,2012,0.0
ecu,2013,0.0
ecu,2014,0.0
ecu,2015,0.0
ecu,2016,0.0
ecu,2017,0.0
egy,2000,1660.8179931640625
egy,2001,1259.6163330078125
egy,2002,466.64892578125
egy,2003,105.1578369140625
egy,2004,69.85316467285156
egy,2005,58.639102935791016
egy,2006,850.8057861328125
egy,2007,993.6769409179688
egy,2008,457.3468933105469
egy,2009,368.7952575683594
egy,2010,26.47517967224121
egy,2011,26.549091339111328
egy,2012,139.89553833007812
egy,2013,234.44198608398438
egy,2014,594.206298828125
egy,2015,1469.0675048828125
egy,2016,134.0072021484375
egy,2017,63.208675384521484
eri,2000,2778.769287109375
eri,2001,829.4864501953125
eri,2002,430.48583984375
eri,2003,354.5160217285156
eri,2004,62.64406967163086
eri,2005,106.42254638671875
eri,2006,341.50006103515625
eri,2007,182.8631591796875
eri,2008,135.93722534179688
eri,2009,251.34530639648438
eri,2010,165.1764678955078
eri,2011,200.55145263671875
eri,2012,523.8089599609375
eri,2013,233.1352081298828
eri,2014,397.1528015136719
eri,2015,539.3861694335938
eri,2016,364.807861328125
eri,2017,1102.29150390625
esp,2000,0.0
esp,2001,0.0
esp,2002,0.0
esp,2003,0.0
esp,2004,0.0
esp,2005,0.0
esp,2006,0.0
esp,2007,0.0
esp,2008,0.0
esp,2009,0.0
esp,2010,0.0
esp,2011,0.0
esp,2012,0.0
esp,2013,0.0
esp,2014,0.0
esp,2015,0.0
esp,2016,0.0
esp,2017,0.0
est,2000,0.0
est,2001,0.0
est,2002,0.0
est,2003,0.0
est,2004,0.0
est,2005,0.0
est,2006,0.0
est,2007,0.0
est,2008,0.0
est,2009,0.0
est,2010,0.0
est,2011,0.0
est,2012,0.0
est,2013,0.0
est,2014,0.0
est,2015,0.0
est,2016,0.0
est,2017,0.0
eth,2000,19335.1171875
eth,2001,9711.2666015625
eth,2002,25302.244140625
eth,2003,17757.48046875
eth,2004,12944.494140625
eth,2005,10401.9658203125
eth,2006,16192.501953125
eth,2007,4098.80078125
eth,2008,17020.5546875
eth,2009,24375.607421875
eth,2010,11291.583984375
eth,2011,4783.7900390625
eth,2012,5498.595703125
eth,2013,7777.1884765625
eth,2014,24586.37109375
eth,2015,21715.609375
eth,2016,9237.36328125
eth,2017,2705.583251953125
fin,2000,0.0
fin,2001,0.0
fin,2002,0.0
fin,2003,0.0
fin,2004,0.0
fin,2005,0.0
fin,2006,0.0
fin,2007,0.0
fin,2008,0.0
fin,2009,0.0
fin,2010,0.0
fin,2011,0.0
fin,2012,0.0
fin,2013,0.0
fin,2014,0.0
fin,2015,0.0
fin,2016,0.0
fin,2017,0.0
fji,2000,8.460522651672363
fji,2001,3.4924089908599854
fji,2002,20.775625228881836
fji,2003,18.673828125
fji,2004,5.222330093383789
fji,2005,4.68555212020874
fji,2006,7.069643974304199
fji,2007,0.9074792265892029
fji,2008,0.0
fji,2009,0.0
fji,2010,0.0
fji,2011,0.0
fji,2012,0.0
fji,2013,0.0
fji,2014,0.0
fji,2015,0.0
fji,2016,0.0
fji,2017,0.0
fra,2000,0.0
fra,2001,0.0
fra,2002,0.0
fra,2003,0.0
fra,2004,0.0
fra,2005,0.0
fra,2006,0.0
fra,2007,0.0
fra,2008,0.0
fra,2009,0.0
fra,2010,0.0
fra,2011,0.0
fra,2012,0.0
fra,2013,0.0
fra,2014,0.0
fra,2015,0.0
fra,2016,0.0
fra,2017,0.0
fsm,2000,1.393219232559204
fsm,2001,1.293764591217041
fsm,2002,1.1905126571655273
fsm,2003,0.9164998531341553
fsm,2004,0.8527352213859558
fsm,2005,0.7622609734535217
fsm,2006,0.7100546360015869
fsm,2007,0.6512913107872009
fsm,2008,0.6132814884185791
fsm,2009,0.5829339027404785
fsm,2010,0.5771220922470093
fsm,2011,0.0
fsm,2012,0.0
fsm,2013,0.0
fsm,2014,0.0
fsm,2015,0.0
fsm,2016,0.0
fsm,2017,0.0
gab,2000,534.7677001953125
gab,2001,1607.48291015625
gab,2002,1203.9884033203125
gab,2003,1029.96337890625
gab,2004,863.9866333007812
gab,2005,49.558380126953125
gab,2006,110.28617858886719
gab,2007,165.53488159179688
gab,2008,36.37605667114258
gab,2009,66.01573944091797
gab,2010,112.80636596679688
gab,2011,150.7727508544922
gab,2012,188.1607208251953
gab,2013,54.806480407714844
gab,2014,43.49470520019531
gab,2015,83.09579467773438
gab,2016,369.4606628417969
gab,2017,268.348388671875
gbr,2000,0.0
gbr,2001,0.0
gbr,2002,1.365782618522644
gbr,2003,0.0
gbr,2004,0.0
gbr,2005,0.0
gbr,2006,0.0
gbr,2007,0.0
gbr,2008,0.0
gbr,2009,0.0
gbr,2010,0.0
gbr,2011,0.0
gbr,2012,0.0
gbr,2013,0.0
gbr,2014,0.0
gbr,2015,0.0
gbr,2016,0.0
gbr,2017,0.0
geo,2000,0.5062163472175598
geo,2001,0.5408173203468323
geo,2002,1.6489639282226562
geo,2003,0.6677968502044678
geo,2004,2.695366144180298
geo,2005,2.6760048866271973
geo,2006,0.0
geo,2007,0.0
geo,2008,0.0
geo,2009,0.0
geo,2010,0.0
geo,2011,0.0
geo,2012,0.0
geo,2013,0.0
geo,2014,0.0
geo,2015,0.0
geo,2016,0.0
geo,2017,0.0
gha,2000,7449.27685546875
gha,2001,4864.494140625
gha,2002,4096.2060546875
gha,2003,60.599090576171875
gha,2004,249.82420349121094
gha,2005,467.6783142089844
gha,2006,577.184814453125
gha,2007,250.44554138183594
gha,2008,374.33563232421875
gha,2009,403.5313720703125
gha,2010,501.0788879394531
gha,2011,216.98948669433594
gha,2012,470.8849792480469
gha,2013,388.0419616699219
gha,2014,3.4395086765289307
gha,2015,45.21726608276367
gha,2016,86.10972595214844
gha,2017,95.63631439208984
gin,2000,9408.9208984375
gin,2001,10881.3154296875
gin,2002,4743.6572265625
gin,2003,3815.46484375
gin,2004,71.6496353149414
gin,2005,593.5517578125
gin,2006,919.8587036132812
gin,2007,207.80487060546875
gin,2008,697.5160522460938
gin,2009,1169.08056640625
gin,2010,228.47398376464844
gin,2011,620.0845336914062
gin,2012,990.772216796875
gin,2013,270.1092224121094
gin,2014,1128.0399169921875
gin,2015,886.0681762695312
gin,2016,1440.19482421875
gin,2017,1339.5103759765625
gmb,2000,271.0326232910156
gmb,2001,137.9715118408203
gmb,2002,83.48133087158203
gmb,2003,95.77265167236328
gmb,2004,2.3371081352233887
gmb,2005,14.686633110046387
gmb,2006,25.635358810424805
gmb,2007,34.31919479370117
gmb,2008,15.21591567993164
gmb,2009,24.471431732177734
gmb,2010,33.09467697143555
gmb,2011,39.08718490600586
gmb,2012,11.085845947265625
gmb,2013,15.761690139770508
gmb,2014,15.953665733337402
gmb,2015,29.094152450561523
gmb,2016,32.1540412902832
gmb,2017,0.874488890171051
gnb,2000,888.670166015625
gnb,2001,364.197998046875
gnb,2002,665.4561767578125
gnb,2003,3329.55322265625
gnb,2004,2031.22314453125
gnb,2005,283.1417541503906
gnb,2006,114.70048522949219
gnb,2007,4.719369411468506
gnb,2008,42.13139343261719
gnb,2009,54.516746520996094
gnb,2010,51.26688766479492
gnb,2011,45.759464263916016
gnb,2012,46.98012161254883
gnb,2013,16.37079620361328
gnb,2014,33.31031799316406
gnb,2015,368.0727233886719
gnb,2016,39.85637283325195
gnb,2017,59.024864196777344
gnq,2000,201.44998168945312
gnq,2001,288.4625549316406
gnq,2002,357.2414855957031
gnq,2003,364.93212890625
gnq,2004,373.73260498046875
gnq,2005,385.229736328125
gnq,2006,116.50894165039062
gnq,2007,161.07382202148438
gnq,2008,206.78982543945312
gnq,2009,251.11538696289062
gnq,2010,27.233203887939453
gnq,2011,61.78466033935547
gnq,2012,88.84506225585938
gnq,2013,45.40380859375
gnq,2014,92.66683197021484
gnq,2015,276.85382080078125
gnq,2016,430.6524353027344
gnq,2017,77.8717269897461
grc,2000,0.0
grc,2001,0.0
grc,2002,0.0
grc,2003,0.0
grc,2004,0.0
grc,2005,0.0
grc,2006,0.0
grc,2007,0.0
grc,2008,0.0
grc,2009,0.0
grc,2010,0.0
grc,2011,0.0
grc,2012,0.0
grc,2013,0.0
grc,2014,0.0
grc,2015,0.0
grc,2016,0.0
grc,2017,0.0
grd,2000,0.0
grd,2001,0.0
grd,2002,0.0
grd,2003,0.0
grd,2004,0.0
grd,2005,0.0
grd,2006,0.0
grd,2007,0.0
grd,2008,0.0
grd,2009,0.0
grd,2010,0.0
grd,2011,0.0
grd,2012,0.0
grd,2013,0.0
grd,2014,0.0
grd,2015,0.0
grd,2016,0.0
grd,2017,0.0
gtm,2000,0.0
gtm,2001,0.0
gtm,2002,0.0
gtm,2003,0.0
gtm,2004,0.0
gtm,2005,0.0
gtm,2006,0.0
gtm,2007,0.0
gtm,2008,0.0
gtm,2009,0.0
gtm,2010,0.0
gtm,2011,0.0
gtm,2012,0.0
gtm,2013,0.0
gtm,2014,0.0
gtm,2015,0.0
gtm,2016,0.0
gtm,2017,0.0
guy,2000,0.0
guy,2001,0.0
guy,2002,0.0
guy,2003,0.0
guy,2004,0.0
guy,2005,0.0
guy,2006,0.0
guy,2007,0.0
guy,2008,0.0
guy,2009,0.0
guy,2010,0.0
guy,2011,0.0
guy,2012,0.0
guy,2013,0.0
guy,2014,0.0
guy,2015,0.0
guy,2016,0.0
guy,2017,0.0
hnd,2000,0.0
hnd,2001,0.0
hnd,2002,0.0
hnd,2003,0.0
hnd,2004,0.0
hnd,2005,0.0
hnd,2006,0.0
hnd,2007,0.0
hnd,2008,0.0
hnd,2009,0.0
hnd,2010,0.0
hnd,2011,0.0
hnd,2012,0.0
hnd,2013,0.0
hnd,2014,0.0
hnd,2015,0.0
hnd,2016,0.0
hnd,2017,0.0
hrv,2000,0.0
hrv,2001,0.0
hrv,2002,0.0
hrv,2003,0.0
hrv,2004,0.0
hrv,2005,0.0
hrv,2006,0.0
hrv,2007,0.0
hrv,2008,0.0
hrv,2009,0.0
hrv,2010,0.0
hrv,2011,0.0
hrv,2012,0.0
hrv,2013,0.0
hrv,2014,0.0
hrv,2015,0.0
hrv,2016,0.0
hrv,2017,0.0
hti,2000,0.0
hti,2001,0.0
hti,2002,0.0
hti,2003,0.0
hti,2004,0.0
hti,2005,0.0
hti,2006,0.0
hti,2007,0.0
hti,2008,0.0
hti,2009,0.0
hti,2010,0.0
hti,2011,0.0
hti,2012,0.0
hti,2013,0.0
hti,2014,0.0
hti,2015,0.0
hti,2016,0.0
hti,2017,0.0
hun,2000,0.0
hun,2001,0.0
hun,2002,0.0
hun,2003,0.0
hun,2004,0.0
hun,2005,0.0
hun,2006,0.0
hun,2007,0.0
hun,2008,0.0
hun,2009,0.0
hun,2010,0.0
hun,2011,0.0
hun,2012,0.0
hun,2013,0.0
hun,2014,0.0
hun,2015,0.0
hun,2016,0.0
hun,2017,0.0
idn,2000,22750.1875
idn,2001,18529.146484375
idn,2002,14689.1943359375
idn,2003,14363.173828125
idn,2004,16558.822265625
idn,2005,20920.259765625
idn,2006,23396.3828125
idn,2007,11066.2021484375
idn,2008,5118.6865234375
idn,2009,8047.83447265625
idn,2010,7969.9189453125
idn,2011,9667.041015625
idn,2012,5745.91259765625
idn,2013,4980.53369140625
idn,2014,5872.72802734375
idn,2015,6762.49658203125
idn,2016,4698.32666015625
idn,2017,4194.32666015625
ind,2000,74595.5390625
ind,2001,93819.5546875
ind,2002,81427.2421875
ind,2003,87807.8984375
ind,2004,98664.6796875
ind,2005,57723.1484375
ind,2006,84035.90625
ind,2007,62354.3203125
ind,2008,62477.7421875
ind,2009,74123.8359375
ind,2010,49648.1484375
ind,2011,46566.34375
ind,2012,29182.265625
ind,2013,20489.9140625
ind,2014,33035.21875
ind,2015,32741.73046875
ind,2016,24807.98046875
ind,2017,19982.259765625
irl,2000,3.313795566558838
irl,2001,0.0
irl,2002,0.0
irl,2003,0.0
irl,2004,0.0
irl,2005,0.0
irl,2006,0.0
irl,2007,0.0
irl,2008,0.0
irl,2009,0.0
irl,2010,0.0
irl,2011,0.0
irl,2012,0.0
irl,2013,0.0
irl,2014,0.0
irl,2015,0.0
irl,2016,0.0
irl,2017,0.0
irn,2000,152.79833984375
irn,2001,105.75271606445312
irn,2002,103.97362518310547
irn,2003,99.71916961669922
irn,2004,0.0
irn,2005,0.5812955498695374
irn,2006,1.4799731969833374
irn,2007,1.796691656112671
irn,2008,1.9165821075439453
irn,2009,2.746401071548462
irn,2010,5.062295913696289
irn,2011,3.0945358276367188
irn,2012,3.8640170097351074
irn,2013,3.35174298286438
irn,2014,2.6591813564300537
irn,2015,7.160251617431641
irn,2016,3.516718864440918
irn,2017,2.5760631561279297
irq,2000,514.7456665039062
irq,2001,515.001220703125
irq,2002,730.5986938476562
irq,2003,191.5104217529297
irq,2004,548.0833129882812
irq,2005,49.83042907714844
irq,2006,42.09122848510742
irq,2007,34.306087493896484
irq,2008,31.757238388061523
irq,2009,574.2351684570312
irq,2010,59.281593322753906
irq,2011,39.69771957397461
irq,2012,108.41959381103516
irq,2013,66.7542495727539
irq,2014,18.85285186767578
irq,2015,28.909420013427734
irq,2016,41.27909851074219
irq,2017,81.2065658569336
isl,2000,0.0
isl,2001,0.0
isl,2002,0.0
isl,2003,0.0
isl,2004,0.0
isl,2005,0.0
isl,2006,0.0
isl,2007,0.0
isl,2008,0.0
isl,2009,0.0
isl,2010,0.0
isl,2011,0.0
isl,2012,0.0
isl,2013,0.0
isl,2014,0.0
isl,2015,0.0
isl,2016,0.0
isl,2017,0.0
isr,2000,0.0
isr,2001,0.0
isr,2002,0.0
isr,2003,0.0
isr,2004,0.0
isr,2005,0.0
isr,2006,0.0
isr,2007,0.0
isr,2008,0.0
isr,2009,0.0
isr,2010,0.0
isr,2011,0.0
isr,2012,0.0
isr,2013,0.0
isr,2014,0.0
isr,2015,0.0
isr,2016,0.0
isr,2017,0.0
ita,2000,0.0
ita,2001,1.268007516860962
ita,2002,1.217363715171814
ita,2003,2.479034423828125
ita,2004,0.0
ita,2005,0.0
ita,2006,0.0
ita,2007,0.0
ita,2008,0.0
ita,2009,0.0
ita,2010,0.0
ita,2011,0.0
ita,2012,0.0
ita,2013,0.0
ita,2014,0.0
ita,2015,0.0
ita,2016,0.0
ita,2017,0.0
jam,2000,0.0
jam,2001,0.0
jam,2002,0.0
jam,2003,0.0
jam,2004,0.0
jam,2005,0.0
jam,2006,0.0
jam,2007,0.0
jam,2008,0.0
jam,2009,0.0
jam,2010,0.0
jam,2011,0.0
jam,2012,0.0
jam,2013,0.0
jam,2014,0.0
jam,2015,0.0
jam,2016,0.0
jam,2017,0.0
jor,2000,0.0
jor,2001,0.0
jor,2002,0.0
jor,2003,0.0
jor,2004,0.0
jor,2005,0.0
jor,2006,0.0
jor,2007,0.0
jor,2008,0.0
jor,2009,0.0
jor,2010,0.0
jor,2011,0.0
jor,2012,0.0
jor,2013,0.0
jor,2014,0.0
jor,2015,0.0
jor,2016,0.0
jor,2017,0.0
jpn,2000,11.603607177734375
jpn,2001,7.094265460968018
jpn,2002,5.735329627990723
jpn,2003,4.472388744354248
jpn,2004,2.803982973098755
jpn,2005,0.0
jpn,2006,0.0
jpn,2007,0.0
jpn,2008,0.0
jpn,2009,0.0
jpn,2010,0.0
jpn,2011,0.0
jpn,2012,0.0
jpn,2013,1.5677425861358643
jpn,2014,0.0
jpn,2015,0.0
jpn,2016,0.47050827741622925
jpn,2017,0.45221906900405884
kaz,2000,0.0
kaz,2001,0.0
kaz,2002,0.0
kaz,2003,0.0
kaz,2004,0.0
kaz,2005,0.0
kaz,2006,0.0
kaz,2007,0.0
kaz,2008,0.0
kaz,2009,0.0
kaz,2010,0.0
kaz,2011,0.0
kaz,2012,0.0
kaz,2013,0.0
kaz,2014,0.0
kaz,2015,0.0
kaz,2016,0.0
kaz,2017,0.0
ken,2000,1574.674072265625
ken,2001,1244.4515380859375
ken,2002,710.8671264648438
ken,2003,7.694054126739502
ken,2004,146.1969757080078
ken,2005,298.54791259765625
ken,2006,445.4561767578125
ken,2007,468.5513916015625
ken,2008,419.9098815917969
ken,2009,408.1103515625
ken,2010,165.76393127441406
ken,2011,288.7218933105469
ken,2012,336.09039306640625
ken,2013,127.15515899658203
ken,2014,183.4221649169922
ken,2015,180.1800079345703
ken,2016,178.10568237304688
ken,2017,1.300374984741211
kgz,2000,0.0
kgz,2001,0.0
kgz,2002,0.0
kgz,2003,0.0
kgz,2004,0.0
kgz,2005,0.0
kgz,2006,0.0
kgz,2007,0.0
kgz,2008,0.0
kgz,2009,0.0
kgz,2010,0.0
kgz,2011,1.4331904649734497
kgz,2012,0.0
kgz,2013,0.0
kgz,2014,0.0
kgz,2015,4.436683177947998
kgz,2016,0.0
kgz,2017,1.3342868089675903
khm,2000,1337.6181640625
khm,2001,889.5601806640625
khm,2002,291.2960205078125
khm,2003,114.72838592529297
khm,2004,66.775390625
khm,2005,92.45970153808594
khm,2006,102.20922088623047
khm,2007,121.31108093261719
khm,2008,494.60577392578125
khm,2009,650.0833129882812
khm,2010,262.7249450683594
khm,2011,172.3372802734375
khm,2012,45.259185791015625
khm,2013,43.382476806640625
khm,2014,0.0
khm,2015,7.112378120422363
khm,2016,18.53851890563965
khm,2017,17.983562469482422
kir,2000,0.0
kir,2001,0.0
kir,2002,0.0
kir,2003,1.1044124364852905
kir,2004,0.6029765605926514
kir,2005,0.0
kir,2006,0.0
kir,2007,0.0
kir,2008,0.0
kir,2009,0.0
kir,2010,0.0
kir,2011,0.0
kir,2012,0.0
kir,2013,0.0
kir,2014,0.0
kir,2015,0.0
kir,2016,0.0
kir,2017,0.0
kna,2000,0.0
kna,2001,0.0
kna,2002,0.0
kna,2003,0.0
kna,2004,0.0
kna,2005,0.0
kna,2006,0.0
kna,2007,0.0
kna,2008,0.0
kna,2009,0.0
kna,2010,0.0
kna,2011,0.0
kna,2012,0.0
kna,2013,0.0
kna,2014,0.0
kna,2015,0.0
kna,2016,0.0
kna,2017,0.0
kor,2000,15.587891578674316
kor,2001,11.011483192443848
kor,2002,0.0
kor,2003,0.0
kor,2004,0.0
kor,2005,0.0
kor,2006,0.0
kor,2007,0.0
kor,2008,0.0
kor,2009,0.0
kor,2010,0.0
kor,2011,1.409611701965332
kor,2012,0.0
kor,2013,0.0
kor,2014,0.0
kor,2015,0.0
kor,2016,0.0
kor,2017,0.0
kwt,2000,0.0
kwt,2001,0.0
kwt,2002,0.0
kwt,2003,0.0
kwt,2004,0.0
kwt,2005,0.0
kwt,2006,0.0
kwt,2007,0.0
kwt,2008,0.0
kwt,2009,0.0
kwt,2010,0.0
kwt,2011,0.0
kwt,2012,0.0
kwt,2013,0.0
kwt,2014,0.0
kwt,2015,0.0
kwt,2016,0.0
kwt,2017,0.0
lao,2000,1119.225830078125
lao,2001,705.5878295898438
lao,2002,922.2504272460938
lao,2003,1765.81005859375
lao,2004,2016.50927734375
lao,2005,1304.82666015625
lao,2006,909.3917236328125
lao,2007,1625.4217529296875
lao,2008,14.2290678024292
lao,2009,53.20890426635742
lao,2010,116.7000503540039
lao,2011,176.85171508789062
lao,2012,4.745915412902832
lao,2013,8.461148262023926
lao,2014,27.98009490966797
lao,2015,4.933010101318359
lao,2016,17.5982608795166
lao,2017,32.95200729370117
lbn,2000,10.568403244018555
lbn,2001,0.0
lbn,2002,1.1888983249664307
lbn,2003,7.752203464508057
lbn,2004,11.841107368469238
lbn,2005,22.90364646911621
lbn,2006,24.45926284790039
lbn,2007,20.169200897216797
lbn,2008,14.355100631713867
lbn,2009,11.205799102783203
lbn,2010,9.438048362731934
lbn,2011,8.441143035888672
lbn,2012,7.899410247802734
lbn,2013,20.634662628173828
lbn,2014,2.99888277053833
lbn,2015,0.0
lbn,2016,0.0
lbn,2017,1.1041079759597778
lbr,2000,3780.132568359375
lbr,2001,3257.52978515625
lbr,2002,910.5858764648438
lbr,2003,686.7092895507812
lbr,2004,489.9896545410156
lbr,2005,6.926501274108887
lbr,2006,140.8547821044922
lbr,2007,193.83859252929688
lbr,2008,30.08662986755371
lbr,2009,83.804931640625
lbr,2010,1236.7926025390625
lbr,2011,758.701171875
lbr,2012,124.62835693359375
lbr,2013,161.7476348876953
lbr,2014,272.5891418457031
lbr,2015,2213.847900390625
lbr,2016,1782.623291015625
lbr,2017,1863.3585205078125
lby,2000,0.0
lby,2001,0.0
lby,2002,0.0
lby,2003,0.0
lby,2004,0.0
lby,2005,0.0
lby,2006,0.0
lby,2007,0.0
lby,2008,0.0
lby,2009,0.0
lby,2010,0.0
lby,2011,0.0
lby,2012,0.0
lby,2013,0.0
lby,2014,0.0
lby,2015,0.0
lby,2016,0.0
lby,2017,0.0
lca,2000,0.0
lca,2001,0.0
lca,2002,0.0
lca,2003,0.0
lca,2004,0.0
lca,2005,0.0
lca,2006,0.0
lca,2007,0.0
lca,2008,0.0
lca,2009,0.0
lca,2010,0.0
lca,2011,0.0
lca,2012,0.0
lca,2013,0.0
lca,2014,0.0
lca,2015,0.0
lca,2016,0.0
lca,2017,0.0
lka,2000,0.0
lka,2001,0.0
lka,2002,0.0
lka,2003,0.0
lka,2004,0.0
lka,2005,0.0
lka,2006,0.0
lka,2007,0.0
lka,2008,0.0
lka,2009,0.0
lka,2010,0.0
lka,2011,0.0
lka,2012,0.0
lka,2013,0.0
lka,2014,0.0
lka,2015,0.0
lka,2016,0.0
lka,2017,0.0
lso,2000,64.83241271972656
lso,2001,5.425477981567383
lso,2002,7.969249725341797
lso,2003,19.483293533325195
lso,2004,9.825194358825684
lso,2005,19.87605094909668
lso,2006,23.942121505737305
lso,2007,27.240631103515625
lso,2008,8.439461708068848
lso,2009,13.28452205657959
lso,2010,66.71751403808594
lso,2011,52.46885681152344
lso,2012,48.330928802490234
lso,2013,52.22452926635742
lso,2014,21.6507625579834
lso,2015,24.251758575439453
lso,2016,25.86331558227539
lso,2017,26.77823257446289
ltu,2000,0.0
ltu,2001,0.0
ltu,2002,0.0
ltu,2003,0.0
ltu,2004,0.0
ltu,2005,0.0
ltu,2006,0.0
ltu,2007,0.0
ltu,2008,0.0
ltu,2009,0.0
ltu,2010,0.0
ltu,2011,0.0
ltu,2012,0.0
ltu,2013,0.0
ltu,2014,0.0
ltu,2015,0.0
ltu,2016,0.0
ltu,2017,0.0
lux,2000,0.0
lux,2001,0.0
lux,2002,0.0
lux,2003,0.0
lux,2004,0.0
lux,2005,0.0
lux,2006,0.0
lux,2007,0.0
lux,2008,0.0
lux,2009,0.0
lux,2010,0.0
lux,2011,0.0
lux,2012,0.0
lux,2013,0.0
lux,2014,0.0
lux,2015,0.0
lux,2016,0.0
lux,2017,0.0
lva,2000,0.0
lva,2001,0.0
lva,2002,0.0
lva,2003,0.0
lva,2004,0.0
lva,2005,0.0
lva,2006,0.0
lva,2007,0.0
lva,2008,0.0
lva,2009,0.0
lva,2010,0.0
lva,2011,0.0
lva,2012,0.0
lva,2013,0.0
lva,2014,0.0
lva,2015,0.0
lva,2016,0.0
lva,2017,0.0
mar,2000,56.951908111572266
mar,2001,29.2485294342041
mar,2002,42.68815994262695
mar,2003,77.62291717529297
mar,2004,48.81599044799805
mar,2005,43.058040618896484
mar,2006,16.345266342163086
mar,2007,16.322696685791016
mar,2008,16.15226936340332
mar,2009,5.359280586242676
mar,2010,6.905176639556885
mar,2011,9.00159740447998
mar,2012,8.534612655639648
mar,2013,6.309070110321045
mar,2014,0.0
mar,2015,0.0
mar,2016,0.6843392848968506
mar,2017,0.641411542892456
mco,2000,0.0
mco,2001,0.0
mco,2002,0.0
mco,2003,0.0
mco,2004,0.0
mco,2005,0.0
mco,2006,0.0
mco,2007,0.0
mco,2008,0.0
mco,2009,0.0
mco,2010,0.0
mco,2011,0.0
mco,2012,0.0
mco,2013,0.0
mco,2014,0.0
mco,2015,0.0
mco,2016,0.0
mco,2017,0.0
mda,2000,0.0
mda,2001,0.0
mda,2002,1.1296131610870361
mda,2003,0.0
mda,2004,0.0
mda,2005,0.0
mda,2006,0.926648736000061
mda,2007,0.0
mda,2008,0.0
mda,2009,0.0
mda,2010,0.0
mda,2011,0.0
mda,2012,0.0
mda,2013,0.0
mda,2014,0.0
mda,2015,0.0
mda,2016,0.0
mda,2017,0.0
mdg,2000,3016.306640625
mdg,2001,2556.9970703125
mdg,2002,2657.666015625
mdg,2003,3368.818603515625
mdg,2004,1780.0816650390625
mdg,2005,8.779436111450195
mdg,2006,126.23145294189453
mdg,2007,200.54331970214844
mdg,2008,89.74063110351562
mdg,2009,247.096923828125
mdg,2010,344.4961853027344
mdg,2011,152.3423614501953
mdg,2012,315.2878723144531
mdg,2013,410.7901916503906
mdg,2014,169.41207885742188
mdg,2015,350.81365966796875
mdg,2016,469.6877136230469
mdg,2017,187.90036010742188
mdv,2000,0.0
mdv,2001,0.0
mdv,2002,18.87430191040039
mdv,2003,1.647644281387329
mdv,2004,0.8082433342933655
mdv,2005,2.155287027359009
mdv,2006,0.7707131505012512
mdv,2007,0.5090326070785522
mdv,2008,0.0
mdv,2009,0.0
mdv,2010,0.0
mdv,2011,0.0
mdv,2012,0.0
mdv,2013,0.0
mdv,2014,0.0
mdv,2015,0.0
mdv,2016,0.0
mdv,2017,0.0
mex,2000,0.0
mex,2001,0.0
mex,2002,0.0
mex,2003,0.0
mex,2004,0.0
mex,2005,0.0
mex,2006,0.0
mex,2007,0.0
mex,2008,0.0
mex,2009,0.0
mex,2010,0.0
mex,2011,0.0
mex,2012,0.0
mex,2013,0.0
mex,2014,0.0
mex,2015,0.0
mex,2016,0.0
mex,2017,0.0
mhl,2000,0.0
mhl,2001,0.0
mhl,2002,0.0
mhl,2003,2.629619598388672
mhl,2004,0.0
mhl,2005,0.0
mhl,2006,0.0
mhl,2007,0.0
mhl,2008,0.0
mhl,2009,0.0
mhl,2010,0.0
mhl,2011,0.0
mhl,2012,0.0
mhl,2013,0.0
mhl,2014,0.0
mhl,2015,0.0
mhl,2016,0.0
mhl,2017,0.0
mkd,2000,0.0
mkd,2001,0.0
mkd,2002,0.0
mkd,2003,0.0
mkd,2004,0.0
mkd,2005,0.0
mkd,2006,0.0
mkd,2007,0.0
mkd,2008,0.0
mkd,2009,0.0
mkd,2010,0.0
mkd,2011,0.0
mkd,2012,0.0
mkd,2013,0.0
mkd,2014,0.0
mkd,2015,0.0
mkd,2016,0.0
mkd,2017,0.0
mli,2000,3780.34716796875
mli,2001,7671.47900390625
mli,2002,74.01463317871094
mli,2003,626.5653686523438
mli,2004,920.634765625
mli,2005,128.84231567382812
mli,2006,490.5982666015625
mli,2007,661.11328125
mli,2008,255.98924255371094
mli,2009,3684.302001953125
mli,2010,3030.749267578125
mli,2011,1604.13232421875
mli,2012,584.5697021484375
mli,2013,913.3741455078125
mli,2014,1217.898193359375
mli,2015,1322.154541015625
mli,2016,12.134710311889648
mli,2017,388.4773254394531
mlt,2000,0.0
mlt,2001,0.0
mlt,2002,0.0
mlt,2003,0.0
mlt,2004,0.0
mlt,2005,0.0
mlt,2006,0.0
mlt,2007,0.0
mlt,2008,0.0
mlt,2009,0.0
mlt,2010,0.0
mlt,2011,0.0
mlt,2012,0.0
mlt,2013,0.0
mlt,2014,0.0
mlt,2015,0.0
mlt,2016,0.0
mlt,2017,0.0
mmr,2000,1640.902099609375
mmr,2001,4458.50048828125
mmr,2002,2451.791015625
mmr,2003,1796.0054931640625
mmr,2004,2182.098388671875
mmr,2005,1207.534912109375
mmr,2006,1655.6513671875
mmr,2007,2161.841552734375
mmr,2008,730.7401733398438
mmr,2009,747.1380004882812
mmr,2010,832.8240356445312
mmr,2011,1367.2459716796875
mmr,2012,1508.970703125
mmr,2013,1139.6710205078125
mmr,2014,598.8092651367188
mmr,2015,371.8512268066406
mmr,2016,15.206664085388184
mmr,2017,489.1714172363281
mne,2000,0.0
mne,2001,0.0
mne,2002,0.0
mne,2003,0.0
mne,2004,0.0
mne,2005,0.0
mne,2006,0.0
mne,2007,0.0
mne,2008,0.0
mne,2009,0.0
mne,2010,0.0
mne,2011,0.0
mne,2012,0.0
mne,2013,0.0
mne,2014,0.0
mne,2015,0.0
mne,2016,0.0
mne,2017,0.0
mng,2000,1.638424277305603
mng,2001,14.249066352844238
mng,2002,1.608141303062439
mng,2003,1.266825556755066
mng,2004,1.2506943941116333
mng,2005,1.235365390777588
mng,2006,1.2209492921829224
mng,2007,1.2061958312988281
mng,2008,0.8157456517219543
mng,2009,0.8098112940788269
mng,2010,0.8040170669555664
mng,2011,0.794103741645813
mng,2012,0.783309817314148
mng,2013,0.0
mng,2014,0.0
mng,2015,27.17024803161621
mng,2016,40.40104675292969
mng,2017,0.0
moz,2000,4894.73046875
moz,2001,4775.76025390625
moz,2002,4797.5732421875
moz,2003,6030.349609375
moz,2004,6231.984375
moz,2005,8368.962890625
moz,2006,112.64936065673828
moz,2007,389.86773681640625
moz,2008,449.65972900390625
moz,2009,148.8741912841797
moz,2010,1525.27197265625
moz,2011,854.092041015625
moz,2012,213.62646484375
moz,2013,318.4713439941406
moz,2014,118.48822021484375
moz,2015,415.55401611328125
moz,2016,374.0811767578125
moz,2017,301.3058166503906
mrt,2000,709.3839721679688
mrt,2001,1655.8662109375
mrt,2002,942.9370727539062
mrt,2003,932.0716552734375
mrt,2004,1295.8177490234375
mrt,2005,10.94140911102295
mrt,2006,101.98432159423828
mrt,2007,160.02993774414062
mrt,2008,197.45936584472656
mrt,2009,409.1075744628906
mrt,2010,1220.471435546875
mrt,2011,605.132568359375
mrt,2012,116.16608428955078
mrt,2013,174.907958984375
mrt,2014,198.2937774658203
mrt,2015,2.0761265754699707
mrt,2016,78.89189910888672
mrt,2017,162.0115509033203
mus,2000,0.0
mus,2001,0.0
mus,2002,0.0
mus,2003,0.0
mus,2004,0.0
mus,2005,0.0
mus,2006,0.0
mus,2007,0.0
mus,2008,0.0
mus,2009,0.0
mus,2010,0.0
mus,2011,0.0
mus,2012,0.0
mus,2013,0.0
mus,2014,0.0
mus,2015,0.0
mus,2016,0.0
mus,2017,0.0
mwi,2000,127.44007873535156
mwi,2001,241.35609436035156
mwi,2002,435.4718322753906
mwi,2003,606.4468994140625
mwi,2004,759.4129028320312
mwi,2005,895.1617431640625
mwi,2006,179.23533630371094
mwi,2007,312.2516784667969
mwi,2008,435.53131103515625
mwi,2009,85.97354125976562
mwi,2010,1317.132080078125
mwi,2011,263.4243469238281
mwi,2012,364.6214904785156
mwi,2013,478.9382019042969
mwi,2014,144.7868194580078
mwi,2015,237.06996154785156
mwi,2016,236.92196655273438
mwi,2017,307.3432922363281
mys,2000,0.0
mys,2001,0.0
mys,2002,0.0
mys,2003,0.0
mys,2004,0.0
mys,2005,0.0
mys,2006,0.0
mys,2007,0.0
mys,2008,0.0
mys,2009,0.0
mys,2010,0.0
mys,2011,0.0
mys,2012,0.0
mys,2013,0.0
mys,2014,0.0
mys,2015,0.0
mys,2016,0.0
mys,2017,0.0
nam,2000,3.116394519805908
nam,2001,2.069485902786255
nam,2002,50.954490661621094
nam,2003,39.228458404541016
nam,2004,2.853506088256836
nam,2005,5.834522724151611
nam,2006,12.8511323928833
nam,2007,16.394529342651367
nam,2008,22.219797134399414
nam,2009,54.050514221191406
nam,2010,40.1885986328125
nam,2011,47.824623107910156
nam,2012,54.91614532470703
nam,2013,1.1648130416870117
nam,2014,3.002347707748413
nam,2015,4.979943752288818
nam,2016,8.898858070373535
nam,2017,0.0
ner,2000,6625.1826171875
ner,2001,17912.619140625
ner,2002,9583.951171875
ner,2003,15089.2294921875
ner,2004,17465.005859375
ner,2005,341.6768493652344
ner,2006,569.6072387695312
ner,2007,750.3458251953125
ner,2008,945.3764038085938
ner,2009,192.3344268798828
ner,2010,423.10833740234375
ner,2011,222.62744140625
ner,2012,421.9866027832031
ner,2013,34.42803192138672
ner,2014,313.99737548828125
ner,2015,1582.8980712890625
ner,2016,377.3103332519531
ner,2017,529.5983276367188
nga,2000,155927.484375
nga,2001,123019.671875
nga,2002,53892.8203125
nga,2003,145480.96875
nga,2004,48501.48828125
nga,2005,111106.9140625
nga,2006,10090.787109375
nga,2007,6014.46142578125
nga,2008,13344.205078125
nga,2009,2266.973876953125
nga,2010,10558.01171875
nga,2011,17522.61328125
nga,2012,4512.34765625
nga,2013,41058.3671875
nga,2014,5823.359375
nga,2015,16185.9150390625
nga,2016,13956.5087890625
nga,2017,11383.0341796875
nic,2000,0.0
nic,2001,0.0
nic,2002,0.0
nic,2003,0.0
nic,2004,0.0
nic,2005,0.0
nic,2006,0.0
nic,2007,0.0
nic,2008,0.0
nic,2009,0.0
nic,2010,0.0
nic,2011,0.0
nic,2012,0.0
nic,2013,0.0
nic,2014,0.0
nic,2015,0.0
nic,2016,0.0
nic,2017,0.0
niu,2000,0.0
niu,2001,0.0
niu,2002,0.0
niu,2003,0.0
niu,2004,0.0
niu,2005,0.0
niu,2006,0.0
niu,2007,0.0
niu,2008,0.0
niu,2009,0.0
niu,2010,0.0
niu,2011,0.0
niu,2012,0.0
niu,2013,0.0
niu,2014,0.0
niu,2015,0.0
niu,2016,0.0
niu,2017,0.0
nld,2000,0.0
nld,2001,0.0
nld,2002,0.0
nld,2003,0.0
nld,2004,0.0
nld,2005,0.0
nld,2006,0.0
nld,2007,0.0
nld,2008,0.0
nld,2009,0.0
nld,2010,0.0
nld,2011,0.0
nld,2012,0.0
nld,2013,0.0
nld,2014,0.0
nld,2015,0.0
nld,2016,0.0
nld,2017,0.0
nor,2000,0.0
nor,2001,0.0
nor,2002,0.0
nor,2003,0.0
nor,2004,0.0
nor,2005,0.0
nor,2006,0.0
nor,2007,0.0
nor,2008,0.0
nor,2009,0.0
nor,2010,0.0
nor,2011,0.0
nor,2012,0.0
nor,2013,0.0
nor,2014,0.0
nor,2015,0.0
nor,2016,0.0
nor,2017,0.0
npl,2000,5478.189453125
npl,2001,6321.0673828125
npl,2002,4986.119140625
npl,2003,7087.25927734375
npl,2004,7350.65380859375
npl,2005,2001.5220947265625
npl,2006,805.100341796875
npl,2007,848.7725219726562
npl,2008,1005.0734252929688
npl,2009,362.8480529785156
npl,2010,417.18109130859375
npl,2011,642.5383911132812
npl,2012,975.3298950195312
npl,2013,19.45688819885254
npl,2014,30.734699249267578
npl,2015,57.11957550048828
npl,2016,81.93350219726562
npl,2017,30.814525604248047
nru,2000,0.0
nru,2001,0.0
nru,2002,0.0
nru,2003,0.0
nru,2004,0.0
nru,2005,0.0
nru,2006,0.0
nru,2007,0.0
nru,2008,0.0
nru,2009,0.0
nru,2010,0.0
nru,2011,0.0
nru,2012,0.0
nru,2013,0.0
nru,2014,0.0
nru,2015,0.0
nru,2016,0.0
nru,2017,0.0
nzl,2000,0.0
nzl,2001,0.0
nzl,2002,0.0
nzl,2003,0.0
nzl,2004,0.0
nzl,2005,0.0
nzl,2006,0.0
nzl,2007,0.0
nzl,2008,0.0
nzl,2009,0.0
nzl,2010,0.0
nzl,2011,0.0
nzl,2012,0.0
nzl,2013,0.0
nzl,2014,0.0
nzl,2015,0.0
nzl,2016,0.0
nzl,2017,0.0
omn,2000,0.0
omn,2001,0.0
omn,2002,0.0
omn,2003,0.0
omn,2004,0.0
omn,2005,0.0
omn,2006,0.0
omn,2007,0.0
omn,2008,0.0
omn,2009,0.0
omn,2010,0.0
omn,2011,0.0
omn,2012,0.0
omn,2013,0.0
omn,2014,0.0
omn,2015,0.0
omn,2016,0.0
omn,2017,0.0
pak,2000,3907.240966796875
pak,2001,5043.3466796875
pak,2002,5381.49560546875
pak,2003,6110.2353515625
pak,2004,4551.08251953125
pak,2005,3847.35986328125
pak,2006,4892.3154296875
pak,2007,3977.5283203125
pak,2008,1852.079345703125
pak,2009,748.1732788085938
pak,2010,4085.7919921875
pak,2011,4631.451171875
pak,2012,6028.8779296875
pak,2013,7295.71240234375
pak,2014,2362.44482421875
pak,2015,1131.2989501953125
pak,2016,2173.20263671875
pak,2017,5517.7646484375
pan,2000,0.0
pan,2001,0.0
pan,2002,0.0
pan,2003,0.0
pan,2004,0.0
pan,2005,0.0
pan,2006,0.0
pan,2007,0.0
pan,2008,0.0
pan,2009,0.0
pan,2010,0.0
pan,2011,0.0
pan,2012,0.0
pan,2013,0.0
pan,2014,0.0
pan,2015,0.0
pan,2016,0.0
pan,2017,0.0
per,2000,0.0
per,2001,0.0
per,2002,0.0
per,2003,0.0
per,2004,0.0
per,2005,0.0
per,2006,0.0
per,2007,0.0
per,2008,0.0
per,2009,0.0
per,2010,0.0
per,2011,0.0
per,2012,0.0
per,2013,0.0
per,2014,0.0
per,2015,0.0
per,2016,0.0
per,2017,0.0
phl,2000,88.43923950195312
phl,2001,268.4001770019531
phl,2002,512.990478515625
phl,2003,855.8414306640625
phl,2004,748.3687744140625
phl,2005,227.36781311035156
phl,2006,260.2760925292969
phl,2007,286.9278259277344
phl,2008,149.34310913085938
phl,2009,202.45120239257812
phl,2010,353.95635986328125
phl,2011,474.3232421875
phl,2012,208.83079528808594
phl,2013,277.2798767089844
phl,2014,1483.2733154296875
phl,2015,509.8453369140625
phl,2016,480.191162109375
phl,2017,454.66375732421875
plw,2000,0.0
plw,2001,0.0
plw,2002,0.0
plw,2003,0.0
plw,2004,0.0
plw,2005,0.0
plw,2006,0.0
plw,2007,0.0
plw,2008,0.0
plw,2009,0.0
plw,2010,0.0
plw,2011,0.0
plw,2012,0.0
plw,2013,0.0
plw,2014,0.0
plw,2015,0.0
plw,2016,0.0
plw,2017,0.0
png,2000,974.1311645507812
png,2001,868.0711669921875
png,2002,1528.970458984375
png,2003,886.5260620117188
png,2004,410.82171630859375
png,2005,254.21656799316406
png,2006,41.22869873046875
png,2007,63.628456115722656
png,2008,81.2176742553711
png,2009,88.72759246826172
png,2010,51.422821044921875
png,2011,68.35206604003906
png,2012,69.15505981445312
png,2013,37.081642150878906
png,2014,223.0159149169922
png,2015,138.97640991210938
png,2016,78.4270248413086
png,2017,86.65337371826172
pol,2000,0.0
pol,2001,0.0
pol,2002,0.0
pol,2003,0.0
pol,2004,0.0
pol,2005,0.0
pol,2006,0.0
pol,2007,0.0
pol,2008,0.0
pol,2009,0.0
pol,2010,0.0
pol,2011,0.0
pol,2012,0.0
pol,2013,0.0
pol,2014,0.0
pol,2015,0.0
pol,2016,0.0
pol,2017,0.0
prk,2000,6.546925067901611
prk,2001,6.906779766082764
prk,2002,7.1519670486450195
prk,2003,7.44399356842041
prk,2004,7.731539249420166
prk,2005,7.999648571014404
prk,2006,8.266477584838867
prk,2007,8.481405258178711
prk,2008,0.0
prk,2009,0.0
prk,2010,0.0
prk,2011,0.0
prk,2012,0.0
prk,2013,0.0
prk,2014,0.0
prk,2015,0.0
prk,2016,0.0
prk,2017,0.0
prt,2000,0.0
prt,2001,0.0
prt,2002,0.0
prt,2003,0.0
prt,2004,0.0
prt,2005,0.0
prt,2006,0.0
prt,2007,0.0
prt,2008,0.0
prt,2009,0.0
prt,2010,0.0
prt,2011,0.0
prt,2012,0.0
prt,2013,0.0
prt,2014,0.0
prt,2015,0.0
prt,2016,0.0
prt,2017,0.0
pry,2000,0.0
pry,2001,0.0
pry,2002,0.0
pry,2003,0.0
pry,2004,0.0
pry,2005,0.0
pry,2006,0.0
pry,2007,0.0
pry,2008,0.0
pry,2009,0.0
pry,2010,0.0
pry,2011,0.0
pry,2012,0.0
pry,2013,0.0
pry,2014,0.0
pry,2015,0.0
pry,2016,0.0
pry,2017,0.0
qat,2000,0.0
qat,2001,0.0
qat,2002,0.0
qat,2003,0.0
qat,2004,0.0
qat,2005,0.0
qat,2006,0.0
qat,2007,1.3802021741867065
qat,2008,0.5108242034912109
qat,2009,0.0
qat,2010,0.9924811124801636
qat,2011,0.6207399368286133
qat,2012,0.6577379107475281
qat,2013,0.0
qat,2014,0.0
qat,2015,0.0
qat,2016,0.0
qat,2017,0.0
rou,2000,0.0
rou,2001,0.0
rou,2002,0.0
rou,2003,0.0
rou,2004,0.0
rou,2005,9.632750511169434
rou,2006,2.023733139038086
rou,2007,0.0
rou,2008,0.0
rou,2009,0.0
rou,2010,0.0
rou,2011,0.0
rou,2012,3.297280788421631
rou,2013,0.0
rou,2014,0.0
rou,2015,0.0
rou,2016,4.3357086181640625
rou,2017,1.318864107131958
rus,2000,0.0
rus,2001,0.0
rus,2002,0.0
rus,2003,0.0
rus,2004,0.0
rus,2005,0.0
rus,2006,0.0
rus,2007,0.0
rus,2008,0.0
rus,2009,0.0
rus,2010,0.0
rus,2011,0.0
rus,2012,0.0
rus,2013,0.0
rus,2014,0.0
rus,2015,0.0
rus,2016,0.0
rus,2017,0.0
rwa,2000,569.3936767578125
rwa,2001,442.5718078613281
rwa,2002,577.757080078125
rwa,2003,368.5455017089844
rwa,2004,21.278518676757812
rwa,2005,93.27523803710938
rwa,2006,137.8968505859375
rwa,2007,52.42653274536133
rwa,2008,95.8353500366211
rwa,2009,113.0205078125
rwa,2010,54.095977783203125
rwa,2011,92.25662994384766
rwa,2012,112.31449890136719
rwa,2013,124.79070281982422
rwa,2014,1.6724820137023926
rwa,2015,6.902851581573486
rwa,2016,15.187121391296387
rwa,2017,22.461708068847656
sau,2000,17.484941482543945
sau,2001,5.52590799331665
sau,2002,3.4584579467773438
sau,2003,4.7422404289245605
sau,2004,7.400287628173828
sau,2005,2.101865291595459
sau,2006,3.0146143436431885
sau,2007,10.233731269836426
sau,2008,0.0
sau,2009,0.5534176826477051
sau,2010,0.9151670932769775
sau,2011,1.3148142099380493
sau,2012,0.0
sau,2013,0.5702016353607178
sau,2014,0.0
sau,2015,0.0
sau,2016,0.882331132888794
sau,2017,1.5092204809188843
sdn,2000,4488.30078125
sdn,2001,5884.60205078125
sdn,2002,6342.5283203125
sdn,2003,6209.25537109375
sdn,2004,2489.8173828125
sdn,2005,1068.5009765625
sdn,2006,795.8394775390625
sdn,2007,654.1478881835938
sdn,2008,645.2051391601562
sdn,2009,608.656005859375
sdn,2010,962.9574584960938
sdn,2011,1486.7598876953125
sdn,2012,2277.38916015625
sdn,2013,2852.945068359375
sdn,2014,28.319358825683594
sdn,2015,1077.1959228515625
sdn,2016,2147.370361328125
sdn,2017,1371.2349853515625
sen,2000,4020.52734375
sen,2001,8610.9921875
sen,2002,15768.03515625
sen,2003,3118.296142578125
sen,2004,28.275400161743164
sen,2005,214.6104278564453
sen,2006,270.9669189453125
sen,2007,89.58123779296875
sen,2008,241.47299194335938
sen,2009,751.567138671875
sen,2010,668.47216796875
sen,2011,407.15057373046875
sen,2012,403.1297912597656
sen,2013,386.57781982421875
sen,2014,5.171103000640869
sen,2015,82.61629486083984
sen,2016,133.92626953125
sen,2017,103.12897491455078
sgp,2000,0.0
sgp,2001,0.0
sgp,2002,0.0
sgp,2003,0.0
sgp,2004,0.0
sgp,2005,0.0
sgp,2006,0.0
sgp,2007,0.0
sgp,2008,0.0
sgp,2009,0.0
sgp,2010,0.0
sgp,2011,0.0
sgp,2012,0.0
sgp,2013,0.0
sgp,2014,0.0
sgp,2015,0.0
sgp,2016,0.0
sgp,2017,0.0
slb,2000,0.0
slb,2001,0.0
slb,2002,0.0
slb,2003,0.0
slb,2004,0.0
slb,2005,0.0
slb,2006,0.0
slb,2007,0.0
slb,2008,0.0
slb,2009,0.0
slb,2010,0.0
slb,2011,0.0
slb,2012,0.0
slb,2013,0.0
slb,2014,0.0
slb,2015,0.0
slb,2016,0.0
slb,2017,0.0
sle,2000,6946.5546875
sle,2001,6390.361328125
sle,2002,5803.36083984375
sle,2003,5237.62939453125
sle,2004,66.74901580810547
sle,2005,115.54301452636719
sle,2006,208.6530303955078
sle,2007,57.75077438354492
sle,2008,117.7160415649414
sle,2009,181.7173309326172
sle,2010,45.39806365966797
sle,2011,95.52149200439453
sle,2012,152.65994262695312
sle,2013,36.46061706542969
sle,2014,82.07614135742188
sle,2015,108.98785400390625
sle,2016,34.5030403137207
sle,2017,70.24369049072266
slv,2000,0.0
slv,2001,0.0
slv,2002,0.0
slv,2003,0.0
slv,2004,0.0
slv,2005,0.0
slv,2006,0.0
slv,2007,0.0
slv,2008,0.0
slv,2009,0.0
slv,2010,0.0
slv,2011,0.0
slv,2012,0.0
slv,2013,0.0
slv,2014,0.0
slv,2015,0.0
slv,2016,0.0
slv,2017,0.0
smr,2000,0.0
smr,2001,0.0
smr,2002,0.0
smr,2003,0.0
smr,2004,0.0
smr,2005,0.0
smr,2006,0.0
smr,2007,0.0
smr,2008,0.0
smr,2009,0.0
smr,2010,0.0
smr,2011,0.0
smr,2012,0.0
smr,2013,0.0
smr,2014,0.0
smr,2015,0.0
smr,2016,0.0
smr,2017,0.0
som,2000,11337.87109375
som,2001,10207.1611328125
som,2002,14079.2607421875
som,2003,23012.58984375
som,2004,17564.990234375
som,2005,11133.10546875
som,2006,1515.2183837890625
som,2007,3261.533447265625
som,2008,3101.791748046875
som,2009,3380.631591796875
som,2010,1833.34912109375
som,2011,24127.193359375
som,2012,14820.4052734375
som,2013,9026.2470703125
som,2014,27542.892578125
som,2015,21559.4921875
som,2016,16969.044921875
som,2017,11835.8330078125
srb,2000,0.0
srb,2001,0.0
srb,2002,0.0
srb,2003,0.0
srb,2004,0.0
srb,2005,0.0
srb,2006,0.0
srb,2007,0.0
srb,2008,0.0
srb,2009,0.0
srb,2010,0.0
srb,2011,0.0
srb,2012,0.0
srb,2013,0.0
srb,2014,0.0
srb,2015,0.0
srb,2016,0.0
srb,2017,0.0
ssd,2000,1193.0926513671875
ssd,2001,1564.2613525390625
ssd,2002,1685.988525390625
ssd,2003,1650.5615234375
ssd,2004,661.8501586914062
ssd,2005,284.03192138671875
ssd,2006,211.55226135253906
ssd,2007,173.8874053955078
ssd,2008,171.51023864746094
ssd,2009,161.7946319580078
ssd,2010,255.9760284423828
ssd,2011,395.21466064453125
ssd,2012,605.3819580078125
ssd,2013,758.3778076171875
ssd,2014,7.527930736541748
ssd,2015,286.34320068359375
ssd,2016,570.8200073242188
ssd,2017,364.5054931640625
stp,2000,0.8931229114532471
stp,2001,9.09562873840332
stp,2002,14.985612869262695
stp,2003,18.428468704223633
stp,2004,19.401248931884766
stp,2005,18.7520751953125
stp,2006,20.526100158691406
stp,2007,21.276857376098633
stp,2008,0.0
stp,2009,3.4766154289245605
stp,2010,8.427108764648438
stp,2011,12.863935470581055
stp,2012,15.831494331359863
stp,2013,5.622287750244141
stp,2014,6.773691654205322
stp,2015,7.17471170425415
stp,2016,7.445809364318848
stp,2017,0.0
sur,2000,0.0
sur,2001,0.0
sur,2002,0.0
sur,2003,0.0
sur,2004,0.0
sur,2005,0.0
sur,2006,0.0
sur,2007,0.0
sur,2008,0.0
sur,2009,0.0
sur,2010,0.0
sur,2011,0.0
sur,2012,0.0
sur,2013,0.0
sur,2014,0.0
sur,2015,0.0
sur,2016,0.0
sur,2017,0.0
svk,2000,0.0
svk,2001,0.0
svk,2002,0.0
svk,2003,0.0
svk,2004,0.0
svk,2005,0.0
svk,2006,0.0
svk,2007,0.0
svk,2008,0.0
svk,2009,0.0
svk,2010,0.0
svk,2011,0.0
svk,2012,0.0
svk,2013,0.0
svk,2014,0.0
svk,2015,0.0
svk,2016,0.0
svk,2017,0.0
svn,2000,0.0
svn,2001,0.0
svn,2002,0.0
svn,2003,0.0
svn,2004,0.0
svn,2005,0.0
svn,2006,0.0
svn,2007,0.0
svn,2008,0.0
svn,2009,0.0
svn,2010,0.0
svn,2011,0.0
svn,2012,0.0
svn,2013,0.0
svn,2014,0.0
svn,2015,0.0
svn,2016,0.0
svn,2017,0.0
swe,2000,0.0
swe,2001,0.0
swe,2002,0.0
swe,2003,0.0
swe,2004,0.0
swe,2005,0.0
swe,2006,0.0
swe,2007,0.0
swe,2008,0.0
swe,2009,0.0
swe,2010,0.0
swe,2011,0.0
swe,2012,0.0
swe,2013,0.0
swe,2014,0.0
swe,2015,0.0
swe,2016,0.0
swe,2017,0.0
swz,2000,0.0
swz,2001,0.8722882866859436
swz,2002,0.9708290696144104
swz,2003,0.5190945267677307
swz,2004,0.5403813123703003
swz,2005,0.5435106158256531
swz,2006,0.5368701815605164
swz,2007,0.0
swz,2008,0.0
swz,2009,0.868198573589325
swz,2010,0.0
swz,2011,0.0
swz,2012,0.867174506187439
swz,2013,0.8494415283203125
swz,2014,0.0
swz,2015,0.0
swz,2016,0.5988451838493347
swz,2017,0.0
syc,2000,0.0
syc,2001,0.0
syc,2002,0.0
syc,2003,0.0
syc,2004,0.0
syc,2005,0.0
syc,2006,0.0
syc,2007,0.0
syc,2008,0.0
syc,2009,0.0
syc,2010,0.0
syc,2011,0.0
syc,2012,0.0
syc,2013,0.0
syc,2014,0.0
syc,2015,0.0
syc,2016,0.0
syc,2017,0.0
syr,2000,17.480632781982422
syr,2001,112.66043853759766
syr,2002,106.4735107421875
syr,2003,131.69879150390625
syr,2004,80.4878158569336
syr,2005,126.035400390625
syr,2006,115.38860321044922
syr,2007,118.98099517822266
syr,2008,29.141937255859375
syr,2009,114.54956817626953
syr,2010,100.64734649658203
syr,2011,114.45381927490234
syr,2012,142.2470245361328
syr,2013,113.11420440673828
syr,2014,123.41256713867188
syr,2015,104.69993591308594
syr,2016,77.92069244384766
syr,2017,162.09866333007812
tcd,2000,3789.71044921875
tcd,2001,6368.326171875
tcd,2002,5716.18017578125
tcd,2003,4301.28173828125
tcd,2004,6505.84326171875
tcd,2005,2908.5673828125
tcd,2006,1073.03125
tcd,2007,306.14617919921875
tcd,2008,581.78759765625
tcd,2009,112.29744720458984
tcd,2010,263.17486572265625
tcd,2011,1132.252197265625
tcd,2012,644.8265380859375
tcd,2013,85.45492553710938
tcd,2014,402.5273132324219
tcd,2015,23.044204711914062
tcd,2016,215.48585510253906
tcd,2017,49.18033981323242
tgo,2000,2428.96337890625
tgo,2001,1651.9830322265625
tgo,2002,19.818470001220703
tgo,2003,203.76617431640625
tgo,2004,228.2240447998047
tgo,2005,46.42603302001953
tgo,2006,100.4604263305664
tgo,2007,149.9919891357422
tgo,2008,250.7090606689453
tgo,2009,156.1512451171875
tgo,2010,220.5130157470703
tgo,2011,100.80965423583984
tgo,2012,219.20077514648438
tgo,2013,387.3595275878906
tgo,2014,104.86630249023438
tgo,2015,134.83572387695312
tgo,2016,100.15330505371094
tgo,2017,130.5294952392578
tha,2000,48.826080322265625
tha,2001,91.14212799072266
tha,2002,125.97418975830078
tha,2003,61.4796142578125
tha,2004,50.370487213134766
tha,2005,42.63051223754883
tha,2006,46.897682189941406
tha,2007,46.32420349121094
tha,2008,99.37590026855469
tha,2009,73.67562103271484
tha,2010,37.12358093261719
tha,2011,37.50820541381836
tha,2012,62.81394958496094
tha,2013,35.78654098510742
tha,2014,16.100290298461914
tha,2015,6.8533244132995605
tha,2016,5.5517120361328125
tha,2017,11.050865173339844
tjk,2000,4.717368125915527
tjk,2001,3.398104429244995
tjk,2002,3.096712112426758
tjk,2003,4.065532207489014
tjk,2004,2.7306222915649414
tjk,2005,0.0
tjk,2006,0.0
tjk,2007,0.0
tjk,2008,0.0
tjk,2009,0.0
tjk,2010,0.0
tjk,2011,0.0
tjk,2012,0.0
tjk,2013,0.0
tjk,2014,0.0
tjk,2015,0.0
tjk,2016,0.0
tjk,2017,0.0
tkm,2000,0.0
tkm,2001,0.0
tkm,2002,0.0
tkm,2003,0.0
tkm,2004,0.0
tkm,2005,0.0
tkm,2006,0.0
tkm,2007,0.0
tkm,2008,0.0
tkm,2009,0.0
tkm,2010,0.0
tkm,2011,0.0
tkm,2012,0.0
tkm,2013,0.0
tkm,2014,0.0
tkm,2015,0.0
tkm,2016,0.0
tkm,2017,0.0
tls,2000,0.0
tls,2001,0.0
tls,2002,0.0
tls,2003,0.0
tls,2004,0.0
tls,2005,0.0
tls,2006,0.0
tls,2007,0.0
tls,2008,0.0
tls,2009,0.0
tls,2010,0.0
tls,2011,0.0
tls,2012,0.0
tls,2013,0.0
tls,2014,0.0
tls,2015,0.0
tls,2016,0.0
tls,2017,0.0
ton,2000,0.0
ton,2001,0.0
ton,2002,0.0
ton,2003,0.0
ton,2004,0.0
ton,2005,0.0
ton,2006,0.0
ton,2007,0.0
ton,2008,0.0
ton,2009,0.0
ton,2010,0.0
ton,2011,0.0
ton,2012,0.0
ton,2013,0.0
ton,2014,0.0
ton,2015,0.0
ton,2016,0.0
ton,2017,0.0
tto,2000,0.0
tto,2001,0.0
tto,2002,0.0
tto,2003,0.0
tto,2004,0.0
tto,2005,0.0
tto,2006,0.0
tto,2007,0.0
tto,2008,0.0
tto,2009,0.0
tto,2010,0.0
tto,2011,0.0
tto,2012,0.0
tto,2013,0.0
tto,2014,0.0
tto,2015,0.0
tto,2016,0.0
tto,2017,0.0
tun,2000,0.0
tun,2001,0.0
tun,2002,0.0
tun,2003,0.0
tun,2004,0.0
tun,2005,0.0
tun,2006,0.0
tun,2007,0.0
tun,2008,0.0
tun,2009,0.0
tun,2010,0.0
tun,2011,0.0
tun,2012,0.0
tun,2013,0.0
tun,2014,0.0
tun,2015,0.0
tun,2016,0.0
tun,2017,0.0
tur,2000,0.0
tur,2001,0.0
tur,2002,0.0
tur,2003,0.0
tur,2004,0.0
tur,2005,0.0
tur,2006,0.0
tur,2007,0.0
tur,2008,0.5508003830909729
tur,2009,0.0
tur,2010,0.0
tur,2011,0.0
tur,2012,0.0
tur,2013,3.42073655128479
tur,2014,0.0
tur,2015,0.0
tur,2016,0.0
tur,2017,0.0
tuv,2000,0.0
tuv,2001,0.0
tuv,2002,0.0
tuv,2003,0.0
tuv,2004,0.0
tuv,2005,0.0
tuv,2006,0.0
tuv,2007,0.0
tuv,2008,0.0
tuv,2009,0.0
tuv,2010,0.0
tuv,2011,0.0
tuv,2012,0.0
tuv,2013,0.0
tuv,2014,0.0
tuv,2015,0.0
tuv,2016,0.0
tuv,2017,0.0
tza,2000,3542.80224609375
tza,2001,3345.7509765625
tza,2002,1736.8988037109375
tza,2003,1281.3538818359375
tza,2004,990.2337036132812
tza,2005,840.82763671875
tza,2006,401.8357238769531
tza,2007,1249.554443359375
tza,2008,1295.103271484375
tza,2009,1149.542724609375
tza,2010,973.005615234375
tza,2011,1012.9649047851562
tza,2012,359.76202392578125
tza,2013,499.92877197265625
tza,2014,519.142333984375
tza,2015,7.222968101501465
tza,2016,32.98413848876953
tza,2017,65.07780456542969
uga,2000,11862.087890625
uga,2001,8584.43359375
uga,2002,12920.8232421875
uga,2003,9639.185546875
uga,2004,28.25863265991211
uga,2005,87.44783020019531
uga,2006,274.712158203125
uga,2007,501.42694091796875
uga,2008,570.74755859375
uga,2009,624.547607421875
uga,2010,142.5615692138672
uga,2011,288.03082275390625
uga,2012,404.8635559082031
uga,2013,147.7255096435547
uga,2014,186.7244415283203
uga,2015,267.3953552246094
uga,2016,72.47557067871094
uga,2017,147.25973510742188
ukr,2000,13.034424781799316
ukr,2001,16.706045150756836
ukr,2002,17.854869842529297
ukr,2003,16.418609619140625
ukr,2004,15.086579322814941
ukr,2005,14.642409324645996
ukr,2006,28.094724655151367
ukr,2007,25.900423049926758
ukr,2008,23.652381896972656
ukr,2009,21.210052490234375
ukr,2010,32.28876876831055
ukr,2011,31.14154815673828
ukr,2012,35.537967681884766
ukr,2013,34.67049789428711
ukr,2014,33.93620681762695
ukr,2015,31.914417266845703
ukr,2016,31.407684326171875
ukr,2017,31.325653076171875
ury,2000,0.0
ury,2001,0.0
ury,2002,0.0
ury,2003,0.0
ury,2004,0.0
ury,2005,0.0
ury,2006,0.0
ury,2007,0.0
ury,2008,0.0
ury,2009,0.0
ury,2010,0.0
ury,2011,0.0
ury,2012,0.0
ury,2013,0.0
ury,2014,0.0
ury,2015,0.0
ury,2016,0.0
ury,2017,0.0
usa,2000,1.7298541069030762
usa,2001,0.0
usa,2002,0.0
usa,2003,1.6930919885635376
usa,2004,0.0
usa,2005,1.6974247694015503
usa,2006,0.0
usa,2007,0.0
usa,2008,0.0
usa,2009,0.0
usa,2010,0.0
usa,2011,0.0
usa,2012,0.0
usa,2013,0.0
usa,2014,0.0
usa,2015,0.0
usa,2016,0.0
usa,2017,0.0
uzb,2000,4.6143341064453125
uzb,2001,2.2505691051483154
uzb,2002,1.4855338335037231
uzb,2003,1.6371631622314453
uzb,2004,1.620701551437378
uzb,2005,13.74558162689209
uzb,2006,16.06279754638672
uzb,2007,16.61669158935547
uzb,2008,0.0
uzb,2009,0.0
uzb,2010,1.2325704097747803
uzb,2011,8.308351516723633
uzb,2012,0.0
uzb,2013,0.0
uzb,2014,0.0
uzb,2015,0.0
uzb,2016,0.0
uzb,2017,0.0
vct,2000,0.0
vct,2001,0.0
vct,2002,0.0
vct,2003,0.0
vct,2004,0.0
vct,2005,0.0
vct,2006,0.0
vct,2007,0.0
vct,2008,0.0
vct,2009,0.0
vct,2010,0.0
vct,2011,0.0
vct,2012,0.0
vct,2013,0.0
vct,2014,0.0
vct,2015,0.0
vct,2016,0.0
vct,2017,0.0
ven,2000,0.0
ven,2001,0.0
ven,2002,2.4966866970062256
ven,2003,0.0
ven,2004,0.0
ven,2005,0.0
ven,2006,0.0
ven,2007,0.0
ven,2008,0.0
ven,2009,0.0
ven,2010,0.0
ven,2011,0.0
ven,2012,0.0
ven,2013,0.0
ven,2014,0.0
ven,2015,0.0
ven,2016,0.0
ven,2017,0.0
vnm,2000,2980.477294921875
vnm,2001,2443.919677734375
vnm,2002,2134.7705078125
vnm,2003,1063.2451171875
vnm,2004,478.9527587890625
vnm,2005,530.4066772460938
vnm,2006,716.1915893554688
vnm,2007,650.4990234375
vnm,2008,476.39990234375
vnm,2009,931.1937866210938
vnm,2010,826.9904174804688
vnm,2011,322.02838134765625
vnm,2012,319.3938903808594
vnm,2013,341.21514892578125
vnm,2014,2211.853271484375
vnm,2015,26.22461700439453
vnm,2016,37.2796630859375
vnm,2017,49.88127517700195
vut,2000,0.0
vut,2001,0.5148736238479614
vut,2002,1.7928980588912964
vut,2003,4.237673759460449
vut,2004,5.7353835105896
vut,2005,2.131443500518799
vut,2006,1.4251196384429932
vut,2007,0.0
vut,2008,0.0
vut,2009,0.5750719904899597
vut,2010,0.0
vut,2011,0.0
vut,2012,0.0
vut,2013,0.0
vut,2014,0.0
vut,2015,0.7957674264907837
vut,2016,0.0
vut,2017,0.0
wsm,2000,1.129059076309204
wsm,2001,3.451378345489502
wsm,2002,2.2402477264404297
wsm,2003,3.95230770111084
wsm,2004,1.9734728336334229
wsm,2005,7.175275802612305
wsm,2006,10.479865074157715
wsm,2007,6.7165021896362305
wsm,2008,9.099228858947754
wsm,2009,3.6145477294921875
wsm,2010,4.834253311157227
wsm,2011,7.736865520477295
wsm,2012,5.626327037811279
wsm,2013,3.2841455936431885
wsm,2014,3.9246602058410645
wsm,2015,5.0397114753723145
wsm,2016,5.024953365325928
wsm,2017,6.074082851409912
yem,2000,3859.058837890625
yem,2001,864.2362670898438
yem,2002,571.84765625
yem,2003,2172.526611328125
yem,2004,3198.899169921875
yem,2005,1822.3194580078125
yem,2006,2050.85498046875
yem,2007,10.801647186279297
yem,2008,65.45983123779297
yem,2009,124.4467544555664
yem,2010,202.2371826171875
yem,2011,626.65283203125
yem,2012,644.6377563476562
yem,2013,90.14640808105469
yem,2014,221.83326721191406
yem,2015,10.059235572814941
yem,2016,55.1888427734375
yem,2017,70.61392974853516
zaf,2000,384.485595703125
zaf,2001,225.93565368652344
zaf,2002,453.250732421875
zaf,2003,509.1437072753906
zaf,2004,648.2672119140625
zaf,2005,249.09243774414062
zaf,2006,346.9840087890625
zaf,2007,416.8554382324219
zaf,2008,123.86258697509766
zaf,2009,869.9918212890625
zaf,2010,2136.549560546875
zaf,2011,1428.2423095703125
zaf,2012,1042.532470703125
zaf,2013,851.4652709960938
zaf,2014,187.52159118652344
zaf,2015,292.1791076660156
zaf,2016,314.50701904296875
zaf,2017,400.5910949707031
zmb,2000,3785.40869140625
zmb,2001,2230.44482421875
zmb,2002,3434.857421875
zmb,2003,747.3744506835938
zmb,2004,5.8487772941589355
zmb,2005,101.35183715820312
zmb,2006,222.0599822998047
zmb,2007,231.6896514892578
zmb,2008,87.53962707519531
zmb,2009,147.79444885253906
zmb,2010,2402.0703125
zmb,2011,1808.44775390625
zmb,2012,744.386962890625
zmb,2013,6.521485328674316
zmb,2014,65.69963836669922
zmb,2015,103.19647216796875
zmb,2016,91.5008316040039
zmb,2017,0.7030467391014099
zwe,2000,123.83158111572266
zwe,2001,229.30374145507812
zwe,2002,324.9413757324219
zwe,2003,136.68849182128906
zwe,2004,249.02159118652344
zwe,2005,372.6385192871094
zwe,2006,449.043212890625
zwe,2007,128.46298217773438
zwe,2008,242.6984100341797
zwe,2009,379.1361999511719
zwe,2010,575.0103149414062
zwe,2011,521.7401123046875
zwe,2012,416.7389221191406
zwe,2013,117.17658996582031
zwe,2014,169.16690063476562
zwe,2015,229.17364501953125
zwe,2016,6.823031902313232
zwe,2017,11.675918579101562
