country,year,rneo9
afg,2000,4.380751132965088
afg,2001,4.374222755432129
afg,2002,4.380055904388428
afg,2003,4.3889479637146
afg,2004,4.359132289886475
afg,2005,4.2205915451049805
afg,2006,4.047402858734131
afg,2007,3.8766613006591797
afg,2008,3.712750196456909
afg,2009,3.5603878498077393
afg,2010,3.3974854946136475
afg,2011,3.2431275844573975
afg,2012,3.1076290607452393
afg,2013,2.996213674545288
afg,2014,2.895329475402832
afg,2015,2.797675609588623
afg,2016,2.698099374771118
afg,2017,2.6245217323303223
ago,2000,3.8343584537506104
ago,2001,3.7451655864715576
ago,2002,3.645994186401367
ago,2003,3.557589054107666
ago,2004,3.4662563800811768
ago,2005,3.348264694213867
ago,2006,3.220364570617676
ago,2007,3.089660882949829
ago,2008,2.958883285522461
ago,2009,2.844568967819214
ago,2010,2.7394402027130127
ago,2011,2.640033006668091
ago,2012,2.5407793521881104
ago,2013,2.4477620124816895
ago,2014,2.3675267696380615
ago,2015,2.297827959060669
ago,2016,2.2457494735717773
ago,2017,2.189862012863159
alb,2000,1.175592303276062
alb,2001,1.1000218391418457
alb,2002,1.0289174318313599
alb,2003,0.9642145037651062
alb,2004,0.8974233269691467
alb,2005,0.8297106623649597
alb,2006,0.7585440278053284
alb,2007,0.6893224716186523
alb,2008,0.6204723119735718
alb,2009,0.5622406601905823
alb,2010,0.5115194916725159
alb,2011,0.4667861759662628
alb,2012,0.43391117453575134
alb,2013,0.4124510586261749
alb,2014,0.39983686804771423
alb,2015,0.39661484956741333
alb,2016,0.3917922377586365
alb,2017,0.3937835097312927
and,2000,0.0
and,2001,0.0
and,2002,0.0
and,2003,0.0
and,2004,0.0
and,2005,0.0
and,2006,0.0
and,2007,0.0
and,2008,0.0
and,2009,0.0
and,2010,0.0
and,2011,0.0
and,2012,0.0
and,2013,0.0
and,2014,0.0
and,2015,0.0
and,2016,0.0
and,2017,0.0
are,2000,0.038301981985569
are,2001,0.03767521306872368
are,2002,0.03580030798912048
are,2003,0.033919062465429306
are,2004,0.033842943608760834
are,2005,0.03259281814098358
are,2006,0.03332224488258362
are,2007,0.03433682769536972
are,2008,0.03562719002366066
are,2009,0.035720761865377426
are,2010,0.03701779991388321
are,2011,0.03571068495512009
are,2012,0.03616565838456154
are,2013,0.035708196461200714
are,2014,0.03612644970417023
are,2015,0.03779001533985138
are,2016,0.03895077109336853
are,2017,0.03976169601082802
arg,2000,0.19518154859542847
arg,2001,0.19661670923233032
arg,2002,0.19337713718414307
arg,2003,0.21252918243408203
arg,2004,0.1540791243314743
arg,2005,0.18867306411266327
arg,2006,0.17383050918579102
arg,2007,0.15732765197753906
arg,2008,0.14050693809986115
arg,2009,0.15676414966583252
arg,2010,0.1575988382101059
arg,2011,0.16790413856506348
arg,2012,0.12267278134822845
arg,2013,0.10593026876449585
arg,2014,0.0659249797463417
arg,2015,0.08999797701835632
arg,2016,0.08420314639806747
arg,2017,0.07949115335941315
arm,2000,1.8018171787261963
arm,2001,1.6708762645721436
arm,2002,1.5229547023773193
arm,2003,1.3769183158874512
arm,2004,1.2331949472427368
arm,2005,1.1128331422805786
arm,2006,1.0111117362976074
arm,2007,0.9235100746154785
arm,2008,0.8444213271141052
arm,2009,0.773899495601654
arm,2010,0.7034325003623962
arm,2011,0.6376731395721436
arm,2012,0.5790618658065796
arm,2013,0.5222687125205994
arm,2014,0.47837021946907043
arm,2015,0.4396205246448517
arm,2016,0.4040800631046295
arm,2017,0.385596364736557
atg,2000,0.0
atg,2001,0.0
atg,2002,0.0
atg,2003,0.0
atg,2004,0.0
atg,2005,0.0
atg,2006,0.24833041429519653
atg,2007,0.2662195861339569
atg,2008,0.260176420211792
atg,2009,0.0
atg,2010,0.0
atg,2011,0.0
atg,2012,0.0
atg,2013,0.0
atg,2014,0.0
atg,2015,0.0
atg,2016,0.0
atg,2017,0.0
aus,2000,0.020733559504151344
aus,2001,0.012051774188876152
aus,2002,0.0128249516710639
aus,2003,0.0
aus,2004,0.0042045144364237785
aus,2005,0.007963772863149643
aus,2006,0.011757194064557552
aus,2007,0.015058779157698154
aus,2008,0.011087761260569096
aus,2009,0.003339988412335515
aus,2010,0.0
aus,2011,0.010254607535898685
aus,2012,0.007338493596762419
aus,2013,0.003304435173049569
aus,2014,0.007404733449220657
aus,2015,0.0
aus,2016,0.0033367443829774857
aus,2017,0.003224556101486087
aut,2000,0.037058714777231216
aut,2001,0.012352206744253635
aut,2002,0.0
aut,2003,0.0
aut,2004,0.012361977249383926
aut,2005,0.0
aut,2006,0.0
aut,2007,0.0
aut,2008,0.0
aut,2009,0.0
aut,2010,0.012098576873540878
aut,2011,0.0
aut,2012,0.0
aut,2013,0.0
aut,2014,0.0
aut,2015,0.0
aut,2016,0.0
aut,2017,0.0
aze,2000,1.9984989166259766
aze,2001,1.8937519788742065
aze,2002,1.788852334022522
aze,2003,1.6871273517608643
aze,2004,1.5894664525985718
aze,2005,1.497736930847168
aze,2006,1.41044282913208
aze,2007,1.331479787826538
aze,2008,1.2512078285217285
aze,2009,1.174560308456421
aze,2010,1.1036006212234497
aze,2011,1.0187580585479736
aze,2012,0.9378982186317444
aze,2013,0.8626774549484253
aze,2014,0.7928634285926819
aze,2015,0.7299436330795288
aze,2016,0.6740546822547913
aze,2017,0.6276094317436218
bdi,2000,3.0047390460968018
bdi,2001,2.9647727012634277
bdi,2002,2.909445285797119
bdi,2003,2.833601951599121
bdi,2004,2.7305288314819336
bdi,2005,2.605958938598633
bdi,2006,2.4712748527526855
bdi,2007,2.342784881591797
bdi,2008,2.22724986076355
bdi,2009,2.125941038131714
bdi,2010,2.038250207901001
bdi,2011,1.9601945877075195
bdi,2012,1.8802063465118408
bdi,2013,1.8078912496566772
bdi,2014,1.7410629987716675
bdi,2015,1.686059832572937
bdi,2016,1.6322144269943237
bdi,2017,1.5860508680343628
bel,2000,0.01791469193994999
bel,2001,0.03497787564992905
bel,2002,0.009735610336065292
bel,2003,0.017212480306625366
bel,2004,0.027817899361252785
bel,2005,0.0
bel,2006,0.008363733068108559
bel,2007,0.016086295247077942
bel,2008,0.0
bel,2009,0.0
bel,2010,0.00850601214915514
bel,2011,0.008424877189099789
bel,2012,0.015543157234787941
bel,2013,0.0
bel,2014,0.01597297564148903
bel,2015,0.009842898696660995
bel,2016,0.009624365717172623
bel,2017,0.009380660019814968
ben,2000,2.638085126876831
ben,2001,2.5675289630889893
ben,2002,2.4998159408569336
ben,2003,2.4367823600769043
ben,2004,2.3813583850860596
ben,2005,2.3274800777435303
ben,2006,2.2814300060272217
ben,2007,2.2470550537109375
ben,2008,2.229395866394043
ben,2009,2.2273781299591064
ben,2010,2.228498935699463
ben,2011,2.2229771614074707
ben,2012,2.2079882621765137
ben,2013,2.1863486766815186
ben,2014,2.1544113159179688
ben,2015,2.126262903213501
ben,2016,2.086719512939453
ben,2017,2.0585343837738037
bfa,2000,2.912036657333374
bfa,2001,2.838495969772339
bfa,2002,2.75104022026062
bfa,2003,2.6576077938079834
bfa,2004,2.5414845943450928
bfa,2005,2.4258992671966553
bfa,2006,2.315326452255249
bfa,2007,2.217634916305542
bfa,2008,2.135293483734131
bfa,2009,2.062523603439331
bfa,2010,1.9974180459976196
bfa,2011,1.9331361055374146
bfa,2012,1.8726638555526733
bfa,2013,1.8152457475662231
bfa,2014,1.7606154680252075
bfa,2015,1.7091577053070068
bfa,2016,1.6630133390426636
bfa,2017,1.6259877681732178
bgd,2000,3.3586630821228027
bgd,2001,3.197355270385742
bgd,2002,3.0356972217559814
bgd,2003,2.8802285194396973
bgd,2004,2.723567008972168
bgd,2005,2.567807912826538
bgd,2006,2.412731885910034
bgd,2007,2.26037335395813
bgd,2008,2.107081174850464
bgd,2009,1.954089879989624
bgd,2010,1.8079473972320557
bgd,2011,1.6724482774734497
bgd,2012,1.548438310623169
bgd,2013,1.4414657354354858
bgd,2014,1.3485753536224365
bgd,2015,1.2597007751464844
bgd,2016,1.1711146831512451
bgd,2017,1.1051359176635742
bgr,2000,0.47484469413757324
bgr,2001,0.5351220369338989
bgr,2002,0.5885469913482666
bgr,2003,0.4940681457519531
bgr,2004,0.47183001041412354
bgr,2005,0.5182602405548096
bgr,2006,0.4206388592720032
bgr,2007,0.20864328742027283
bgr,2008,0.41215476393699646
bgr,2009,0.3912205994129181
bgr,2010,0.39968588948249817
bgr,2011,0.20184384286403656
bgr,2012,0.22249965369701385
bgr,2013,0.22710978984832764
bgr,2014,0.2178780734539032
bgr,2015,0.19996267557144165
bgr,2016,0.19088993966579437
bgr,2017,0.18230947852134705
bhr,2000,0.0
bhr,2001,0.0
bhr,2002,0.0
bhr,2003,0.0
bhr,2004,0.0
bhr,2005,0.06367112696170807
bhr,2006,0.09097552299499512
bhr,2007,0.0
bhr,2008,0.0
bhr,2009,0.0
bhr,2010,0.0
bhr,2011,0.0
bhr,2012,0.0
bhr,2013,0.07098735123872757
bhr,2014,0.0
bhr,2015,0.021029772236943245
bhr,2016,0.020850270986557007
bhr,2017,0.020403124392032623
bhs,2000,1.6879304647445679
bhs,2001,1.3839555978775024
bhs,2002,1.303876519203186
bhs,2003,0.772035539150238
bhs,2004,0.6441834568977356
bhs,2005,0.9645616412162781
bhs,2006,1.2665174007415771
bhs,2007,1.7036583423614502
bhs,2008,1.9856493473052979
bhs,2009,1.4928743839263916
bhs,2010,0.9683150053024292
bhs,2011,0.38659539818763733
bhs,2012,0.509597897529602
bhs,2013,0.5974169969558716
bhs,2014,0.5108252167701721
bhs,2015,0.4213431179523468
bhs,2016,0.3871491849422455
bhs,2017,0.37005117535591125
bih,2000,0.37973499298095703
bih,2001,0.3538816571235657
bih,2002,0.3315548896789551
bih,2003,0.31415286660194397
bih,2004,0.2959246337413788
bih,2005,0.2814384996891022
bih,2006,0.2677183449268341
bih,2007,0.2548152506351471
bih,2008,0.2448451817035675
bih,2009,0.23058219254016876
bih,2010,0.2202267050743103
bih,2011,0.20897535979747772
bih,2012,0.1996615082025528
bih,2013,0.18849578499794006
bih,2014,0.1805182546377182
bih,2015,0.17393800616264343
bih,2016,0.16663415729999542
bih,2017,0.16160686314105988
blr,2000,0.41141149401664734
blr,2001,0.35604408383369446
blr,2002,0.30615437030792236
blr,2003,0.2590748369693756
blr,2004,0.21648955345153809
blr,2005,0.1735515594482422
blr,2006,0.13669367134571075
blr,2007,0.1062355786561966
blr,2008,0.08417059481143951
blr,2009,0.06870083510875702
blr,2010,0.05956194922327995
blr,2011,0.054241836071014404
blr,2012,0.05215678736567497
blr,2013,0.050150271505117416
blr,2014,0.04730915278196335
blr,2015,0.044376716017723083
blr,2016,0.04151473194360733
blr,2017,0.04011952131986618
blz,2000,0.15614618360996246
blz,2001,0.1447480022907257
blz,2002,0.290451318025589
blz,2003,0.3317548930644989
blz,2004,0.4078952968120575
blz,2005,0.39911746978759766
blz,2006,0.541828453540802
blz,2007,0.6193719506263733
blz,2008,0.5991184711456299
blz,2009,0.35748666524887085
blz,2010,0.2818053662776947
blz,2011,0.20737561583518982
blz,2012,0.3573929965496063
blz,2013,0.22707735002040863
blz,2014,0.33741331100463867
blz,2015,0.28595396876335144
blz,2016,0.37778398394584656
blz,2017,0.28270846605300903
bol,2000,2.093351364135742
bol,2001,2.019465923309326
bol,2002,1.95695960521698
bol,2003,1.9029303789138794
bol,2004,1.8477355241775513
bol,2005,1.7881488800048828
bol,2006,1.720743179321289
bol,2007,1.6462640762329102
bol,2008,1.5647722482681274
bol,2009,1.486554503440857
bol,2010,1.4231843948364258
bol,2011,1.3669782876968384
bol,2012,1.318015694618225
bol,2013,1.2715396881103516
bol,2014,1.2219500541687012
bol,2015,1.183639407157898
bol,2016,1.1339967250823975
bol,2017,1.091612696647644
bra,2000,0.6458595991134644
bra,2001,0.4918857216835022
bra,2002,0.46371936798095703
bra,2003,0.39637666940689087
bra,2004,0.37383970618247986
bra,2005,0.3321160674095154
bra,2006,0.290713906288147
bra,2007,0.2809370756149292
bra,2008,0.27966105937957764
bra,2009,0.23798368871212006
bra,2010,0.21989265084266663
bra,2011,0.22230494022369385
bra,2012,0.2146802842617035
bra,2013,0.2022651880979538
bra,2014,0.16582825779914856
bra,2015,0.15839265286922455
bra,2016,0.17421744763851166
bra,2017,0.15336215496063232
brb,2000,0.0
brb,2001,0.0
brb,2002,0.0
brb,2003,0.0
brb,2004,0.15165892243385315
brb,2005,0.15251140296459198
brb,2006,0.15320032835006714
brb,2007,0.0
brb,2008,0.0
brb,2009,0.0
brb,2010,0.0
brb,2011,0.0
brb,2012,0.0
brb,2013,0.0
brb,2014,0.0
brb,2015,0.0
brb,2016,0.0
brb,2017,0.0
brn,2000,0.08426479250192642
brn,2001,0.08402018994092941
brn,2002,0.0837133452296257
brn,2003,0.08322665095329285
brn,2004,0.0850110799074173
brn,2005,0.08377896994352341
brn,2006,0.08191855251789093
brn,2007,0.08210042864084244
brn,2008,0.0817762240767479
brn,2009,0.08102117478847504
brn,2010,0.09897809475660324
brn,2011,0.11393815279006958
brn,2012,0.08657584339380264
brn,2013,0.10345221310853958
brn,2014,0.060790274292230606
brn,2015,0.0850493460893631
brn,2016,0.04540948197245598
brn,2017,0.06672277301549911
btn,2000,2.251436471939087
btn,2001,2.105395793914795
btn,2002,1.9712964296340942
btn,2003,1.853014588356018
btn,2004,1.7550899982452393
btn,2005,1.6636762619018555
btn,2006,1.5728046894073486
btn,2007,1.4895026683807373
btn,2008,1.3989402055740356
btn,2009,1.3200973272323608
btn,2010,1.2414923906326294
btn,2011,1.1743366718292236
btn,2012,1.115471601486206
btn,2013,1.0593252182006836
btn,2014,1.0003694295883179
btn,2015,0.9534708261489868
btn,2016,0.9113756418228149
btn,2017,0.8750209808349609
bwa,2000,1.6517609357833862
bwa,2001,1.683342695236206
bwa,2002,1.7273821830749512
bwa,2003,1.7746611833572388
bwa,2004,1.8191356658935547
bwa,2005,1.8515945672988892
bwa,2006,1.8708165884017944
bwa,2007,1.8769036531448364
bwa,2008,1.8592114448547363
bwa,2009,1.8292222023010254
bwa,2010,1.7906049489974976
bwa,2011,1.7522045373916626
bwa,2012,1.7100180387496948
bwa,2013,1.6573680639266968
bwa,2014,1.6079732179641724
bwa,2015,1.5525195598602295
bwa,2016,1.498202919960022
bwa,2017,1.4507274627685547
caf,2000,3.623875141143799
caf,2001,3.5955159664154053
caf,2002,3.5451059341430664
caf,2003,3.51037335395813
caf,2004,3.4919934272766113
caf,2005,3.4993062019348145
caf,2006,3.518744945526123
caf,2007,3.541708469390869
caf,2008,3.5435984134674072
caf,2009,3.5202786922454834
caf,2010,3.477790117263794
caf,2011,3.4398305416107178
caf,2012,3.3815577030181885
caf,2013,3.3311569690704346
caf,2014,3.2502918243408203
caf,2015,3.170215368270874
caf,2016,3.092876672744751
caf,2017,3.029475212097168
can,2000,0.02007855661213398
can,2001,0.012723146937787533
can,2002,0.010588204488158226
can,2003,0.011320180259644985
can,2004,0.008823301643133163
can,2005,0.009197537787258625
can,2006,0.01150647085160017
can,2007,0.013723417185246944
can,2008,0.006856278982013464
can,2009,0.01233998779207468
can,2010,0.009518347680568695
can,2011,0.008716884069144726
can,2012,0.010374856181442738
can,2013,0.010538170114159584
can,2014,0.01044979877769947
can,2015,0.010337368585169315
can,2016,0.010190604254603386
can,2017,0.010001083835959435
che,2000,0.023785334080457687
che,2001,0.023146769031882286
che,2002,0.02277747541666031
che,2003,0.02171517163515091
che,2004,0.02100275084376335
che,2005,0.020024433732032776
che,2006,0.018791431561112404
che,2007,0.018491381779313087
che,2008,0.01790275238454342
che,2009,0.017234990373253822
che,2010,0.016708513721823692
che,2011,0.016418807208538055
che,2012,0.015992946922779083
che,2013,0.015340609475970268
che,2014,0.014792555943131447
che,2015,0.014224627055227757
che,2016,0.014142689295113087
che,2017,0.014022075571119785
chl,2000,0.13900795578956604
chl,2001,0.12095997482538223
chl,2002,0.13684384524822235
chl,2003,0.10555567592382431
chl,2004,0.09813813120126724
chl,2005,0.1456812620162964
chl,2006,0.1103556826710701
chl,2007,0.09656231105327606
chl,2008,0.07235901802778244
chl,2009,0.09085369855165482
chl,2010,0.052625127136707306
chl,2011,0.1194012314081192
chl,2012,0.04620697349309921
chl,2013,0.07940199971199036
chl,2014,0.07816997915506363
chl,2015,0.05117135867476463
chl,2016,0.06779944896697998
chl,2017,0.0661831796169281
chn,2000,3.222378969192505
chn,2001,2.825643539428711
chn,2002,2.4522507190704346
chn,2003,2.1727375984191895
chn,2004,1.8744940757751465
chn,2005,1.5450550317764282
chn,2006,1.2561569213867188
chn,2007,1.0045191049575806
chn,2008,0.8576394319534302
chn,2009,0.7393001914024353
chn,2010,0.6361880898475647
chn,2011,0.5793294310569763
chn,2012,0.5117400884628296
chn,2013,0.4438383877277374
chn,2014,0.3805156946182251
chn,2015,0.31782880425453186
chn,2016,0.2935177683830261
chn,2017,0.27297329902648926
civ,2000,3.1760590076446533
civ,2001,3.137877941131592
civ,2002,3.1016178131103516
civ,2003,3.055058240890503
civ,2004,3.0010979175567627
civ,2005,2.923137903213501
civ,2006,2.8478853702545166
civ,2007,2.762155771255493
civ,2008,2.689401865005493
civ,2009,2.6309752464294434
civ,2010,2.581357002258301
civ,2011,2.533846378326416
civ,2012,2.4748735427856445
civ,2013,2.4303529262542725
civ,2014,2.379814624786377
civ,2015,2.337733507156372
civ,2016,2.284040927886963
civ,2017,2.245481252670288
cmr,2000,2.3908445835113525
cmr,2001,2.353874444961548
cmr,2002,2.33467960357666
cmr,2003,2.32680082321167
cmr,2004,2.321619749069214
cmr,2005,2.315675735473633
cmr,2006,2.300097942352295
cmr,2007,2.281869888305664
cmr,2008,2.2499711513519287
cmr,2009,2.208749771118164
cmr,2010,2.1612300872802734
cmr,2011,2.10974383354187
cmr,2012,2.0533764362335205
cmr,2013,2.0028181076049805
cmr,2014,1.953524112701416
cmr,2015,1.9105387926101685
cmr,2016,1.8729373216629028
cmr,2017,1.8336209058761597
cod,2000,2.7916955947875977
cod,2001,2.7747464179992676
cod,2002,2.763639211654663
cod,2003,2.7280988693237305
cod,2004,2.6704492568969727
cod,2005,2.5922062397003174
cod,2006,2.518476963043213
cod,2007,2.4490349292755127
cod,2008,2.384148597717285
cod,2009,2.3266565799713135
cod,2010,2.2780392169952393
cod,2011,2.23738694190979
cod,2012,2.1943774223327637
cod,2013,2.1524817943573
cod,2014,2.1123270988464355
cod,2015,2.081369400024414
cod,2016,2.036288022994995
cod,2017,2.000993490219116
cog,2000,2.2437796592712402
cog,2001,2.206132650375366
cog,2002,2.1423497200012207
cog,2003,2.057466983795166
cog,2004,1.9608334302902222
cog,2005,1.8619879484176636
cog,2006,1.7631808519363403
cog,2007,1.6758455038070679
cog,2008,1.5929954051971436
cog,2009,1.5261131525039673
cog,2010,1.471824288368225
cog,2011,1.4308239221572876
cog,2012,1.3940236568450928
cog,2013,1.3595260381698608
cog,2014,1.3260031938552856
cog,2015,1.2941492795944214
cog,2016,1.2606714963912964
cog,2017,1.2345901727676392
cok,2000,0.2091006487607956
cok,2001,0.15626658499240875
cok,2002,0.1556667536497116
cok,2003,0.15496745705604553
cok,2004,0.15523095428943634
cok,2005,0.10269015282392502
cok,2006,0.1021636351943016
cok,2007,0.1000298410654068
cok,2008,0.09919331222772598
cok,2009,0.09713205695152283
cok,2010,0.0944993793964386
cok,2011,0.09314601123332977
cok,2012,0.04565685987472534
cok,2013,0.04490676522254944
cok,2014,0.043987538665533066
cok,2015,0.043748289346694946
cok,2016,0.04336431249976158
cok,2017,0.043658964335918427
col,2000,0.5867415070533752
col,2001,0.4786279499530792
col,2002,0.5593989491462708
col,2003,0.4879436194896698
col,2004,0.5158720016479492
col,2005,0.4769902229309082
col,2006,0.5242853164672852
col,2007,0.44811227917671204
col,2008,0.3854685425758362
col,2009,0.42065897583961487
col,2010,0.3375788629055023
col,2011,0.36139631271362305
col,2012,0.40530622005462646
col,2013,0.33725735545158386
col,2014,0.3434949517250061
col,2015,0.33236587047576904
col,2016,0.3209565579891205
col,2017,0.3104163408279419
com,2000,2.8194239139556885
com,2001,2.8283448219299316
com,2002,2.828524351119995
com,2003,2.8294107913970947
com,2004,2.800149440765381
com,2005,2.76098895072937
com,2006,2.7039332389831543
com,2007,2.650829315185547
com,2008,2.60001277923584
com,2009,2.530496835708618
com,2010,2.472654104232788
com,2011,2.4228670597076416
com,2012,2.354043960571289
com,2013,2.283989191055298
com,2014,2.2205467224121094
com,2015,2.1493875980377197
com,2016,2.083709955215454
com,2017,2.040818929672241
cpv,2000,0.7990535497665405
cpv,2001,0.7093526124954224
cpv,2002,0.6568880677223206
cpv,2003,0.6378403902053833
cpv,2004,0.6416223049163818
cpv,2005,0.6580352783203125
cpv,2006,0.6845011711120605
cpv,2007,0.6991044282913208
cpv,2008,0.7113794684410095
cpv,2009,0.7117387652397156
cpv,2010,0.7046393752098083
cpv,2011,0.6866737008094788
cpv,2012,0.658354640007019
cpv,2013,0.6245250105857849
cpv,2014,0.5854352116584778
cpv,2015,0.5438626408576965
cpv,2016,0.5033738613128662
cpv,2017,0.47460898756980896
cri,2000,0.24023976922035217
cri,2001,0.30550429224967957
cri,2002,0.2875298857688904
cri,2003,0.32395458221435547
cri,2004,0.22464942932128906
cri,2005,0.16971758008003235
cri,2006,0.26242974400520325
cri,2007,0.1746852546930313
cri,2008,0.19843769073486328
cri,2009,0.08232297003269196
cri,2010,0.14470383524894714
cri,2011,0.20273709297180176
cri,2012,0.2569424510002136
cri,2013,0.14112427830696106
cri,2014,0.13387858867645264
cri,2015,0.17094704508781433
cri,2016,0.16719475388526917
cri,2017,0.16346438229084015
cub,2000,0.12815895676612854
cub,2001,0.33547648787498474
cub,2002,0.4133946895599365
cub,2003,0.37937626242637634
cub,2004,0.3741708993911743
cub,2005,0.25015535950660706
cub,2006,0.2393185794353485
cub,2007,0.2998652458190918
cub,2008,0.27548304200172424
cub,2009,0.3446776270866394
cub,2010,0.24451033771038055
cub,2011,0.2330058068037033
cub,2012,0.20797528326511383
cub,2013,0.18908879160881042
cub,2014,0.23833546042442322
cub,2015,0.23511408269405365
cub,2016,0.20694594085216522
cub,2017,0.20005641877651215
cyp,2000,0.0
cyp,2001,0.0
cyp,2002,0.0
cyp,2003,0.0
cyp,2004,0.0
cyp,2005,0.0
cyp,2006,0.0
cyp,2007,0.0
cyp,2008,0.0
cyp,2009,0.0
cyp,2010,0.0
cyp,2011,0.0
cyp,2012,0.0
cyp,2013,0.0
cyp,2014,0.0
cyp,2015,0.0
cyp,2016,0.0
cyp,2017,0.0
cze,2000,0.03534076735377312
cze,2001,0.04962775111198425
cze,2002,0.019652890041470528
cze,2003,0.09617321193218231
cze,2004,0.010459178127348423
cze,2005,0.04344464838504791
cze,2006,0.05353115126490593
cze,2007,0.026499710977077484
cze,2008,0.06298165768384933
cze,2009,0.03734787553548813
cze,2010,0.06192060187458992
cze,2011,0.02678804285824299
cze,2012,0.009314444847404957
cze,2013,0.03186503425240517
cze,2014,0.028420191258192062
cze,2015,0.039315562695264816
cze,2016,0.03522346541285515
cze,2017,0.03666936606168747
deu,2000,0.008486593142151833
deu,2001,0.010444138199090958
deu,2002,0.008638523519039154
deu,2003,0.01028134860098362
deu,2004,0.00903176050633192
deu,2005,0.014762552455067635
deu,2006,0.006298481952399015
deu,2007,0.01022074930369854
deu,2008,0.012829245999455452
deu,2009,0.003205826273187995
deu,2010,0.011006170883774757
deu,2011,0.010502061806619167
deu,2012,0.009616854600608349
deu,2013,0.010813206434249878
deu,2014,0.0058522457256913185
deu,2015,0.007036040537059307
deu,2016,0.007934275083243847
deu,2017,0.007834961637854576
dji,2000,3.0857717990875244
dji,2001,3.017615556716919
dji,2002,2.937196731567383
dji,2003,2.843602180480957
dji,2004,2.7415778636932373
dji,2005,2.6411478519439697
dji,2006,2.5502898693084717
dji,2007,2.4679439067840576
dji,2008,2.4018537998199463
dji,2009,2.341053009033203
dji,2010,2.2783679962158203
dji,2011,2.2242536544799805
dji,2012,2.1698968410491943
dji,2013,2.114919662475586
dji,2014,2.0557358264923096
dji,2015,2.001851797103882
dji,2016,1.9451732635498047
dji,2017,1.9059953689575195
dma,2000,0.0
dma,2001,0.0
dma,2002,0.0
dma,2003,0.0
dma,2004,0.0
dma,2005,0.0
dma,2006,1.0454002618789673
dma,2007,1.0380749702453613
dma,2008,1.0267692804336548
dma,2009,0.0
dma,2010,0.0
dma,2011,0.25519508123397827
dma,2012,0.25161755084991455
dma,2013,0.24836787581443787
dma,2014,0.0
dma,2015,0.0
dma,2016,0.0
dma,2017,0.0
dnk,2000,0.012526016682386398
dnk,2001,0.033320169895887375
dnk,2002,0.016599861904978752
dnk,2003,0.0
dnk,2004,0.031144792214035988
dnk,2005,0.0
dnk,2006,0.01749093271791935
dnk,2007,0.018713591620326042
dnk,2008,0.0
dnk,2009,0.0
dnk,2010,0.00361111992970109
dnk,2011,0.007302871905267239
dnk,2012,0.003493466880172491
dnk,2013,0.0038807105738669634
dnk,2014,0.003548806067556143
dnk,2015,0.011272705160081387
dnk,2016,0.011337311938405037
dnk,2017,0.011359388008713722
dom,2000,1.3283230066299438
dom,2001,1.319386601448059
dom,2002,1.3267594575881958
dom,2003,1.3236424922943115
dom,2004,1.3183072805404663
dom,2005,1.315338134765625
dom,2006,1.3101651668548584
dom,2007,1.3046633005142212
dom,2008,1.294628381729126
dom,2009,1.2818455696105957
dom,2010,1.2664271593093872
dom,2011,1.251193881034851
dom,2012,1.233507752418518
dom,2013,1.2117305994033813
dom,2014,1.1846221685409546
dom,2015,1.153844952583313
dom,2016,1.1194645166397095
dom,2017,1.0884649753570557
dza,2000,1.1425025463104248
dza,2001,1.133175015449524
dza,2002,1.118353009223938
dza,2003,1.0953433513641357
dza,2004,1.0650227069854736
dza,2005,1.0353695154190063
dza,2006,1.007536768913269
dza,2007,0.9825130701065063
dza,2008,0.9581214189529419
dza,2009,0.9320287108421326
dza,2010,0.9041988849639893
dza,2011,0.879737377166748
dza,2012,0.8608372807502747
dza,2013,0.8467564582824707
dza,2014,0.8331882953643799
dza,2015,0.8184750080108643
dza,2016,0.8016587495803833
dza,2017,0.7860644459724426
ecu,2000,0.4221699833869934
ecu,2001,0.3987669348716736
ecu,2002,0.37923285365104675
ecu,2003,0.36197829246520996
ecu,2004,0.34675973653793335
ecu,2005,0.33330628275871277
ecu,2006,0.32000863552093506
ecu,2007,0.30731695890426636
ecu,2008,0.2948707640171051
ecu,2009,0.28321656584739685
ecu,2010,0.2727566659450531
ecu,2011,0.26347532868385315
ecu,2012,0.25538524985313416
ecu,2013,0.24824389815330505
ecu,2014,0.2184903770685196
ecu,2015,0.2580719292163849
ecu,2016,0.22906938195228577
ecu,2017,0.22271470725536346
egy,2000,1.6718499660491943
egy,2001,1.5258220434188843
egy,2002,1.4053980112075806
egy,2003,1.3063808679580688
egy,2004,1.2187652587890625
egy,2005,1.125960350036621
egy,2006,1.0324875116348267
egy,2007,0.9416354298591614
egy,2008,0.8594598770141602
egy,2009,0.7879470586776733
egy,2010,0.7252733111381531
egy,2011,0.674782931804657
egy,2012,0.6299645304679871
egy,2013,0.5928146243095398
egy,2014,0.5650945901870728
egy,2015,0.5377141833305359
egy,2016,0.5145297050476074
egy,2017,0.4963185787200928
eri,2000,2.050281047821045
eri,2001,1.9807955026626587
eri,2002,1.9187023639678955
eri,2003,1.8600353002548218
eri,2004,1.8049829006195068
eri,2005,1.7499216794967651
eri,2006,1.7003788948059082
eri,2007,1.6530555486679077
eri,2008,1.6048152446746826
eri,2009,1.5566022396087646
eri,2010,1.5078775882720947
eri,2011,1.4664664268493652
eri,2012,1.4275952577590942
eri,2013,1.3918921947479248
eri,2014,1.3542762994766235
eri,2015,1.3162107467651367
eri,2016,1.281018853187561
eri,2017,1.2564677000045776
esp,2000,0.013668788596987724
esp,2001,0.01574418693780899
esp,2002,0.029589293524622917
esp,2003,0.02532965876162052
esp,2004,0.016024427488446236
esp,2005,0.011725302785634995
esp,2006,0.03660724684596062
esp,2007,0.021893123164772987
esp,2008,0.014892706647515297
esp,2009,0.018039947375655174
esp,2010,0.013610808178782463
esp,2011,0.009351962246000767
esp,2012,0.01596667617559433
esp,2013,0.01229800097644329
esp,2014,0.02897549420595169
esp,2015,0.02053382247686386
esp,2016,0.01902923174202442
esp,2017,0.018342189490795135
est,2000,0.36212125420570374
est,2001,0.2407054603099823
est,2002,0.09513597190380096
est,2003,0.07921487838029861
est,2004,0.0
est,2005,0.0
est,2006,0.07948789745569229
est,2007,0.0
est,2008,0.050853125751018524
est,2009,0.06220032274723053
est,2010,0.07100402563810349
est,2011,0.0
est,2012,0.05946255475282669
est,2013,0.10444227606058121
est,2014,0.0
est,2015,0.0
est,2016,0.024185771122574806
est,2017,0.021756358444690704
eth,2000,4.275871276855469
eth,2001,4.233640193939209
eth,2002,4.177310466766357
eth,2003,4.0996198654174805
eth,2004,3.9940757751464844
eth,2005,3.873366355895996
eth,2006,3.7452571392059326
eth,2007,3.603527069091797
eth,2008,3.4599478244781494
eth,2009,3.3016159534454346
eth,2010,3.13969349861145
eth,2011,2.9831931591033936
eth,2012,2.8335416316986084
eth,2013,2.6851842403411865
eth,2014,2.5513198375701904
eth,2015,2.4315078258514404
eth,2016,2.329143762588501
eth,2017,2.259219169616699
fin,2000,0.0
fin,2001,0.031509969383478165
fin,2002,0.0546332411468029
fin,2003,0.07370243966579437
fin,2004,0.0583028569817543
fin,2005,0.0431811660528183
fin,2006,0.049586452543735504
fin,2007,0.034111279994249344
fin,2008,0.03288984298706055
fin,2009,0.033074766397476196
fin,2010,0.047191817313432693
fin,2011,0.04009127989411354
fin,2012,0.013858390040695667
fin,2013,0.013811815530061722
fin,2014,0.013924196362495422
fin,2015,0.019120914861559868
fin,2016,0.010008195415139198
fin,2017,0.014987959526479244
fji,2000,0.42479774355888367
fji,2001,0.42835038900375366
fji,2002,0.43729907274246216
fji,2003,0.45412009954452515
fji,2004,0.4723683297634125
fji,2005,0.48928871750831604
fji,2006,0.499916136264801
fji,2007,0.4999508261680603
fji,2008,0.49487563967704773
fji,2009,0.48941725492477417
fji,2010,0.4852616786956787
fji,2011,0.48223236203193665
fji,2012,0.48243117332458496
fji,2013,0.4861200153827667
fji,2014,0.49305418133735657
fji,2015,0.5041003227233887
fji,2016,0.5215490460395813
fji,2017,0.533100426197052
fra,2000,0.009575189091265202
fra,2001,0.010747664608061314
fra,2002,0.010116294026374817
fra,2003,0.008575237356126308
fra,2004,0.002801271853968501
fra,2005,0.00882998201996088
fra,2006,0.005721451714634895
fra,2007,0.002772531472146511
fra,2008,0.00537579832598567
fra,2009,0.00818889681249857
fra,2010,0.005410779267549515
fra,2011,0.0029229524079710245
fra,2012,0.007138827349990606
fra,2013,0.004314097575843334
fra,2014,0.0074407123029232025
fra,2015,0.006537236738950014
fra,2016,0.0065884036011993885
fra,2017,0.006587415002286434
fsm,2000,1.643287181854248
fsm,2001,1.6179332733154297
fsm,2002,1.5701805353164673
fsm,2003,1.5165878534317017
fsm,2004,1.488629698753357
fsm,2005,1.433258295059204
fsm,2006,1.3909748792648315
fsm,2007,1.3371663093566895
fsm,2008,1.302689790725708
fsm,2009,1.2631961107254028
fsm,2010,1.1965596675872803
fsm,2011,1.1721092462539673
fsm,2012,1.1439688205718994
fsm,2013,1.0901880264282227
fsm,2014,1.0570762157440186
fsm,2015,1.021926760673523
fsm,2016,0.9854475855827332
fsm,2017,0.9544900059700012
gab,2000,1.8607966899871826
gab,2001,1.8521666526794434
gab,2002,1.8431631326675415
gab,2003,1.8238431215286255
gab,2004,1.8018450736999512
gab,2005,1.7775806188583374
gab,2006,1.7540172338485718
gab,2007,1.7279677391052246
gab,2008,1.6949352025985718
gab,2009,1.6576229333877563
gab,2010,1.6163990497589111
gab,2011,1.5757935047149658
gab,2012,1.535400629043579
gab,2013,1.4927548170089722
gab,2014,1.4496859312057495
gab,2015,1.4053761959075928
gab,2016,1.3625833988189697
gab,2017,1.3318805694580078
gbr,2000,0.04715571179986
gbr,2001,0.06541537493467331
gbr,2002,0.050242338329553604
gbr,2003,0.05438101664185524
gbr,2004,0.03797919675707817
gbr,2005,0.04947695508599281
gbr,2006,0.04582520201802254
gbr,2007,0.04802223667502403
gbr,2008,0.05182640254497528
gbr,2009,0.04627144709229469
gbr,2010,0.051740240305662155
gbr,2011,0.03850105032324791
gbr,2012,0.038164444267749786
gbr,2013,0.028140727430582047
gbr,2014,0.04632345214486122
gbr,2015,0.04007592424750328
gbr,2016,0.037134718149900436
gbr,2017,0.03670916333794594
geo,2000,2.5174381732940674
geo,2001,2.2448527812957764
geo,2002,1.9722344875335693
geo,2003,1.716944932937622
geo,2004,1.4829461574554443
geo,2005,1.2820683717727661
geo,2006,1.1023751497268677
geo,2007,0.9508053660392761
geo,2008,0.8249045610427856
geo,2009,0.7217499613761902
geo,2010,0.6337113976478577
geo,2011,0.5590345859527588
geo,2012,0.4920116662979126
geo,2013,0.43090614676475525
geo,2014,0.37791746854782104
geo,2015,0.3307146728038788
geo,2016,0.2934916615486145
geo,2017,0.2711404263973236
gha,2000,2.624598264694214
gha,2001,2.5590007305145264
gha,2002,2.498195171356201
gha,2003,2.443965196609497
gha,2004,2.3935186862945557
gha,2005,2.3486599922180176
gha,2006,2.3058643341064453
gha,2007,2.258715867996216
gha,2008,2.206035614013672
gha,2009,2.1420154571533203
gha,2010,2.0714168548583984
gha,2011,1.9980024099349976
gha,2012,1.9229857921600342
gha,2013,1.8467063903808594
gha,2014,1.7741020917892456
gha,2015,1.7027901411056519
gha,2016,1.6331202983856201
gha,2017,1.579261064529419
gin,2000,3.408480644226074
gin,2001,3.238924264907837
gin,2002,3.0978341102600098
gin,2003,2.972041606903076
gin,2004,2.8597991466522217
gin,2005,2.738959312438965
gin,2006,2.6077303886413574
gin,2007,2.4673140048980713
gin,2008,2.328606367111206
gin,2009,2.204042673110962
gin,2010,2.102376699447632
gin,2011,2.0218236446380615
gin,2012,1.9525424242019653
gin,2013,1.8848551511764526
gin,2014,1.827597975730896
gin,2015,1.782068133354187
gin,2016,1.74256432056427
gin,2017,1.7125273942947388
gmb,2000,2.7858102321624756
gmb,2001,2.7243480682373047
gmb,2002,2.6574738025665283
gmb,2003,2.5986623764038086
gmb,2004,2.5357720851898193
gmb,2005,2.476680278778076
gmb,2006,2.4191572666168213
gmb,2007,2.3587067127227783
gmb,2008,2.3011293411254883
gmb,2009,2.2531166076660156
gmb,2010,2.197122097015381
gmb,2011,2.140768051147461
gmb,2012,2.0810153484344482
gmb,2013,2.0253450870513916
gmb,2014,1.9764478206634521
gmb,2015,1.9276235103607178
gmb,2016,1.8798227310180664
gmb,2017,1.834712266921997
gnb,2000,4.026054382324219
gnb,2001,3.9924092292785645
gnb,2002,3.9560534954071045
gnb,2003,3.9219610691070557
gnb,2004,3.8773727416992188
gnb,2005,3.819257974624634
gnb,2006,3.7354068756103516
gnb,2007,3.6271703243255615
gnb,2008,3.5032424926757812
gnb,2009,3.38238263130188
gnb,2010,3.270609140396118
gnb,2011,3.172484874725342
gnb,2012,3.0748581886291504
gnb,2013,2.9823970794677734
gnb,2014,2.89265513420105
gnb,2015,2.8104019165039062
gnb,2016,2.731804847717285
gnb,2017,2.6752448081970215
gnq,2000,3.1246562004089355
gnq,2001,3.0774552822113037
gnq,2002,3.0340704917907715
gnq,2003,3.0010623931884766
gnq,2004,2.947286605834961
gnq,2005,2.881227970123291
gnq,2006,2.8106908798217773
gnq,2007,2.740665912628174
gnq,2008,2.6762571334838867
gnq,2009,2.6163077354431152
gnq,2010,2.5532984733581543
gnq,2011,2.501269817352295
gnq,2012,2.4549572467803955
gnq,2013,2.4112372398376465
gnq,2014,2.368546724319458
gnq,2015,2.3233094215393066
gnq,2016,2.2746200561523438
gnq,2017,2.234499216079712
grc,2000,0.029883164912462234
grc,2001,0.03007117658853531
grc,2002,0.01811935380101204
grc,2003,0.04192531481385231
grc,2004,0.009869109839200974
grc,2005,0.04456350579857826
grc,2006,0.0
grc,2007,0.0
grc,2008,0.020274687558412552
grc,2009,0.017601491883397102
grc,2010,0.014980712905526161
grc,2011,0.0
grc,2012,0.0
grc,2013,0.00990599300712347
grc,2014,0.03289103880524635
grc,2015,0.01588895544409752
grc,2016,0.016680918633937836
grc,2017,0.01732845976948738
grd,2000,0.0
grd,2001,0.0
grd,2002,0.0
grd,2003,0.0
grd,2004,0.0
grd,2005,0.0
grd,2006,0.0
grd,2007,0.0
grd,2008,0.0
grd,2009,0.0
grd,2010,0.3338242471218109
grd,2011,0.31972917914390564
grd,2012,0.6502253413200378
grd,2013,0.6180559396743774
grd,2014,0.9276430010795593
grd,2015,0.6087529063224792
grd,2016,0.3543216586112976
grd,2017,0.0
gtm,2000,1.5205544233322144
gtm,2001,1.4626268148422241
gtm,2002,1.406103253364563
gtm,2003,1.353482961654663
gtm,2004,1.3031121492385864
gtm,2005,1.257841944694519
gtm,2006,1.2165504693984985
gtm,2007,1.1772141456604004
gtm,2008,1.136381983757019
gtm,2009,1.090373158454895
gtm,2010,1.0338953733444214
gtm,2011,0.9834457635879517
gtm,2012,0.9362804889678955
gtm,2013,0.896513819694519
gtm,2014,0.8572278618812561
gtm,2015,0.8219010829925537
gtm,2016,0.7896647453308105
gtm,2017,0.7623412013053894
guy,2000,0.6663376092910767
guy,2001,1.0164254903793335
guy,2002,0.7839511632919312
guy,2003,0.1323796957731247
guy,2004,0.34518465399742126
guy,2005,0.7932166457176208
guy,2006,0.7413559556007385
guy,2007,0.4483545422554016
guy,2008,0.6663751006126404
guy,2009,0.6882124543190002
guy,2010,0.3879600763320923
guy,2011,0.8491950035095215
guy,2012,0.18135370314121246
guy,2013,1.9611780643463135
guy,2014,0.9999529123306274
guy,2015,0.9726203680038452
guy,2016,0.9408867955207825
guy,2017,0.9103652834892273
hnd,2000,0.8372167348861694
hnd,2001,0.7797313332557678
hnd,2002,0.7237141132354736
hnd,2003,0.6749218702316284
hnd,2004,0.6396783590316772
hnd,2005,0.612967848777771
hnd,2006,0.6042202711105347
hnd,2007,0.5991741418838501
hnd,2008,0.5899749398231506
hnd,2009,0.5739261507987976
hnd,2010,0.5463505387306213
hnd,2011,0.5209042429924011
hnd,2012,0.5033538937568665
hnd,2013,0.49198001623153687
hnd,2014,0.48341625928878784
hnd,2015,0.47423815727233887
hnd,2016,0.4604145288467407
hnd,2017,0.44443953037261963
hrv,2000,0.2542905807495117
hrv,2001,0.14237970113754272
hrv,2002,0.025721779093146324
hrv,2003,0.14626547694206238
hrv,2004,0.22440266609191895
hrv,2005,0.19799667596817017
hrv,2006,0.1275108903646469
hrv,2007,0.16267718374729156
hrv,2008,0.12737981975078583
hrv,2009,0.03936423361301422
hrv,2010,0.07480807602405548
hrv,2011,0.04785661771893501
hrv,2012,0.06505374610424042
hrv,2013,0.10070744901895523
hrv,2014,0.02119585871696472
hrv,2015,0.0
hrv,2016,0.03943287208676338
hrv,2017,0.03845670074224472
hti,2000,2.3507423400878906
hti,2001,2.3124170303344727
hti,2002,2.280472993850708
hti,2003,2.2493739128112793
hti,2004,2.210710287094116
hti,2005,2.16256046295166
hti,2006,2.123516798019409
hti,2007,2.1014564037323
hti,2008,2.093832492828369
hti,2009,2.078958749771118
hti,2010,2.2007737159729004
hti,2011,2.0161478519439697
hti,2012,1.9899367094039917
hti,2013,1.9644989967346191
hti,2014,1.9448329210281372
hti,2015,1.918076992034912
hti,2016,1.8908227682113647
hti,2017,1.8615779876708984
hun,2000,0.15438814461231232
hun,2001,0.05332750454545021
hun,2002,0.0820174366235733
hun,2003,0.09619873762130737
hun,2004,0.06348396092653275
hun,2005,0.13885250687599182
hun,2006,0.10668277740478516
hun,2007,0.12002250552177429
hun,2008,0.08982803672552109
hun,2009,0.10713557153940201
hun,2010,0.04332654923200607
hun,2011,0.06096033379435539
hun,2012,0.0658888965845108
hun,2013,0.05649653449654579
hun,2014,0.07594572007656097
hun,2015,0.050830088555812836
hun,2016,0.05327322334051132
hun,2017,0.04995158687233925
idn,2000,1.412725806236267
idn,2001,1.3538538217544556
idn,2002,1.299978494644165
idn,2003,1.2503329515457153
idn,2004,1.208974838256836
idn,2005,1.1595243215560913
idn,2006,1.1187831163406372
idn,2007,1.079360842704773
idn,2008,1.0316699743270874
idn,2009,0.9767197370529175
idn,2010,0.9231374859809875
idn,2011,0.8744667768478394
idn,2012,0.8344516754150391
idn,2013,0.7985852360725403
idn,2014,0.7667809724807739
idn,2015,0.735733687877655
idn,2016,0.7083647847175598
idn,2017,0.6843361258506775
ind,2000,3.1036994457244873
ind,2001,2.9698774814605713
ind,2002,2.8323235511779785
ind,2003,2.693840503692627
ind,2004,2.5595264434814453
ind,2005,2.429271697998047
ind,2006,2.305537462234497
ind,2007,2.186697244644165
ind,2008,2.0718929767608643
ind,2009,1.9573882818222046
ind,2010,1.8445491790771484
ind,2011,1.7333168983459473
ind,2012,1.6258587837219238
ind,2013,1.5236812829971313
ind,2014,1.4279617071151733
ind,2015,1.339345932006836
ind,2016,1.2837284803390503
ind,2017,1.2333481311798096
irl,2000,0.01676935888826847
irl,2001,0.016201753169298172
irl,2002,0.015433963388204575
irl,2003,0.014494932256639004
irl,2004,0.013482843525707722
irl,2005,0.012360029853880405
irl,2006,0.011448443867266178
irl,2007,0.01698322780430317
irl,2008,0.0
irl,2009,0.01472538337111473
irl,2010,0.05319106951355934
irl,2011,0.013180827721953392
irl,2012,0.0
irl,2013,0.007824807427823544
irl,2014,0.014935031533241272
irl,2015,0.0074992491863667965
irl,2016,0.007327522616833448
irl,2017,0.00710294721648097
irn,2000,1.0180460214614868
irn,2001,0.9565681219100952
irn,2002,0.9022089838981628
irn,2003,0.8550637364387512
irn,2004,0.8123940229415894
irn,2005,0.7720358967781067
irn,2006,0.7340028285980225
irn,2007,0.6977042555809021
irn,2008,0.6631868481636047
irn,2009,0.6283975839614868
irn,2010,0.5950227975845337
irn,2011,0.564717173576355
irn,2012,0.5378907918930054
irn,2013,0.5157060623168945
irn,2014,0.49467939138412476
irn,2015,0.4742041826248169
irn,2016,0.4539666175842285
irn,2017,0.4371177852153778
irq,2000,1.568155288696289
irq,2001,1.5327175855636597
irq,2002,1.4964851140975952
irq,2003,1.462607741355896
irq,2004,1.433615803718567
irq,2005,1.4035636186599731
irq,2006,1.3743619918823242
irq,2007,1.3440512418746948
irq,2008,1.3172305822372437
irq,2009,1.2906087636947632
irq,2010,1.2604788541793823
irq,2011,1.223089337348938
irq,2012,1.1863646507263184
irq,2013,1.1511905193328857
irq,2014,1.1168228387832642
irq,2015,1.0818485021591187
irq,2016,1.0447694063186646
irq,2017,1.0116738080978394
isl,2000,0.0
isl,2001,0.0
isl,2002,0.0
isl,2003,0.0
isl,2004,0.0
isl,2005,0.0
isl,2006,0.0
isl,2007,0.0
isl,2008,0.0
isl,2009,0.0
isl,2010,0.0
isl,2011,0.0
isl,2012,0.0
isl,2013,0.0
isl,2014,0.0
isl,2015,0.0
isl,2016,0.0
isl,2017,0.0
isr,2000,0.039156779646873474
isr,2001,0.02394009381532669
isr,2002,0.013846093788743019
isr,2003,0.014274726621806622
isr,2004,0.026970146223902702
isr,2005,0.022619109600782394
isr,2006,0.007991318590939045
isr,2007,0.0071954745799303055
isr,2008,0.007156558334827423
isr,2009,0.006405193358659744
isr,2010,0.0
isr,2011,0.0
isr,2012,0.005929073318839073
isr,2013,0.012533268891274929
isr,2014,0.0
isr,2015,0.005959967151284218
isr,2016,0.005817522760480642
isr,2017,0.00564834289252758
ita,2000,0.020062310621142387
ita,2001,0.005482728127390146
ita,2002,0.011287663131952286
ita,2003,0.007949723862111568
ita,2004,0.014874720945954323
ita,2005,0.018445191904902458
ita,2006,0.01287667453289032
ita,2007,0.013395269401371479
ita,2008,0.005464034620672464
ita,2009,0.005174707621335983
ita,2010,0.0074889520183205605
ita,2011,0.011613537557423115
ita,2012,0.0019530629506334662
ita,2013,0.009967691265046597
ita,2014,0.01481299102306366
ita,2015,0.008590145967900753
ita,2016,0.008310766890645027
ita,2017,0.008052286691963673
jam,2000,0.41550949215888977
jam,2001,0.40434762835502625
jam,2002,0.3920580744743347
jam,2003,0.3800220489501953
jam,2004,0.3685648739337921
jam,2005,0.3338063061237335
jam,2006,0.326938658952713
jam,2007,0.37291404604911804
jam,2008,0.40680718421936035
jam,2009,0.4304252564907074
jam,2010,0.25060009956359863
jam,2011,0.3159758150577545
jam,2012,0.319914847612381
jam,2013,0.31081175804138184
jam,2014,0.3009631037712097
jam,2015,0.2919849753379822
jam,2016,0.28307151794433594
jam,2017,0.2738213837146759
jor,2000,0.7310569882392883
jor,2001,0.69431072473526
jor,2002,0.65916907787323
jor,2003,0.6230645179748535
jor,2004,0.586787223815918
jor,2005,0.552752673625946
jor,2006,0.5211155414581299
jor,2007,0.4936792552471161
jor,2008,0.4714968502521515
jor,2009,0.4572405219078064
jor,2010,0.4476335644721985
jor,2011,0.44162264466285706
jor,2012,0.4353179931640625
jor,2013,0.42483824491500854
jor,2014,0.41271787881851196
jor,2015,0.39635169506073
jor,2016,0.3800523281097412
jor,2017,0.3675296902656555
jpn,2000,0.02200220339000225
jpn,2001,0.02656649798154831
jpn,2002,0.026865961030125618
jpn,2003,0.023005273193120956
jpn,2004,0.021562624722719193
jpn,2005,0.01990720070898533
jpn,2006,0.01764107681810856
jpn,2007,0.02075854502618313
jpn,2008,0.016340676695108414
jpn,2009,0.01753735914826393
jpn,2010,0.015782732516527176
jpn,2011,0.023358896374702454
jpn,2012,0.023686867207288742
jpn,2013,0.014525745995342731
jpn,2014,0.00621399562805891
jpn,2015,0.01381513848900795
jpn,2016,0.01069832406938076
jpn,2017,0.010358059778809547
kaz,2000,1.1298184394836426
kaz,2001,1.072951316833496
kaz,2002,1.0242283344268799
kaz,2003,0.9692137241363525
kaz,2004,0.90629643201828
kaz,2005,0.8401601910591125
kaz,2006,0.7709761261940002
kaz,2007,0.7030642628669739
kaz,2008,0.6502874493598938
kaz,2009,0.6131609082221985
kaz,2010,0.5763421058654785
kaz,2011,0.522297203540802
kaz,2012,0.44924935698509216
kaz,2013,0.3780355751514435
kaz,2014,0.3240396976470947
kaz,2015,0.29046982526779175
kaz,2016,0.2758072018623352
kaz,2017,0.2755841016769409
ken,2000,2.439790964126587
ken,2001,2.395883560180664
ken,2002,2.3349738121032715
ken,2003,2.2659363746643066
ken,2004,2.186103582382202
ken,2005,2.101078510284424
ken,2006,2.0087366104125977
ken,2007,1.915856957435608
ken,2008,1.826802134513855
ken,2009,1.7529438734054565
ken,2010,1.6911935806274414
ken,2011,1.6410095691680908
ken,2012,1.6011555194854736
ken,2013,1.5634046792984009
ken,2014,1.5236848592758179
ken,2015,1.4817166328430176
ken,2016,1.4361566305160522
ken,2017,1.4067513942718506
kgz,2000,2.0031144618988037
kgz,2001,2.019221782684326
kgz,2002,1.6152544021606445
kgz,2003,1.7212576866149902
kgz,2004,1.2546566724777222
kgz,2005,1.1637252569198608
kgz,2006,0.8906823396682739
kgz,2007,0.9030961394309998
kgz,2008,0.7488295435905457
kgz,2009,0.6321135759353638
kgz,2010,0.687938392162323
kgz,2011,0.5348564386367798
kgz,2012,0.5348994135856628
kgz,2013,0.5350431203842163
kgz,2014,0.48099878430366516
kgz,2015,0.4564504623413086
kgz,2016,0.4317091703414917
kgz,2017,0.4082959294319153
khm,2000,2.6408958435058594
khm,2001,2.4707202911376953
khm,2002,2.284655809402466
khm,2003,2.095482587814331
khm,2004,1.9229925870895386
khm,2005,1.7770695686340332
khm,2006,1.6554198265075684
khm,2007,1.5461759567260742
khm,2008,1.4407100677490234
khm,2009,1.3482820987701416
khm,2010,1.2608908414840698
khm,2011,1.1788229942321777
khm,2012,1.1097365617752075
khm,2013,1.0368950366973877
khm,2014,0.9687592387199402
khm,2015,0.9103306531906128
khm,2016,0.8603466749191284
khm,2017,0.8240321278572083
kir,2000,1.9071617126464844
kir,2001,1.8740719556808472
kir,2002,1.8357950448989868
kir,2003,1.789965033531189
kir,2004,1.7725170850753784
kir,2005,1.7168141603469849
kir,2006,1.682827115058899
kir,2007,1.6601934432983398
kir,2008,1.667457938194275
kir,2009,1.6372015476226807
kir,2010,1.6142023801803589
kir,2011,1.5738661289215088
kir,2012,1.5427192449569702
kir,2013,1.5202513933181763
kir,2014,1.5044859647750854
kir,2015,1.4713466167449951
kir,2016,1.4393507242202759
kir,2017,1.4138482809066772
kna,2000,0.0
kna,2001,0.0
kna,2002,0.0
kna,2003,0.0
kna,2004,0.0
kna,2005,0.0
kna,2006,0.0
kna,2007,0.0
kna,2008,0.23747797310352325
kna,2009,0.21929071843624115
kna,2010,0.22893773019313812
kna,2011,0.0
kna,2012,0.15884961187839508
kna,2013,0.46296295523643494
kna,2014,0.4672103524208069
kna,2015,0.48692455887794495
kna,2016,0.352073609828949
kna,2017,0.4773845672607422
kor,2000,0.06755204498767853
kor,2001,0.032491534948349
kor,2002,0.03754250705242157
kor,2003,0.021057840436697006
kor,2004,0.03569437935948372
kor,2005,0.016617314890027046
kor,2006,0.020365362986922264
kor,2007,0.011212685145437717
kor,2008,0.004925432614982128
kor,2009,0.010508604347705841
kor,2010,0.006755444221198559
kor,2011,0.004738247022032738
kor,2012,0.0022723875008523464
kor,2013,0.004841543268412352
kor,2014,0.012119355611503124
kor,2015,0.002679018536582589
kor,2016,0.006226404570043087
kor,2017,0.006052852142602205
kwt,2000,0.09544024616479874
kwt,2001,0.06965118646621704
kwt,2002,0.08699797093868256
kwt,2003,0.10986578464508057
kwt,2004,0.021645642817020416
kwt,2005,0.043629810214042664
kwt,2006,0.020930742844939232
kwt,2007,0.06042344868183136
kwt,2008,0.056773580610752106
kwt,2009,0.046943631023168564
kwt,2010,0.01874941773712635
kwt,2011,0.06943140178918839
kwt,2012,0.043753642588853836
kwt,2013,0.01819647289812565
kwt,2014,0.0
kwt,2015,0.0187956802546978
kwt,2016,0.01814078912138939
kwt,2017,0.01751820743083954
lao,2000,3.4362080097198486
lao,2001,3.3893141746520996
lao,2002,3.3362932205200195
lao,2003,3.2611892223358154
lao,2004,3.1705806255340576
lao,2005,3.064894676208496
lao,2006,2.9443228244781494
lao,2007,2.809839963912964
lao,2008,2.685849905014038
lao,2009,2.5791308879852295
lao,2010,2.485445261001587
lao,2011,2.3935329914093018
lao,2012,2.30935001373291
lao,2013,2.2336318492889404
lao,2014,2.167163133621216
lao,2015,2.1079323291778564
lao,2016,2.050794839859009
lao,2017,2.003124475479126
lbn,2000,0.5775394439697266
lbn,2001,0.5455095767974854
lbn,2002,0.5107477307319641
lbn,2003,0.47148627042770386
lbn,2004,0.4226008355617523
lbn,2005,0.36982211470603943
lbn,2006,0.31303879618644714
lbn,2007,0.2654971778392792
lbn,2008,0.22484362125396729
lbn,2009,0.19613823294639587
lbn,2010,0.17566797137260437
lbn,2011,0.16191168129444122
lbn,2012,0.15362800657749176
lbn,2013,0.14687910676002502
lbn,2014,0.1405496746301651
lbn,2015,0.13333189487457275
lbn,2016,0.12331720441579819
lbn,2017,0.11924411356449127
lbr,2000,3.1015448570251465
lbr,2001,3.015658378601074
lbr,2002,2.9281184673309326
lbr,2003,2.8225347995758057
lbr,2004,2.7036266326904297
lbr,2005,2.580904722213745
lbr,2006,2.4538352489471436
lbr,2007,2.323812484741211
lbr,2008,2.2032313346862793
lbr,2009,2.1067755222320557
lbr,2010,2.0219030380249023
lbr,2011,1.9480077028274536
lbr,2012,1.885847568511963
lbr,2013,1.8365652561187744
lbr,2014,1.7944281101226807
lbr,2015,1.7449672222137451
lbr,2016,1.6870019435882568
lbr,2017,1.6500736474990845
lby,2000,0.5294494032859802
lby,2001,0.5228359699249268
lby,2002,0.5154616236686707
lby,2003,0.49500954151153564
lby,2004,0.4677763879299164
lby,2005,0.43567919731140137
lby,2006,0.39817163348197937
lby,2007,0.36012592911720276
lby,2008,0.3313155770301819
lby,2009,0.3088296353816986
lby,2010,0.29008013010025024
lby,2011,0.2830391824245453
lby,2012,0.26569968461990356
lby,2013,0.251164048910141
lby,2014,0.23801766335964203
lby,2015,0.21990039944648743
lby,2016,0.21017080545425415
lby,2017,0.20304439961910248
lca,2000,0.0
lca,2001,0.0
lca,2002,0.0
lca,2003,0.0
lca,2004,0.0
lca,2005,0.0
lca,2006,0.3267346918582916
lca,2007,0.9958521723747253
lca,2008,1.0067763328552246
lca,2009,0.8769439458847046
lca,2010,0.32825183868408203
lca,2011,0.46698135137557983
lca,2012,0.48577606678009033
lca,2013,0.5081169009208679
lca,2014,0.5146185755729675
lca,2015,0.43493103981018066
lca,2016,0.4087856113910675
lca,2017,0.3964007496833801
lka,2000,0.5308554172515869
lka,2001,0.4562976062297821
lka,2002,0.3902389109134674
lka,2003,0.35439324378967285
lka,2004,0.3484390079975128
lka,2005,0.32198575139045715
lka,2006,0.30761799216270447
lka,2007,0.29868099093437195
lka,2008,0.28523677587509155
lka,2009,0.2644336521625519
lka,2010,0.24124298989772797
lka,2011,0.2284346967935562
lka,2012,0.2212037891149521
lka,2013,0.21366536617279053
lka,2014,0.20419596135616302
lka,2015,0.19349296391010284
lka,2016,0.1845656782388687
lka,2017,0.17787858843803406
lso,2000,3.276710271835327
lso,2001,3.2713615894317627
lso,2002,3.243420362472534
lso,2003,3.203453779220581
lso,2004,3.1591732501983643
lso,2005,3.1145975589752197
lso,2006,3.0645742416381836
lso,2007,3.0083863735198975
lso,2008,2.952338933944702
lso,2009,2.896671772003174
lso,2010,2.8472418785095215
lso,2011,2.797640085220337
lso,2012,2.752126455307007
lso,2013,2.706807851791382
lso,2014,2.6627068519592285
lso,2015,2.6159627437591553
lso,2016,2.567852735519409
lso,2017,2.5192084312438965
ltu,2000,0.16620205342769623
ltu,2001,0.1365809589624405
ltu,2002,0.20476283133029938
ltu,2003,0.24176472425460815
ltu,2004,0.06159256771206856
ltu,2005,0.1783008724451065
ltu,2006,0.10305457562208176
ltu,2007,0.18099547922611237
ltu,2008,0.10537122935056686
ltu,2009,0.030868306756019592
ltu,2010,0.03476814925670624
ltu,2011,0.2162715494632721
ltu,2012,0.10705224424600601
ltu,2013,0.0
ltu,2014,0.0664730966091156
ltu,2015,0.0
ltu,2016,0.021570827811956406
ltu,2017,0.019479259848594666
lux,2000,0.0
lux,2001,0.0
lux,2002,0.0
lux,2003,0.0
lux,2004,0.0
lux,2005,0.0
lux,2006,0.0
lux,2007,0.0
lux,2008,0.0
lux,2009,0.0
lux,2010,0.0
lux,2011,0.0
lux,2012,0.0
lux,2013,0.0
lux,2014,0.0
lux,2015,0.0
lux,2016,0.0
lux,2017,0.0
lva,2000,0.3345867097377777
lva,2001,0.323783278465271
lva,2002,0.3229410648345947
lva,2003,0.3442339599132538
lva,2004,0.34610727429389954
lva,2005,0.366344690322876
lva,2006,0.4023987650871277
lva,2007,0.34380048513412476
lva,2008,0.30685216188430786
lva,2009,0.5997713804244995
lva,2010,0.06173364073038101
lva,2011,0.1466473489999771
lva,2012,0.13034479320049286
lva,2013,0.30983468890190125
lva,2014,0.14157792925834656
lva,2015,0.19114941358566284
lva,2016,0.17547717690467834
lva,2017,0.16299894452095032
mar,2000,1.6288806200027466
mar,2001,1.5594927072525024
mar,2002,1.4989335536956787
mar,2003,1.444027066230774
mar,2004,1.3910878896713257
mar,2005,1.3399204015731812
mar,2006,1.2904058694839478
mar,2007,1.2385612726211548
mar,2008,1.1821569204330444
mar,2009,1.13101327419281
mar,2010,1.0830878019332886
mar,2011,1.0362324714660645
mar,2012,0.9892905950546265
mar,2013,0.9420986771583557
mar,2014,0.894463837146759
mar,2015,0.8494725823402405
mar,2016,0.8067353963851929
mar,2017,0.7723215222358704
mco,2000,0.012112281285226345
mco,2001,0.011591693386435509
mco,2002,0.01099243201315403
mco,2003,0.01068643108010292
mco,2004,0.01013344619423151
mco,2005,0.009802968241274357
mco,2006,0.009297188371419907
mco,2007,0.009092877618968487
mco,2008,0.008764568716287613
mco,2009,0.008710358291864395
mco,2010,0.008514787070453167
mco,2011,0.008583571761846542
mco,2012,0.00851505994796753
mco,2013,0.008627465926110744
mco,2014,0.008559498935937881
mco,2015,0.008631721138954163
mco,2016,0.008704137057065964
mco,2017,0.008704082109034061
mda,2000,4.639454364776611
mda,2001,4.536374568939209
mda,2002,3.941514253616333
mda,2003,4.312423229217529
mda,2004,2.950836420059204
mda,2005,3.8072562217712402
mda,2006,3.4751791954040527
mda,2007,4.1562018394470215
mda,2008,2.2403712272644043
mda,2009,2.3196969032287598
mda,2010,2.0193841457366943
mda,2011,1.6646873950958252
mda,2012,1.8061169385910034
mda,2013,1.4091469049453735
mda,2014,1.634630799293518
mda,2015,1.7792882919311523
mda,2016,1.5468575954437256
mda,2017,1.5251097679138184
mdg,2000,2.407999277114868
mdg,2001,2.3220837116241455
mdg,2002,2.2394087314605713
mdg,2003,2.161081075668335
mdg,2004,2.0834312438964844
mdg,2005,2.0123841762542725
mdg,2006,1.9481028318405151
mdg,2007,1.887292504310608
mdg,2008,1.8265715837478638
mdg,2009,1.7599798440933228
mdg,2010,1.6861392259597778
mdg,2011,1.6163716316223145
mdg,2012,1.551642894744873
mdg,2013,1.4946449995040894
mdg,2014,1.446509599685669
mdg,2015,1.3995707035064697
mdg,2016,1.3544052839279175
mdg,2017,1.3213478326797485
mdv,2000,2.422408103942871
mdv,2001,1.932362675666809
mdv,2002,1.53469717502594
mdv,2003,1.2142030000686646
mdv,2004,0.9888753294944763
mdv,2005,0.804530143737793
mdv,2006,0.6686809062957764
mdv,2007,0.5512840747833252
mdv,2008,0.4545917510986328
mdv,2009,0.3770487308502197
mdv,2010,0.31798505783081055
mdv,2011,0.2689821720123291
mdv,2012,0.23467113077640533
mdv,2013,0.20678119361400604
mdv,2014,0.1834477037191391
mdv,2015,0.17038850486278534
mdv,2016,0.15383407473564148
mdv,2017,0.14715243875980377
mex,2000,0.7632783651351929
mex,2001,0.6788735389709473
mex,2002,0.6043910384178162
mex,2003,0.5399302244186401
mex,2004,0.5344115495681763
mex,2005,0.4816279113292694
mex,2006,0.4660157561302185
mex,2007,0.3960604667663574
mex,2008,0.38687965273857117
mex,2009,0.37987184524536133
mex,2010,0.4042269289493561
mex,2011,0.43414101004600525
mex,2012,0.39665719866752625
mex,2013,0.3463732898235321
mex,2014,0.35037627816200256
mex,2015,0.3106561303138733
mex,2016,0.33171024918556213
mex,2017,0.33213409781455994
mhl,2000,1.1482868194580078
mhl,2001,1.1256787776947021
mhl,2002,1.1363199949264526
mhl,2003,1.120773196220398
mhl,2004,1.107376217842102
mhl,2005,1.0960921049118042
mhl,2006,1.0874040126800537
mhl,2007,1.0803457498550415
mhl,2008,1.0758048295974731
mhl,2009,1.0377600193023682
mhl,2010,1.0365290641784668
mhl,2011,1.03984534740448
mhl,2012,1.0094609260559082
mhl,2013,1.017716884613037
mhl,2014,0.9837456345558167
mhl,2015,0.942850649356842
mhl,2016,0.9419460296630859
mhl,2017,0.8937360048294067
mkd,2000,0.03809591755270958
mkd,2001,0.028539111837744713
mkd,2002,0.02057756297290325
mkd,2003,0.013742689974606037
mkd,2004,0.007016882300376892
mkd,2005,0.0
mkd,2006,0.09770812094211578
mkd,2007,0.0981995090842247
mkd,2008,0.0
mkd,2009,0.0
mkd,2010,0.116585373878479
mkd,2011,0.19550827145576477
mkd,2012,0.12168988585472107
mkd,2013,0.043289151042699814
mkd,2014,0.14282426238059998
mkd,2015,0.15738315880298615
mkd,2016,0.17083585262298584
mkd,2017,0.1817004680633545
mli,2000,3.659890651702881
mli,2001,3.5676066875457764
mli,2002,3.4788358211517334
mli,2003,3.4010868072509766
mli,2004,3.3272109031677246
mli,2005,3.2361087799072266
mli,2006,3.138608694076538
mli,2007,3.053896903991699
mli,2008,2.9875295162200928
mli,2009,2.9245545864105225
mli,2010,2.862948179244995
mli,2011,2.793578863143921
mli,2012,2.7225120067596436
mli,2013,2.6479949951171875
mli,2014,2.5844571590423584
mli,2015,2.523528575897217
mli,2016,2.473973512649536
mli,2017,2.424368381500244
mlt,2000,0.11919327080249786
mlt,2001,0.08215606212615967
mlt,2002,0.0
mlt,2003,0.0
mlt,2004,0.0
mlt,2005,0.0
mlt,2006,0.0
mlt,2007,0.0
mlt,2008,0.0
mlt,2009,0.0
mlt,2010,0.0
mlt,2011,0.0
mlt,2012,0.0
mlt,2013,0.0
mlt,2014,0.0
mlt,2015,0.0
mlt,2016,0.0
mlt,2017,0.0
mmr,2000,2.5639665126800537
mmr,2001,2.4962964057922363
mmr,2002,2.4183356761932373
mmr,2003,2.3400070667266846
mmr,2004,2.2556326389312744
mmr,2005,2.1734201908111572
mmr,2006,2.0876595973968506
mmr,2007,2.001966714859009
mmr,2008,1.9482362270355225
mmr,2009,1.8589751720428467
mmr,2010,1.803584337234497
mmr,2011,1.7568482160568237
mmr,2012,1.7178759574890137
mmr,2013,1.6766777038574219
mmr,2014,1.6313220262527466
mmr,2015,1.5880917310714722
mmr,2016,1.5438075065612793
mmr,2017,1.5067317485809326
mne,2000,0.23004622757434845
mne,2001,0.22261470556259155
mne,2002,0.2113853245973587
mne,2003,0.20281581580638885
mne,2004,0.22495004534721375
mne,2005,0.22769172489643097
mne,2006,0.16602832078933716
mne,2007,0.1102636456489563
mne,2008,0.13619635999202728
mne,2009,0.17893573641777039
mne,2010,0.18021108210086823
mne,2011,0.10957644134759903
mne,2012,0.10068430751562119
mne,2013,0.08773745596408844
mne,2014,0.08168710768222809
mne,2015,0.07154296338558197
mne,2016,0.06864125281572342
mne,2017,0.06173195689916611
mng,2000,1.4237072467803955
mng,2001,1.3473637104034424
mng,2002,1.277409315109253
mng,2003,1.2117911577224731
mng,2004,1.1504055261611938
mng,2005,1.0941665172576904
mng,2006,1.0413891077041626
mng,2007,0.9688096642494202
mng,2008,0.8934555649757385
mng,2009,0.822669267654419
mng,2010,0.7549488544464111
mng,2011,0.6941729187965393
mng,2012,0.6435701251029968
mng,2013,0.6008254289627075
mng,2014,0.5645691752433777
mng,2015,0.53289395570755
mng,2016,0.5055578351020813
mng,2017,0.4835900366306305
moz,2000,3.111051321029663
moz,2001,2.9815187454223633
moz,2002,2.8572983741760254
moz,2003,2.745321273803711
moz,2004,2.648836612701416
moz,2005,2.567636013031006
moz,2006,2.489561080932617
moz,2007,2.415424346923828
moz,2008,2.346543788909912
moz,2009,2.281564474105835
moz,2010,2.2174947261810303
moz,2011,2.155461311340332
moz,2012,2.0902607440948486
moz,2013,2.0291380882263184
moz,2014,1.9700736999511719
moz,2015,1.917054533958435
moz,2016,1.8666045665740967
moz,2017,1.8260444402694702
mrt,2000,2.9030423164367676
mrt,2001,2.855062484741211
mrt,2002,2.829711437225342
mrt,2003,2.8102574348449707
mrt,2004,2.796297311782837
mrt,2005,2.7757861614227295
mrt,2006,2.7486915588378906
mrt,2007,2.716573715209961
mrt,2008,2.6719002723693848
mrt,2009,2.6262857913970947
mrt,2010,2.5655953884124756
mrt,2011,2.4928770065307617
mrt,2012,2.4120638370513916
mrt,2013,2.355639934539795
mrt,2014,2.3053112030029297
mrt,2015,2.2598936557769775
mrt,2016,2.2206788063049316
mrt,2017,2.1753294467926025
mus,2000,0.051874835044145584
mus,2001,0.11610102653503418
mus,2002,0.10474638640880585
mus,2003,0.18174569308757782
mus,2004,0.15992151200771332
mus,2005,0.3389262557029724
mus,2006,0.1827635020017624
mus,2007,0.0
mus,2008,0.13956117630004883
mus,2009,0.5538243651390076
mus,2010,0.5423416495323181
mus,2011,0.4846722185611725
mus,2012,0.41680827736854553
mus,2013,0.538176953792572
mus,2014,0.07896139472723007
mus,2015,0.31212204694747925
mus,2016,0.2692134380340576
mus,2017,0.2510536313056946
mwi,2000,2.8182120323181152
mwi,2001,2.687676191329956
mwi,2002,2.5584216117858887
mwi,2003,2.4181928634643555
mwi,2004,2.2877848148345947
mwi,2005,2.177516460418701
mwi,2006,2.094217538833618
mwi,2007,2.0335850715637207
mwi,2008,1.982253909111023
mwi,2009,1.9295672178268433
mwi,2010,1.8694432973861694
mwi,2011,1.7978543043136597
mwi,2012,1.7215731143951416
mwi,2013,1.646417498588562
mwi,2014,1.576333999633789
mwi,2015,1.517764925956726
mwi,2016,1.4600918292999268
mwi,2017,1.4174811840057373
mys,2000,0.1342696100473404
mys,2001,0.12331347167491913
mys,2002,0.11436449736356735
mys,2003,0.10897397994995117
mys,2004,0.10335435718297958
mys,2005,0.09851586073637009
mys,2006,0.09379346668720245
mys,2007,0.08996058255434036
mys,2008,0.08705063164234161
mys,2009,0.08438941091299057
mys,2010,0.0823928639292717
mys,2011,0.07920317351818085
mys,2012,0.07702849805355072
mys,2013,0.07359063625335693
mys,2014,0.0730440765619278
mys,2015,0.07279492169618607
mys,2016,0.07345715165138245
mys,2017,0.07610606402158737
nam,2000,1.5712299346923828
nam,2001,1.534413456916809
nam,2002,1.4845668077468872
nam,2003,1.4318007230758667
nam,2004,1.3798630237579346
nam,2005,1.3319368362426758
nam,2006,1.2959493398666382
nam,2007,1.2663261890411377
nam,2008,1.2482976913452148
nam,2009,1.2340141534805298
nam,2010,1.2237275838851929
nam,2011,1.2091995477676392
nam,2012,1.193560004234314
nam,2013,1.1717251539230347
nam,2014,1.148195505142212
nam,2015,1.1269361972808838
nam,2016,1.098312258720398
nam,2017,1.0798901319503784
ner,2000,3.3775172233581543
ner,2001,3.3164007663726807
ner,2002,3.241236686706543
ner,2003,3.154311418533325
ner,2004,3.056070566177368
ner,2005,2.9448018074035645
ner,2006,2.8271634578704834
ner,2007,2.694159984588623
ner,2008,2.559546709060669
ner,2009,2.452378749847412
ner,2010,2.3596885204315186
ner,2011,2.292065143585205
ner,2012,2.2106738090515137
ner,2013,2.137559413909912
ner,2014,2.0394234657287598
ner,2015,1.9629515409469604
ner,2016,1.8853247165679932
ner,2017,1.8403059244155884
nga,2000,3.710636615753174
nga,2001,3.6878695487976074
nga,2002,3.641082763671875
nga,2003,3.5724024772644043
nga,2004,3.492325782775879
nga,2005,3.4070539474487305
nga,2006,3.31648325920105
nga,2007,3.224687337875366
nga,2008,3.1344170570373535
nga,2009,3.0479512214660645
nga,2010,2.982628583908081
nga,2011,2.921050548553467
nga,2012,2.8627126216888428
nga,2013,2.791132688522339
nga,2014,2.725940465927124
nga,2015,2.663695812225342
nga,2016,2.6059353351593018
nga,2017,2.5575480461120605
nic,2000,1.3784147500991821
nic,2001,1.3122116327285767
nic,2002,1.2350023984909058
nic,2003,1.164916753768921
nic,2004,1.0980801582336426
nic,2005,1.0366648435592651
nic,2006,0.9770588278770447
nic,2007,0.922684907913208
nic,2008,0.8733890056610107
nic,2009,0.8293130993843079
nic,2010,0.78904128074646
nic,2011,0.7536479830741882
nic,2012,0.7227573394775391
nic,2013,0.6947610378265381
nic,2014,0.5567459464073181
nic,2015,0.755846381187439
nic,2016,0.6221119165420532
nic,2017,0.6013799905776978
niu,2000,0.0
niu,2001,0.0
niu,2002,0.0
niu,2003,0.0
niu,2004,0.0
niu,2005,0.0
niu,2006,0.0
niu,2007,0.0
niu,2008,0.0
niu,2009,0.0
niu,2010,0.0
niu,2011,0.0
niu,2012,0.0
niu,2013,0.0
niu,2014,0.0
niu,2015,0.0
niu,2016,0.0
niu,2017,0.0
nld,2000,0.03194480761885643
nld,2001,0.016411814838647842
nld,2002,0.005722507834434509
nld,2003,0.01689164526760578
nld,2004,0.011725095100700855
nld,2005,0.015934336930513382
nld,2006,0.0
nld,2007,0.011668765917420387
nld,2008,0.024998949840664864
nld,2009,0.012063753791153431
nld,2010,0.04186849668622017
nld,2011,0.006177933420985937
nld,2012,0.01931535080075264
nld,2013,0.0
nld,2014,0.0
nld,2015,0.013619842007756233
nld,2016,0.004212045110762119
nld,2017,0.003930015955120325
nor,2000,0.05435517057776451
nor,2001,0.0
nor,2002,0.0
nor,2003,0.01809806190431118
nor,2004,0.0
nor,2005,0.01991734467446804
nor,2006,0.015369507484138012
nor,2007,0.0
nor,2008,0.0
nor,2009,0.015055835247039795
nor,2010,0.0
nor,2011,0.0
nor,2012,0.017141150310635567
nor,2013,0.0
nor,2014,0.0
nor,2015,0.018462417647242546
nor,2016,0.006627203896641731
nor,2017,0.006404212210327387
npl,2000,3.337761640548706
npl,2001,3.1692514419555664
npl,2002,2.9857447147369385
npl,2003,2.8010289669036865
npl,2004,2.6329686641693115
npl,2005,2.4761946201324463
npl,2006,2.3289365768432617
npl,2007,2.188396692276001
npl,2008,2.052001476287842
npl,2009,1.9165973663330078
npl,2010,1.7899576425552368
npl,2011,1.6717033386230469
npl,2012,1.5658060312271118
npl,2013,1.4738712310791016
npl,2014,1.3973397016525269
npl,2015,1.327633023262024
npl,2016,1.2589830160140991
npl,2017,1.207930326461792
nru,2000,1.5255430936813354
nru,2001,1.2212965488433838
nru,2002,1.2385263442993164
nru,2003,1.2513384819030762
nru,2004,1.265419363975525
nru,2005,1.2852256298065186
nru,2006,1.2953277826309204
nru,2007,1.3057384490966797
nru,2008,1.3174494504928589
nru,2009,1.3306018114089966
nru,2010,1.3426344394683838
nru,2011,1.3546415567398071
nru,2012,1.3577755689620972
nru,2013,1.3605419397354126
nru,2014,1.3630291223526
nru,2015,1.024140477180481
nru,2016,1.019250512123108
nru,2017,1.0257841348648071
nzl,2000,0.05014564469456673
nzl,2001,0.021205198019742966
nzl,2002,0.06504670530557632
nzl,2003,0.037952203303575516
nzl,2004,0.051665857434272766
nzl,2005,0.09120295941829681
nzl,2006,0.09827598184347153
nzl,2007,0.09745761007070541
nzl,2008,0.2204633504152298
nzl,2009,0.144779235124588
nzl,2010,0.1009078174829483
nzl,2011,0.20700033009052277
nzl,2012,0.1009441465139389
nzl,2013,0.11725590378046036
nzl,2014,0.1407625675201416
nzl,2015,0.1380421221256256
nzl,2016,0.13500402867794037
nzl,2017,0.130380317568779
omn,2000,0.10122919827699661
omn,2001,0.09516815841197968
omn,2002,0.08833464235067368
omn,2003,0.08218096196651459
omn,2004,0.07838817685842514
omn,2005,0.07354146987199783
omn,2006,0.06977782398462296
omn,2007,0.06404297053813934
omn,2008,0.05929262936115265
omn,2009,0.05561842396855354
omn,2010,0.05436469614505768
omn,2011,0.05422448366880417
omn,2012,0.055300626903772354
omn,2013,0.056435927748680115
omn,2014,0.057396262884140015
omn,2015,0.05793193355202675
omn,2016,0.05789406970143318
omn,2017,0.058135803788900375
pak,2000,4.499691009521484
pak,2001,4.3531413078308105
pak,2002,4.193434238433838
pak,2003,4.028720378875732
pak,2004,3.861632823944092
pak,2005,3.724384307861328
pak,2006,3.6190736293792725
pak,2007,3.5457923412323
pak,2008,3.485311269760132
pak,2009,3.4255712032318115
pak,2010,3.3473215103149414
pak,2011,3.2623863220214844
pak,2012,3.174234390258789
pak,2013,3.0948984622955322
pak,2014,3.0108888149261475
pak,2015,2.937554359436035
pak,2016,2.859614849090576
pak,2017,2.7922043800354004
pan,2000,0.99932461977005
pan,2001,0.7394937872886658
pan,2002,0.35594290494918823
pan,2003,0.28302258253097534
pan,2004,0.4518577456474304
pan,2005,0.9244064092636108
pan,2006,0.4921228289604187
pan,2007,0.5112735629081726
pan,2008,0.5791074633598328
pan,2009,0.43864867091178894
pan,2010,0.6218274831771851
pan,2011,0.6194997429847717
pan,2012,0.3995888829231262
pan,2013,0.5600993633270264
pan,2014,0.6589279770851135
pan,2015,0.6604204773902893
pan,2016,0.5903529524803162
pan,2017,0.5717165470123291
per,2000,0.8920562267303467
per,2001,0.8088682293891907
per,2002,0.733012855052948
per,2003,0.6758420467376709
per,2004,0.6291441321372986
per,2005,0.5968234539031982
per,2006,0.5695767402648926
per,2007,0.5463438034057617
per,2008,0.527824878692627
per,2009,0.5123434662818909
per,2010,0.49010932445526123
per,2011,0.46241989731788635
per,2012,0.4293380379676819
per,2013,0.3989511728286743
per,2014,0.36883461475372314
per,2015,0.3420383930206299
per,2016,0.3151455819606781
per,2017,0.30288541316986084
phl,2000,1.1138052940368652
phl,2001,1.100940227508545
phl,2002,1.0840206146240234
phl,2003,1.058966875076294
phl,2004,1.0318989753723145
phl,2005,1.0028156042099
phl,2006,0.9742290377616882
phl,2007,0.9468874931335449
phl,2008,0.9245701432228088
phl,2009,0.9078056812286377
phl,2010,0.8938199877738953
phl,2011,0.8818821310997009
phl,2012,0.8714707493782043
phl,2013,0.8608005046844482
phl,2014,0.8493401408195496
phl,2015,0.8365203738212585
phl,2016,0.8210726380348206
phl,2017,0.8052341341972351
plw,2000,0.5641269087791443
plw,2001,0.5664446949958801
plw,2002,0.45559412240982056
plw,2003,0.45821434259414673
plw,2004,0.46281707286834717
plw,2005,0.47008436918258667
plw,2006,0.4819405972957611
plw,2007,0.3744756579399109
plw,2008,0.3889809548854828
plw,2009,0.40024828910827637
plw,2010,0.40371838212013245
plw,2011,0.4050333797931671
plw,2012,0.4008161127567291
plw,2013,0.3950476348400116
plw,2014,0.38549694418907166
plw,2015,0.3764188587665558
plw,2016,0.2456241101026535
plw,2017,0.24160684645175934
png,2000,2.0181775093078613
png,2001,2.022514581680298
png,2002,2.020765781402588
png,2003,2.0172641277313232
png,2004,2.002814292907715
png,2005,1.9837554693222046
png,2006,1.9660590887069702
png,2007,1.9402040243148804
png,2008,1.9070075750350952
png,2009,1.8674852848052979
png,2010,1.8218200206756592
png,2011,1.7831858396530151
png,2012,1.7423561811447144
png,2013,1.70521879196167
png,2014,1.6713409423828125
png,2015,1.6301530599594116
png,2016,1.5911086797714233
png,2017,1.555970311164856
pol,2000,0.08298531174659729
pol,2001,0.07547255605459213
pol,2002,0.07261951267719269
pol,2003,0.08965187519788742
pol,2004,0.07362214475870132
pol,2005,0.07126231491565704
pol,2006,0.07698734849691391
pol,2007,0.06668809801340103
pol,2008,0.05830010026693344
pol,2009,0.048704445362091064
pol,2010,0.04771474748849869
pol,2011,0.03283413127064705
pol,2012,0.033353958278894424
pol,2013,0.04522540792822838
pol,2014,0.027999578043818474
pol,2015,0.028022611513733864
pol,2016,0.032940324395895004
pol,2017,0.032954778522253036
prk,2000,1.5677341222763062
prk,2001,1.4020062685012817
prk,2002,1.234174132347107
prk,2003,1.097396969795227
prk,2004,0.9822268486022949
prk,2005,0.9172062873840332
prk,2006,0.8941168189048767
prk,2007,0.8855875730514526
prk,2008,0.8717057704925537
prk,2009,0.8446861505508423
prk,2010,0.8004665374755859
prk,2011,0.7455415725708008
prk,2012,0.6874346137046814
prk,2013,0.63458251953125
prk,2014,0.5904572606086731
prk,2015,0.5532609224319458
prk,2016,0.5213910937309265
prk,2017,0.4964807629585266
prt,2000,0.008957680314779282
prt,2001,0.009918181225657463
prt,2002,0.031245218589901924
prt,2003,0.0219039935618639
prt,2004,0.016974173486232758
prt,2005,0.012783117592334747
prt,2006,0.009294239804148674
prt,2007,0.006419642828404903
prt,2008,0.00864151120185852
prt,2009,0.013557855039834976
prt,2010,0.004360753111541271
prt,2011,0.007983294315636158
prt,2012,0.0024933244567364454
prt,2013,0.004711284767836332
prt,2014,0.052319034934043884
prt,2015,0.05133185163140297
prt,2016,0.04957366734743118
prt,2017,0.048182711005210876
pry,2000,0.8470494747161865
pry,2001,0.8337783217430115
pry,2002,0.8187282085418701
pry,2003,0.8102166652679443
pry,2004,0.8007286787033081
pry,2005,0.783532440662384
pry,2006,0.7639649510383606
pry,2007,0.7400383949279785
pry,2008,0.7076113224029541
pry,2009,0.6759983897209167
pry,2010,0.6476492285728455
pry,2011,0.6145410537719727
pry,2012,0.5864183306694031
pry,2013,0.5550606846809387
pry,2014,0.5219515562057495
pry,2015,0.4945954382419586
pry,2016,0.46691393852233887
pry,2017,0.4521697759628296
qat,2000,0.04063021391630173
qat,2001,0.039122458547353745
qat,2002,0.03747870773077011
qat,2003,0.03501693904399872
qat,2004,0.03383792191743851
qat,2005,0.03336004540324211
qat,2006,0.03343157097697258
qat,2007,0.032797738909721375
qat,2008,0.032731588929891586
qat,2009,0.032484203577041626
qat,2010,0.032697249203920364
qat,2011,0.03305909037590027
qat,2012,0.033094216138124466
qat,2013,0.03319884091615677
qat,2014,0.0329696461558342
qat,2015,0.03277475759387016
qat,2016,0.032284509390592575
qat,2017,0.03145821392536163
rou,2000,1.4287108182907104
rou,2001,1.3482072353363037
rou,2002,1.3144943714141846
rou,2003,1.1499733924865723
rou,2004,1.000429391860962
rou,2005,0.9253591299057007
rou,2006,0.7882216572761536
rou,2007,0.9104064106941223
rou,2008,0.9306403994560242
rou,2009,0.6830732226371765
rou,2010,0.6850693821907043
rou,2011,0.6653081178665161
rou,2012,0.6058380603790283
rou,2013,0.43694859743118286
rou,2014,0.5874555110931396
rou,2015,0.4930497705936432
rou,2016,0.433442085981369
rou,2017,0.3978702127933502
rus,2000,0.5721986293792725
rus,2001,0.5106617212295532
rus,2002,0.4472712278366089
rus,2003,0.3800848424434662
rus,2004,0.3189033269882202
rus,2005,0.26602011919021606
rus,2006,0.21732382476329803
rus,2007,0.18131105601787567
rus,2008,0.15329143404960632
rus,2009,0.13320010900497437
rus,2010,0.11800242960453033
rus,2011,0.1068136990070343
rus,2012,0.09674429148435593
rus,2013,0.08714357763528824
rus,2014,0.08011563122272491
rus,2015,0.07237327098846436
rus,2016,0.06521300971508026
rus,2017,0.06146591901779175
rwa,2000,3.03143048286438
rwa,2001,2.91683292388916
rwa,2002,2.759185314178467
rwa,2003,2.5697624683380127
rwa,2004,2.3724634647369385
rwa,2005,2.1828229427337646
rwa,2006,2.005720376968384
rwa,2007,1.8448399305343628
rwa,2008,1.6998285055160522
rwa,2009,1.567440152168274
rwa,2010,1.447798728942871
rwa,2011,1.3395150899887085
rwa,2012,1.2456012964248657
rwa,2013,1.1676156520843506
rwa,2014,1.104813575744629
rwa,2015,1.0503113269805908
rwa,2016,1.006346583366394
rwa,2017,0.975812554359436
sau,2000,0.2095588594675064
sau,2001,0.20449446141719818
sau,2002,0.19287218153476715
sau,2003,0.18364053964614868
sau,2004,0.1721852421760559
sau,2005,0.16131892800331116
sau,2006,0.15145190060138702
sau,2007,0.1392214000225067
sau,2008,0.12863439321517944
sau,2009,0.11723630130290985
sau,2010,0.10761646926403046
sau,2011,0.09759847819805145
sau,2012,0.08941526710987091
sau,2013,0.08130417764186859
sau,2014,0.07453589141368866
sau,2015,0.0656794086098671
sau,2016,0.058557502925395966
sau,2017,0.05481342598795891
sdn,2000,3.1378631591796875
sdn,2001,3.061854362487793
sdn,2002,2.993720531463623
sdn,2003,2.915414571762085
sdn,2004,2.8221020698547363
sdn,2005,2.701247453689575
sdn,2006,2.5556044578552246
sdn,2007,2.4154415130615234
sdn,2008,2.2965757846832275
sdn,2009,2.2061891555786133
sdn,2010,2.136934518814087
sdn,2011,2.0854547023773193
sdn,2012,2.0388593673706055
sdn,2013,2.002758502960205
sdn,2014,1.962528944015503
sdn,2015,1.925413727760315
sdn,2016,1.8805482387542725
sdn,2017,1.8442023992538452
sen,2000,2.615143060684204
sen,2001,2.5757670402526855
sen,2002,2.522484064102173
sen,2003,2.4264488220214844
sen,2004,2.303093671798706
sen,2005,2.174529790878296
sen,2006,2.0561013221740723
sen,2007,1.955986738204956
sen,2008,1.8685616254806519
sen,2009,1.7934348583221436
sen,2010,1.7268893718719482
sen,2011,1.6605074405670166
sen,2012,1.5962587594985962
sen,2013,1.5309150218963623
sen,2014,1.469904899597168
sen,2015,1.4151124954223633
sen,2016,1.3636198043823242
sen,2017,1.3252419233322144
sgp,2000,0.02506393752992153
sgp,2001,0.03404939919710159
sgp,2002,0.02407512068748474
sgp,2003,0.06981196999549866
sgp,2004,0.03794986382126808
sgp,2005,0.05543692782521248
sgp,2006,0.06106400489807129
sgp,2007,0.08660000562667847
sgp,2008,0.07715151458978653
sgp,2009,0.07500407844781876
sgp,2010,0.0
sgp,2011,0.05125666782259941
sgp,2012,0.04898418113589287
sgp,2013,0.0
sgp,2014,0.0
sgp,2015,0.0
sgp,2016,0.0
sgp,2017,0.0
slb,2000,0.7641270160675049
slb,2001,0.7548360228538513
slb,2002,0.7463534474372864
slb,2003,0.7367147207260132
slb,2004,0.7270999550819397
slb,2005,0.7157865762710571
slb,2006,0.7025512456893921
slb,2007,0.6835300326347351
slb,2008,0.6665024161338806
slb,2009,0.6453176736831665
slb,2010,0.6231300830841064
slb,2011,0.5995832681655884
slb,2012,0.5802935361862183
slb,2013,0.5576905012130737
slb,2014,0.5388032793998718
slb,2015,0.5197127461433411
slb,2016,0.5002762079238892
slb,2017,0.4860602915287018
sle,2000,3.5176641941070557
sle,2001,3.501096248626709
sle,2002,3.4703688621520996
sle,2003,3.4207606315612793
sle,2004,3.3583364486694336
sle,2005,3.295327663421631
sle,2006,3.2233684062957764
sle,2007,3.1248044967651367
sle,2008,3.0094335079193115
sle,2009,2.892991542816162
sle,2010,2.7938432693481445
sle,2011,2.7127463817596436
sle,2012,2.6311402320861816
sle,2013,2.553462028503418
sle,2014,2.47627854347229
sle,2015,2.401785373687744
sle,2016,2.3308751583099365
sle,2017,2.268035650253296
slv,2000,0.7203591465950012
slv,2001,0.6949107050895691
slv,2002,0.6784983277320862
slv,2003,0.6656898260116577
slv,2004,0.6582756042480469
slv,2005,0.6409288048744202
slv,2006,0.6182798743247986
slv,2007,0.5925775766372681
slv,2008,0.5676223635673523
slv,2009,0.5414240956306458
slv,2010,0.5150398015975952
slv,2011,0.490570068359375
slv,2012,0.46440064907073975
slv,2013,0.43494144082069397
slv,2014,0.407077431678772
slv,2015,0.3812750577926636
slv,2016,0.358293741941452
slv,2017,0.3462337553501129
smr,2000,0.0
smr,2001,0.0
smr,2002,0.0
smr,2003,0.0
smr,2004,0.0
smr,2005,0.0
smr,2006,0.0
smr,2007,0.0
smr,2008,0.0
smr,2009,0.0
smr,2010,0.0
smr,2011,0.0
smr,2012,0.0
smr,2013,0.0
smr,2014,0.0
smr,2015,0.0
smr,2016,0.0
smr,2017,0.0
som,2000,3.7820911407470703
som,2001,3.8537824153900146
som,2002,3.9260876178741455
som,2003,3.982915163040161
som,2004,4.034789085388184
som,2005,4.080867290496826
som,2006,4.102812767028809
som,2007,4.1058478355407715
som,2008,4.096236228942871
som,2009,4.075173377990723
som,2010,4.046915531158447
som,2011,4.011955261230469
som,2012,3.958686590194702
som,2013,3.9146904945373535
som,2014,3.860696315765381
som,2015,3.813978672027588
som,2016,3.7442874908447266
som,2017,3.684661388397217
srb,2000,0.10075704753398895
srb,2001,0.05558217689394951
srb,2002,0.06686518341302872
srb,2003,0.13802500069141388
srb,2004,0.014495784416794777
srb,2005,0.13150520622730255
srb,2006,0.09016183018684387
srb,2007,0.1111011728644371
srb,2008,0.01551926601678133
srb,2009,0.16726168990135193
srb,2010,0.063727468252182
srb,2011,0.09466996043920517
srb,2012,0.06271369755268097
srb,2013,0.1167156994342804
srb,2014,0.07567441463470459
srb,2015,0.08725691586732864
srb,2016,0.08289553970098495
srb,2017,0.07872738689184189
ssd,2000,4.557799339294434
ssd,2001,4.502645492553711
ssd,2002,4.44539213180542
ssd,2003,4.371886730194092
ssd,2004,4.284664154052734
ssd,2005,4.171370029449463
ssd,2006,4.046103477478027
ssd,2007,3.889333724975586
ssd,2008,3.7358622550964355
ssd,2009,3.6032845973968506
ssd,2010,3.478968858718872
ssd,2011,3.3712427616119385
ssd,2012,3.305044412612915
ssd,2013,3.2810235023498535
ssd,2014,3.277094602584839
ssd,2015,3.271245241165161
ssd,2016,3.267246723175049
ssd,2017,3.264921188354492
stp,2000,1.5654451847076416
stp,2001,1.5088094472885132
stp,2002,1.4534711837768555
stp,2003,1.401573896408081
stp,2004,1.3432470560073853
stp,2005,1.2977536916732788
stp,2006,1.2438150644302368
stp,2007,1.203332781791687
stp,2008,1.1672593355178833
stp,2009,1.1464776992797852
stp,2010,1.1203292608261108
stp,2011,1.0975672006607056
stp,2012,1.0762203931808472
stp,2013,1.0453693866729736
stp,2014,1.0054489374160767
stp,2015,0.9565230011940002
stp,2016,0.908686637878418
stp,2017,0.8748472332954407
sur,2000,1.0322563648223877
sur,2001,0.339433878660202
sur,2002,0.0
sur,2003,0.0
sur,2004,0.0
sur,2005,0.0
sur,2006,0.0
sur,2007,0.10490120947360992
sur,2008,0.10344314575195312
sur,2009,0.0
sur,2010,0.19085338711738586
sur,2011,0.21802078187465668
sur,2012,0.0
sur,2013,0.0
sur,2014,0.0960761159658432
sur,2015,0.028081128373742104
sur,2016,0.026922497898340225
sur,2017,0.02601584419608116
svk,2000,0.20972631871700287
svk,2001,0.14154471457004547
svk,2002,0.15386028587818146
svk,2003,0.11321195214986801
svk,2004,0.1941658854484558
svk,2005,0.08641533553600311
svk,2006,0.059494856745004654
svk,2007,0.14014603197574615
svk,2008,0.12356570363044739
svk,2009,0.0368608757853508
svk,2010,0.04760592430830002
svk,2011,0.11627373844385147
svk,2012,0.18277497589588165
svk,2013,0.03517376631498337
svk,2014,0.03330191597342491
svk,2015,0.08493899554014206
svk,2016,0.08218532055616379
svk,2017,0.07951395213603973
svn,2000,0.0
svn,2001,0.06053641811013222
svn,2002,0.0
svn,2003,0.0
svn,2004,0.0
svn,2005,0.0
svn,2006,0.0
svn,2007,0.0
svn,2008,0.055050209164619446
svn,2009,0.0
svn,2010,0.0
svn,2011,0.0
svn,2012,0.05243029445409775
svn,2013,0.06043505668640137
svn,2014,0.051595594733953476
svn,2015,0.0
svn,2016,0.029553230851888657
svn,2017,0.02761223539710045
swe,2000,0.024670768529176712
swe,2001,0.01038972195237875
swe,2002,0.0328538715839386
swe,2003,0.050793129950761795
swe,2004,0.0
swe,2005,0.0
swe,2006,0.0
swe,2007,0.0
swe,2008,0.029788823798298836
swe,2009,0.019257783889770508
swe,2010,0.0
swe,2011,0.06059333682060242
swe,2012,0.028686445206403732
swe,2013,0.009230568073689938
swe,2014,0.0
swe,2015,0.009407766163349152
swe,2016,0.006037796847522259
swe,2017,0.006121198181062937
swz,2000,1.8836159706115723
swz,2001,1.8536670207977295
swz,2002,1.8126291036605835
swz,2003,1.7663688659667969
swz,2004,1.7126699686050415
swz,2005,1.6534651517868042
swz,2006,1.58882474899292
swz,2007,1.5331840515136719
swz,2008,1.4846563339233398
swz,2009,1.4432916641235352
swz,2010,1.3992425203323364
swz,2011,1.343238115310669
swz,2012,1.3030942678451538
swz,2013,1.2586644887924194
swz,2014,1.2082422971725464
swz,2015,1.1713602542877197
swz,2016,1.1396894454956055
swz,2017,1.1154494285583496
syc,2000,0.27220961451530457
syc,2001,0.2939108610153198
syc,2002,0.296953409910202
syc,2003,0.29854273796081543
syc,2004,0.31576287746429443
syc,2005,0.30851662158966064
syc,2006,0.2978741228580475
syc,2007,0.29089680314064026
syc,2008,0.2834042012691498
syc,2009,0.2783074378967285
syc,2010,0.27686068415641785
syc,2011,0.2752779722213745
syc,2012,0.25907662510871887
syc,2013,0.2599862813949585
syc,2014,0.26222285628318787
syc,2015,0.2650373876094818
syc,2016,0.24600988626480103
syc,2017,0.2524642050266266
syr,2000,0.6134983897209167
syr,2001,0.5849841237068176
syr,2002,0.5555450320243835
syr,2003,0.5242168307304382
syr,2004,0.49547314643859863
syr,2005,0.4697982966899872
syr,2006,0.4479777216911316
syr,2007,0.42868706583976746
syr,2008,0.41556650400161743
syr,2009,0.40704217553138733
syr,2010,0.413277804851532
syr,2011,0.4208543002605438
syr,2012,0.4338151216506958
syr,2013,0.4450407326221466
syr,2014,0.4533561170101166
syr,2015,0.4579410254955292
syr,2016,0.4652721881866455
syr,2017,0.46423304080963135
tcd,2000,3.6075408458709717
tcd,2001,3.5554046630859375
tcd,2002,3.516293525695801
tcd,2003,3.4884514808654785
tcd,2004,3.4558541774749756
tcd,2005,3.4196698665618896
tcd,2006,3.3816936016082764
tcd,2007,3.3584518432617188
tcd,2008,3.337907075881958
tcd,2009,3.3087756633758545
tcd,2010,3.2626075744628906
tcd,2011,3.2082855701446533
tcd,2012,3.153308391571045
tcd,2013,3.113379716873169
tcd,2014,3.084782838821411
tcd,2015,3.0523102283477783
tcd,2016,3.012523651123047
tcd,2017,2.9644739627838135
tgo,2000,2.6042354106903076
tgo,2001,2.560804843902588
tgo,2002,2.521851062774658
tgo,2003,2.477008104324341
tgo,2004,2.4197604656219482
tgo,2005,2.3600895404815674
tgo,2006,2.308016538619995
tgo,2007,2.263442277908325
tgo,2008,2.219461679458618
tgo,2009,2.168393135070801
tgo,2010,2.1174001693725586
tgo,2011,2.0723633766174316
tgo,2012,2.0385148525238037
tgo,2013,2.009861946105957
tgo,2014,1.9825643301010132
tgo,2015,1.946701169013977
tgo,2016,1.908010482788086
tgo,2017,1.872889518737793
tha,2000,0.7863723039627075
tha,2001,0.7263904809951782
tha,2002,0.6632975339889526
tha,2003,0.6042273640632629
tha,2004,0.5471147894859314
tha,2005,0.4950190782546997
tha,2006,0.4532935917377472
tha,2007,0.41905680298805237
tha,2008,0.3853440582752228
tha,2009,0.35340023040771484
tha,2010,0.32183387875556946
tha,2011,0.29298272728919983
tha,2012,0.26637816429138184
tha,2013,0.24376168847084045
tha,2014,0.22466735541820526
tha,2015,0.20866945385932922
tha,2016,0.19365179538726807
tha,2017,0.1848512440919876
tjk,2000,1.9149141311645508
tjk,2001,1.8248076438903809
tjk,2002,1.7300440073013306
tjk,2003,1.6407593488693237
tjk,2004,1.5666444301605225
tjk,2005,1.5062568187713623
tjk,2006,1.4510613679885864
tjk,2007,1.4065449237823486
tjk,2008,1.359814167022705
tjk,2009,1.311133623123169
tjk,2010,1.2529348134994507
tjk,2011,1.1902672052383423
tjk,2012,1.1263538599014282
tjk,2013,1.0665080547332764
tjk,2014,1.0135095119476318
tjk,2015,0.9620078802108765
tjk,2016,0.9167173504829407
tjk,2017,0.883502721786499
tkm,2000,1.8279370069503784
tkm,2001,1.7869848012924194
tkm,2002,1.7485078573226929
tkm,2003,1.709653615951538
tkm,2004,1.6686275005340576
tkm,2005,1.6306487321853638
tkm,2006,1.5943691730499268
tkm,2007,1.5585790872573853
tkm,2008,1.5299084186553955
tkm,2009,1.5032625198364258
tkm,2010,1.4743863344192505
tkm,2011,1.447053074836731
tkm,2012,1.4192122220993042
tkm,2013,1.3885456323623657
tkm,2014,1.3588387966156006
tkm,2015,1.3218404054641724
tkm,2016,1.2873661518096924
tkm,2017,1.260892391204834
tls,2000,2.9360604286193848
tls,2001,2.7936851978302
tls,2002,2.6566202640533447
tls,2003,2.5239102840423584
tls,2004,2.400176525115967
tls,2005,2.284513473510742
tls,2006,2.1770613193511963
tls,2007,2.083277463912964
tls,2008,1.9979709386825562
tls,2009,1.9243667125701904
tls,2010,1.8561594486236572
tls,2011,1.7937023639678955
tls,2012,1.734006404876709
tls,2013,1.6813640594482422
tls,2014,1.6338008642196655
tls,2015,1.5854958295822144
tls,2016,1.5396058559417725
tls,2017,1.5105637311935425
ton,2000,0.4390292465686798
ton,2001,0.4321441352367401
ton,2002,0.4209882915019989
ton,2003,0.393629789352417
ton,2004,0.3871650993824005
ton,2005,0.3840969204902649
ton,2006,0.38497334718704224
ton,2007,0.38896194100379944
ton,2008,0.4115180969238281
ton,2009,0.4182850122451782
ton,2010,0.42713984847068787
ton,2011,0.4121469557285309
ton,2012,0.4190019369125366
ton,2013,0.40443098545074463
ton,2014,0.4083338975906372
ton,2015,0.3897055387496948
ton,2016,0.3923615515232086
ton,2017,0.3734501004219055
tto,2000,0.49990081787109375
tto,2001,0.9278653264045715
tto,2002,0.977003812789917
tto,2003,0.5429611206054688
tto,2004,0.7050939202308655
tto,2005,1.2255971431732178
tto,2006,0.8416390419006348
tto,2007,0.9653675556182861
tto,2008,1.463715672492981
tto,2009,1.595305323600769
tto,2010,1.0019093751907349
tto,2011,0.9252480864524841
tto,2012,1.136060357093811
tto,2013,1.1088021993637085
tto,2014,1.0780266523361206
tto,2015,1.0489195585250854
tto,2016,1.017543911933899
tto,2017,0.9859018325805664
tun,2000,1.2819843292236328
tun,2001,1.1658893823623657
tun,2002,1.0693693161010742
tun,2003,0.9796115756034851
tun,2004,0.8952793478965759
tun,2005,0.8117799162864685
tun,2006,0.7330412864685059
tun,2007,0.6569391489028931
tun,2008,0.5892863273620605
tun,2009,0.5271116495132446
tun,2010,0.4722701609134674
tun,2011,0.4250987470149994
tun,2012,0.387973427772522
tun,2013,0.35653701424598694
tun,2014,0.329522043466568
tun,2015,0.3056204617023468
tun,2016,0.2878416180610657
tun,2017,0.2782439887523651
tur,2000,0.29302752017974854
tur,2001,0.2773939371109009
tur,2002,0.2587548792362213
tur,2003,0.24227556586265564
tur,2004,0.2268243134021759
tur,2005,0.21172617375850677
tur,2006,0.1965147703886032
tur,2007,0.1819888800382614
tur,2008,0.16822054982185364
tur,2009,0.18541595339775085
tur,2010,0.12206760048866272
tur,2011,0.12385139614343643
tur,2012,0.0835680216550827
tur,2013,0.11208752542734146
tur,2014,0.09940075129270554
tur,2015,0.09465488791465759
tur,2016,0.08667615801095963
tur,2017,0.07811583578586578
tuv,2000,2.2209794521331787
tuv,2001,1.848056674003601
tuv,2002,1.8122512102127075
tuv,2003,1.7935519218444824
tuv,2004,1.7802475690841675
tuv,2005,1.7615458965301514
tuv,2006,1.4560223817825317
tuv,2007,1.4317317008972168
tuv,2008,1.4068728685379028
tuv,2009,1.3828147649765015
tuv,2010,1.3499587774276733
tuv,2011,1.0526119470596313
tuv,2012,1.0218404531478882
tuv,2013,0.990082859992981
tuv,2014,0.9625879526138306
tuv,2015,0.9332173466682434
tuv,2016,0.9013339281082153
tuv,2017,0.8866826891899109
tza,2000,2.581209897994995
tza,2001,2.4894216060638428
tza,2002,2.3972694873809814
tza,2003,2.3022406101226807
tza,2004,2.2126893997192383
tza,2005,2.131558656692505
tza,2006,2.057986259460449
tza,2007,1.9876306056976318
tza,2008,1.9195574522018433
tza,2009,1.8548359870910645
tza,2010,1.7959305047988892
tza,2011,1.7451915740966797
tza,2012,1.7051478624343872
tza,2013,1.662782073020935
tza,2014,1.6181907653808594
tza,2015,1.5736770629882812
tza,2016,1.5309725999832153
tza,2017,1.497975468635559
uga,2000,2.2528316974639893
uga,2001,2.1858696937561035
uga,2002,2.123965263366699
uga,2003,2.065441131591797
uga,2004,2.013502836227417
uga,2005,1.9727879762649536
uga,2006,1.9378859996795654
uga,2007,1.89730703830719
uga,2008,1.8534727096557617
uga,2009,1.8076399564743042
uga,2010,1.7651405334472656
uga,2011,1.714609980583191
uga,2012,1.666271686553955
uga,2013,1.6109330654144287
uga,2014,1.5495164394378662
uga,2015,1.4878908395767212
uga,2016,1.4282569885253906
uga,2017,1.3800066709518433
ukr,2000,0.9878596663475037
ukr,2001,0.9122282266616821
ukr,2002,0.8355811238288879
ukr,2003,0.7537336945533752
ukr,2004,0.6750879287719727
ukr,2005,0.615435004234314
ukr,2006,0.5692239999771118
ukr,2007,0.5357571244239807
ukr,2008,0.5074604749679565
ukr,2009,0.47895434498786926
ukr,2010,0.45117560029029846
ukr,2011,0.42321550846099854
ukr,2012,0.39625659584999084
ukr,2013,0.37090736627578735
ukr,2014,0.3489845395088196
ukr,2015,0.3311890661716461
ukr,2016,0.313829630613327
ukr,2017,0.3025449812412262
ury,2000,0.2051340788602829
ury,2001,0.18603764474391937
ury,2002,0.12235955148935318
ury,2003,0.14540976285934448
ury,2004,0.16392290592193604
ury,2005,0.06797774136066437
ury,2006,0.1101558580994606
ury,2007,0.06107352674007416
ury,2008,0.06271505355834961
ury,2009,0.12762778997421265
ury,2010,0.08380193263292313
ury,2011,0.06999696046113968
ury,2012,0.05850943922996521
ury,2013,0.02016463503241539
ury,2014,0.02186380699276924
ury,2015,0.06715844571590424
ury,2016,0.0326397679746151
ury,2017,0.0314931645989418
usa,2000,0.0338030606508255
usa,2001,0.031242240220308304
usa,2002,0.0361974835395813
usa,2003,0.03074829652905464
usa,2004,0.025752825662493706
usa,2005,0.02683551423251629
usa,2006,0.027995821088552475
usa,2007,0.02980748377740383
usa,2008,0.020031653344631195
usa,2009,0.02553093060851097
usa,2010,0.021367980167269707
usa,2011,0.01919451169669628
usa,2012,0.019117841497063637
usa,2013,0.01708603836596012
usa,2014,0.016796983778476715
usa,2015,0.01570264995098114
usa,2016,0.015773145481944084
usa,2017,0.015326397493481636
uzb,2000,1.7048389911651611
uzb,2001,1.6414899826049805
uzb,2002,1.577998399734497
uzb,2003,1.5161082744598389
uzb,2004,1.4565750360488892
uzb,2005,1.397914171218872
uzb,2006,1.3373525142669678
uzb,2007,1.2774850130081177
uzb,2008,1.2181429862976074
uzb,2009,1.1557307243347168
uzb,2010,1.0858302116394043
uzb,2011,1.0087602138519287
uzb,2012,0.934472918510437
uzb,2013,0.8646888732910156
uzb,2014,0.8008213043212891
uzb,2015,0.7393795251846313
uzb,2016,0.6842475533485413
uzb,2017,0.6409353613853455
vct,2000,0.0
vct,2001,0.0
vct,2002,0.0
vct,2003,0.0
vct,2004,0.0
vct,2005,0.0
vct,2006,0.15500475466251373
vct,2007,0.15225663781166077
vct,2008,0.29043397307395935
vct,2009,0.13220518827438354
vct,2010,0.2566505968570709
vct,2011,0.12454710155725479
vct,2012,0.12640191614627838
vct,2013,0.0
vct,2014,0.2845759689807892
vct,2015,0.37050119042396545
vct,2016,0.45428186655044556
vct,2017,0.23734329640865326
ven,2000,0.32309138774871826
ven,2001,0.330319881439209
ven,2002,0.3391588628292084
ven,2003,0.29013606905937195
ven,2004,0.41568508744239807
ven,2005,0.4926058351993561
ven,2006,0.6196585297584534
ven,2007,0.5691878199577332
ven,2008,0.6711549758911133
ven,2009,0.6935055255889893
ven,2010,0.7049863934516907
ven,2011,0.7189548015594482
ven,2012,0.7546221613883972
ven,2013,0.7037103176116943
ven,2014,0.8484473824501038
ven,2015,0.9710620641708374
ven,2016,1.1400513648986816
ven,2017,1.3320392370224
vnm,2000,1.391954779624939
vnm,2001,1.312765121459961
vnm,2002,1.2417508363723755
vnm,2003,1.1890772581100464
vnm,2004,1.1429541110992432
vnm,2005,1.1092076301574707
vnm,2006,1.078147292137146
vnm,2007,1.0434002876281738
vnm,2008,1.0061235427856445
vnm,2009,0.972242534160614
vnm,2010,0.939365029335022
vnm,2011,0.920383870601654
vnm,2012,0.9021392464637756
vnm,2013,0.8855683207511902
vnm,2014,0.8646266460418701
vnm,2015,0.8405722975730896
vnm,2016,0.8095969557762146
vnm,2017,0.7931026220321655
vut,2000,0.8721698522567749
vut,2001,0.8600176572799683
vut,2002,0.8677818179130554
vut,2003,0.8746470808982849
vut,2004,0.8932721018791199
vut,2005,0.8938674330711365
vut,2006,0.9048120379447937
vut,2007,0.9282256364822388
vut,2008,0.9348539113998413
vut,2009,0.9449251890182495
vut,2010,0.96595299243927
vut,2011,0.9837872982025146
vut,2012,0.9907008409500122
vut,2013,0.980206310749054
vut,2014,0.9705334305763245
vut,2015,0.9482522010803223
vut,2016,0.9257917404174805
vut,2017,0.9069374203681946
wsm,2000,0.642912745475769
wsm,2001,0.6120535731315613
wsm,2002,0.583472490310669
wsm,2003,0.555383026599884
wsm,2004,0.5340524315834045
wsm,2005,0.5248695611953735
wsm,2006,0.5090095400810242
wsm,2007,0.4981068968772888
wsm,2008,0.5005053877830505
wsm,2009,0.49727359414100647
wsm,2010,0.49578753113746643
wsm,2011,0.4949532151222229
wsm,2012,0.493561714887619
wsm,2013,0.4791935086250305
wsm,2014,0.473404198884964
wsm,2015,0.45705097913742065
wsm,2016,0.4378472864627838
wsm,2017,0.4309862554073334
yem,2000,2.8367419242858887
yem,2001,2.765181303024292
yem,2002,2.69507098197937
yem,2003,2.6122970581054688
yem,2004,2.516738176345825
yem,2005,2.415410280227661
yem,2006,2.3227639198303223
yem,2007,2.233700752258301
yem,2008,2.1507983207702637
yem,2009,2.0700411796569824
yem,2010,2.0021374225616455
yem,2011,1.9631521701812744
yem,2012,1.9420356750488281
yem,2013,1.9363210201263428
yem,2014,1.9330053329467773
yem,2015,1.9362760782241821
yem,2016,1.9280768632888794
yem,2017,1.926998257637024
zaf,2000,1.4981716871261597
zaf,2001,1.4635289907455444
zaf,2002,1.430543065071106
zaf,2003,1.3957960605621338
zaf,2004,1.3617348670959473
zaf,2005,1.324386715888977
zaf,2006,1.2469079494476318
zaf,2007,1.319419026374817
zaf,2008,1.1580849885940552
zaf,2009,1.0152668952941895
zaf,2010,1.0549113750457764
zaf,2011,0.8290396332740784
zaf,2012,0.7333093285560608
zaf,2013,0.6441951990127563
zaf,2014,0.6020018458366394
zaf,2015,0.5694307684898376
zaf,2016,0.578938364982605
zaf,2017,0.5664923787117004
zmb,2000,2.819427490234375
zmb,2001,2.7492258548736572
zmb,2002,2.6434407234191895
zmb,2003,2.51349139213562
zmb,2004,2.3782293796539307
zmb,2005,2.2529473304748535
zmb,2006,2.1471195220947266
zmb,2007,2.0688674449920654
zmb,2008,2.0093495845794678
zmb,2009,1.959722876548767
zmb,2010,1.9154555797576904
zmb,2011,1.870047688484192
zmb,2012,1.8120770454406738
zmb,2013,1.7510098218917847
zmb,2014,1.6890522241592407
zmb,2015,1.6352436542510986
zmb,2016,1.5874236822128296
zmb,2017,1.5532723665237427
zwe,2000,1.979678988456726
zwe,2001,1.9894299507141113
zwe,2002,2.0215671062469482
zwe,2003,2.066396474838257
zwe,2004,2.1092705726623535
zwe,2005,2.1476263999938965
zwe,2006,2.1818392276763916
zwe,2007,2.2052786350250244
zwe,2008,2.2082717418670654
zwe,2009,2.179069995880127
zwe,2010,2.112915277481079
zwe,2011,2.020287036895752
zwe,2012,1.916032075881958
zwe,2013,1.8137619495391846
zwe,2014,1.7134016752243042
zwe,2015,1.6241053342819214
zwe,2016,1.5466786623001099
zwe,2017,1.4957371950149536
