country,year,post8
afg,2000,285.0
afg,2001,283.0
afg,2002,370.0
afg,2003,197.0
afg,2004,93.0
afg,2005,63.0
afg,2006,53.0
afg,2007,56.0
afg,2008,44.0
afg,2009,39.0
afg,2010,46.0
afg,2011,55.0
afg,2012,26.0
afg,2013,22.0
afg,2014,31.0
afg,2015,40.0
afg,2016,68.0
afg,2017,68.0
ago,2000,15677.171587085415
ago,2001,15923.230176397043
ago,2002,16313.409149720952
ago,2003,16015.109997261538
ago,2004,15309.08993986178
ago,2005,14362.986662640695
ago,2006,13165.681612132132
ago,2007,11862.915366797966
ago,2008,10490.969485301728
ago,2009,9196.34215203452
ago,2010,8163.623185362298
ago,2011,7387.293885589684
ago,2012,6866.835963226115
ago,2013,6628.046591143156
ago,2014,6787.053585962236
ago,2015,6861.723647386905
ago,2016,6800.895440681053
ago,2017,6704.689577582373
alb,2000,0.0
alb,2001,0.0
alb,2002,0.0
alb,2003,0.0
alb,2004,0.0
alb,2005,0.0
alb,2006,0.0
alb,2007,0.0
alb,2008,0.0
alb,2009,0.0
alb,2010,0.0
alb,2011,0.0
alb,2012,0.0
alb,2013,0.0
alb,2014,0.0
alb,2015,0.0
alb,2016,0.0
alb,2017,0.0
and,2000,0.0
and,2001,0.0
and,2002,0.0
and,2003,0.0
and,2004,0.0
and,2005,0.0
and,2006,0.0
and,2007,0.0
and,2008,0.0
and,2009,0.0
and,2010,0.0
and,2011,0.0
and,2012,0.0
and,2013,0.0
and,2014,0.0
and,2015,0.0
and,2016,0.0
and,2017,0.0
are,2000,0.0
are,2001,0.0
are,2002,0.0
are,2003,0.0
are,2004,0.0
are,2005,0.0
are,2006,0.0
are,2007,0.0
are,2008,0.0
are,2009,0.0
are,2010,0.0
are,2011,0.0
are,2012,0.0
are,2013,0.0
are,2014,0.0
are,2015,0.0
are,2016,0.0
are,2017,0.0
arg,2000,0.0
arg,2001,0.0
arg,2002,0.0
arg,2003,0.0
arg,2004,0.0
arg,2005,0.0
arg,2006,0.0
arg,2007,0.0
arg,2008,0.0
arg,2009,0.0
arg,2010,0.0
arg,2011,0.0
arg,2012,0.0
arg,2013,0.0
arg,2014,0.0
arg,2015,0.0
arg,2016,0.0
arg,2017,0.0
arm,2000,0.0
arm,2001,0.0
arm,2002,0.0
arm,2003,0.0
arm,2004,0.0
arm,2005,0.0
arm,2006,0.0
arm,2007,0.0
arm,2008,0.0
arm,2009,0.0
arm,2010,0.0
arm,2011,0.0
arm,2012,0.0
arm,2013,0.0
arm,2014,0.0
arm,2015,0.0
arm,2016,0.0
arm,2017,0.0
atg,2000,0.0
atg,2001,0.0
atg,2002,0.0
atg,2003,0.0
atg,2004,0.0
atg,2005,0.0
atg,2006,0.0
atg,2007,0.0
atg,2008,0.0
atg,2009,0.0
atg,2010,0.0
atg,2011,0.0
atg,2012,0.0
atg,2013,0.0
atg,2014,0.0
atg,2015,0.0
atg,2016,0.0
atg,2017,0.0
aus,2000,0.0
aus,2001,0.0
aus,2002,0.0
aus,2003,0.0
aus,2004,0.0
aus,2005,0.0
aus,2006,0.0
aus,2007,0.0
aus,2008,0.0
aus,2009,0.0
aus,2010,2.9440249090815724
aus,2011,0.0
aus,2012,0.0
aus,2013,0.0
aus,2014,0.0
aus,2015,0.0
aus,2016,0.0
aus,2017,0.0
aut,2000,0.0
aut,2001,0.0
aut,2002,0.0
aut,2003,0.0
aut,2004,0.0
aut,2005,0.0
aut,2006,0.0
aut,2007,0.0
aut,2008,0.0
aut,2009,0.0
aut,2010,0.0
aut,2011,0.0
aut,2012,0.0
aut,2013,0.0
aut,2014,0.0
aut,2015,0.0
aut,2016,0.0
aut,2017,0.0
aze,2000,0.0
aze,2001,0.0
aze,2002,0.0
aze,2003,0.0
aze,2004,0.0
aze,2005,0.0
aze,2006,0.0
aze,2007,0.0
aze,2008,0.0
aze,2009,0.0
aze,2010,0.0
aze,2011,0.0
aze,2012,0.0
aze,2013,0.0
aze,2014,0.0
aze,2015,0.0
aze,2016,0.0
aze,2017,0.0
bdi,2000,11116.283265901506
bdi,2001,10162.027890500784
bdi,2002,8701.81603211198
bdi,2003,7639.2450391944085
bdi,2004,6358.458379766809
bdi,2005,5085.398241526093
bdi,2006,4334.962075592628
bdi,2007,3681.7724310732106
bdi,2008,3231.09641969255
bdi,2009,2907.7059006271475
bdi,2010,2677.569683914648
bdi,2011,2534.0534678974304
bdi,2012,2618.809796583093
bdi,2013,2531.8584296077233
bdi,2014,2568.3662006803333
bdi,2015,2574.0038696416837
bdi,2016,2611.6461057431434
bdi,2017,2621.6264202662883
bel,2000,0.0
bel,2001,0.0
bel,2002,0.0
bel,2003,0.0
bel,2004,0.0
bel,2005,0.0
bel,2006,0.0
bel,2007,0.0
bel,2008,0.0
bel,2009,0.0
bel,2010,0.0
bel,2011,0.0
bel,2012,0.0
bel,2013,0.0
bel,2014,0.0
bel,2015,0.0
bel,2016,0.0
bel,2017,0.0
ben,2000,7065.794830190907
ben,2001,6703.338865703937
ben,2002,6745.7073428822305
ben,2003,7152.260390427257
ben,2004,7910.0183002310405
ben,2005,8847.358123242046
ben,2006,9712.636497830674
ben,2007,9845.994305200511
ben,2008,9390.090139968483
ben,2009,8531.57827149934
ben,2010,7509.11476064776
ben,2011,6768.656745686097
ben,2012,6133.0114387144395
ben,2013,5802.345618083174
ben,2014,5855.284932549591
ben,2015,5994.39032141383
ben,2016,6234.160992365526
ben,2017,6400.1138409468
bfa,2000,38282.75224028644
bfa,2001,38377.53219412027
bfa,2002,37781.62678721876
bfa,2003,36525.087935512456
bfa,2004,34967.36581832057
bfa,2005,33710.78913284197
bfa,2006,33229.770142604764
bfa,2007,33197.877178298586
bfa,2008,33020.621788869306
bfa,2009,32501.44635152401
bfa,2010,30572.74819046447
bfa,2011,27349.683682843923
bfa,2012,23092.837417808965
bfa,2013,19057.18946700801
bfa,2014,17121.98589858411
bfa,2015,14603.630261117796
bfa,2016,12772.707981474048
bfa,2017,11651.064116257367
bgd,2000,37.0
bgd,2001,38.0
bgd,2002,38.0
bgd,2003,39.0
bgd,2004,40.0
bgd,2005,40.0
bgd,2006,31.0
bgd,2007,34.0
bgd,2008,59.0
bgd,2009,35.0
bgd,2010,61.0
bgd,2011,56.0
bgd,2012,19.0
bgd,2013,13.0
bgd,2014,29.0
bgd,2015,24.0
bgd,2016,16.0
bgd,2017,17.0
bgr,2000,0.0
bgr,2001,0.0
bgr,2002,0.0
bgr,2003,0.0
bgr,2004,0.0
bgr,2005,0.0
bgr,2006,0.0
bgr,2007,0.0
bgr,2008,0.0
bgr,2009,0.0
bgr,2010,0.0
bgr,2011,0.0
bgr,2012,0.0
bgr,2013,0.0
bgr,2014,0.0
bgr,2015,0.0
bgr,2016,0.0
bgr,2017,0.0
bhr,2000,0.0
bhr,2001,0.0
bhr,2002,0.0
bhr,2003,0.0
bhr,2004,0.0
bhr,2005,0.0
bhr,2006,0.0
bhr,2007,0.0
bhr,2008,0.0
bhr,2009,0.0
bhr,2010,0.0
bhr,2011,0.0
bhr,2012,0.0
bhr,2013,0.0
bhr,2014,0.0
bhr,2015,0.0
bhr,2016,0.0
bhr,2017,0.0
bhs,2000,0.0
bhs,2001,0.0
bhs,2002,0.0
bhs,2003,0.0
bhs,2004,0.0
bhs,2005,0.0
bhs,2006,0.0
bhs,2007,0.0
bhs,2008,0.0
bhs,2009,0.0
bhs,2010,0.0
bhs,2011,0.0
bhs,2012,0.0
bhs,2013,0.0
bhs,2014,0.0
bhs,2015,0.0
bhs,2016,0.0
bhs,2017,0.0
bih,2000,0.0
bih,2001,0.0
bih,2002,0.0
bih,2003,0.0
bih,2004,0.0
bih,2005,0.0
bih,2006,0.0
bih,2007,0.0
bih,2008,0.0
bih,2009,0.0
bih,2010,0.0
bih,2011,0.0
bih,2012,0.0
bih,2013,0.0
bih,2014,0.0
bih,2015,0.0
bih,2016,0.0
bih,2017,0.0
blr,2000,0.0
blr,2001,0.0
blr,2002,0.0
blr,2003,0.0
blr,2004,0.0
blr,2005,0.0
blr,2006,0.0
blr,2007,0.0
blr,2008,0.0
blr,2009,0.0
blr,2010,0.0
blr,2011,0.0
blr,2012,0.0
blr,2013,0.0
blr,2014,0.0
blr,2015,0.0
blr,2016,0.0
blr,2017,0.0
blz,2000,0.0
blz,2001,0.0
blz,2002,0.0
blz,2003,0.0
blz,2004,0.0
blz,2005,0.0
blz,2006,0.0
blz,2007,0.0
blz,2008,0.0
blz,2009,0.0
blz,2010,0.0
blz,2011,0.0
blz,2012,0.0
blz,2013,0.0
blz,2014,0.0
blz,2015,0.0
blz,2016,0.0
blz,2017,0.0
bol,2000,5.0
bol,2001,2.0
bol,2002,2.0
bol,2003,2.0
bol,2004,2.0
bol,2005,3.0
bol,2006,3.0
bol,2007,2.0
bol,2008,1.0
bol,2009,1.0
bol,2010,2.0
bol,2011,1.0
bol,2012,1.0
bol,2013,1.0
bol,2014,1.0
bol,2015,0.0
bol,2016,0.0
bol,2017,0.0
bra,2000,55.0
bra,2001,31.0
bra,2002,21.0
bra,2003,23.0
bra,2004,22.0
bra,2005,27.0
bra,2006,24.0
bra,2007,20.0
bra,2008,15.0
bra,2009,19.0
bra,2010,17.0
bra,2011,15.0
bra,2012,13.0
bra,2013,8.0
bra,2014,8.0
bra,2015,7.0
bra,2016,7.0
bra,2017,6.0
brb,2000,0.0
brb,2001,0.0
brb,2002,0.0
brb,2003,0.0
brb,2004,0.0
brb,2005,0.0
brb,2006,0.0
brb,2007,0.0
brb,2008,0.0
brb,2009,0.0
brb,2010,0.0
brb,2011,0.0
brb,2012,0.0
brb,2013,0.0
brb,2014,0.0
brb,2015,0.0
brb,2016,0.0
brb,2017,0.0
brn,2000,0.0
brn,2001,0.0
brn,2002,0.0
brn,2003,0.0
brn,2004,0.0
brn,2005,0.0
brn,2006,0.0
brn,2007,0.0
brn,2008,0.0
brn,2009,0.0
brn,2010,0.0
brn,2011,0.0
brn,2012,0.0
brn,2013,0.0
brn,2014,0.0
brn,2015,0.0
brn,2016,0.0
brn,2017,0.0
btn,2000,3.0
btn,2001,3.0
btn,2002,2.0
btn,2003,3.0
btn,2004,1.0
btn,2005,1.0
btn,2006,1.0
btn,2007,0.0
btn,2008,0.0
btn,2009,0.0
btn,2010,0.0
btn,2011,0.0
btn,2012,0.0
btn,2013,0.0
btn,2014,0.0
btn,2015,0.0
btn,2016,0.0
btn,2017,0.0
bwa,2000,17.0
bwa,2001,7.0
bwa,2002,3.0
bwa,2003,2.0
bwa,2004,1.0
bwa,2005,1.0
bwa,2006,4.0
bwa,2007,1.0
bwa,2008,1.0
bwa,2009,1.0
bwa,2010,1.0
bwa,2011,0.0
bwa,2012,0.0
bwa,2013,0.0
bwa,2014,1.0
bwa,2015,0.0
bwa,2016,0.0
bwa,2017,1.0
caf,2000,5759.730364141826
caf,2001,6163.884348620546
caf,2002,6837.766519946955
caf,2003,7425.053927784078
caf,2004,8008.527100961832
caf,2005,8281.287225067468
caf,2006,8665.537420855395
caf,2007,8606.51284962678
caf,2008,8089.700581726715
caf,2009,7670.099712965008
caf,2010,6945.419743975569
caf,2011,6197.951335753407
caf,2012,5507.606392371191
caf,2013,4872.379216455278
caf,2014,4430.132014287304
caf,2015,4042.5122605487045
caf,2016,3738.101948146575
caf,2017,3526.5169869427996
can,2000,0.0
can,2001,0.0
can,2002,0.0
can,2003,0.0
can,2004,0.0
can,2005,0.0
can,2006,0.0
can,2007,0.0
can,2008,0.0
can,2009,0.0
can,2010,0.0
can,2011,0.0
can,2012,0.0
can,2013,0.0
can,2014,0.0
can,2015,0.0
can,2016,0.0
can,2017,0.0
che,2000,0.0
che,2001,0.0
che,2002,0.0
che,2003,0.0
che,2004,0.0
che,2005,0.0
che,2006,0.0
che,2007,0.0
che,2008,0.0
che,2009,0.0
che,2010,0.0
che,2011,0.0
che,2012,0.0
che,2013,0.0
che,2014,0.0
che,2015,0.0
che,2016,0.0
che,2017,0.0
chl,2000,0.0
chl,2001,0.0
chl,2002,0.0
chl,2003,0.0
chl,2004,0.0
chl,2005,0.0
chl,2006,0.0
chl,2007,0.0
chl,2008,0.0
chl,2009,0.0
chl,2010,0.0
chl,2011,0.0
chl,2012,0.0
chl,2013,0.0
chl,2014,0.0
chl,2015,0.0
chl,2016,0.0
chl,2017,0.0
chn,2000,6.0
chn,2001,6.0
chn,2002,9.0
chn,2003,11.0
chn,2004,6.0
chn,2005,10.0
chn,2006,8.0
chn,2007,4.0
chn,2008,5.0
chn,2009,2.0
chn,2010,4.0
chn,2011,7.0
chn,2012,0.0
chn,2013,0.0
chn,2014,0.0
chn,2015,0.0
chn,2016,0.0
chn,2017,0.0
civ,2000,27892.198307048788
civ,2001,29788.734354294727
civ,2002,29975.429390776688
civ,2003,27925.50491376898
civ,2004,23515.220466423012
civ,2005,19077.406065469866
civ,2006,15954.136179723391
civ,2007,14896.480382134847
civ,2008,14406.738071577458
civ,2009,14598.197274492286
civ,2010,13540.69027560737
civ,2011,11493.451404506659
civ,2012,8948.261446368599
civ,2013,7227.308757182092
civ,2014,6055.25777234382
civ,2015,5966.107308134545
civ,2016,5647.800011692899
civ,2017,5548.49496721638
cmr,2000,16441.02015935216
cmr,2001,18186.634066074
cmr,2002,21013.01436448936
cmr,2003,23181.75517218214
cmr,2004,24399.667251980343
cmr,2005,23930.40202568983
cmr,2006,21678.64510120941
cmr,2007,18036.65850858526
cmr,2008,14688.600962308832
cmr,2009,12393.949532773719
cmr,2010,10793.982248093822
cmr,2011,10259.736939163759
cmr,2012,10668.979764829663
cmr,2013,10807.626983485254
cmr,2014,10916.57961289539
cmr,2015,10677.656036732202
cmr,2016,10184.012114073625
cmr,2017,9703.776370445234
cod,2000,84607.189603641
cod,2001,85026.24522596315
cod,2002,89040.57304908897
cod,2003,93806.439238451
cod,2004,100469.26998361267
cod,2005,100092.35093069037
cod,2006,99698.11201324702
cod,2007,90098.8009163324
cod,2008,78775.45252648034
cod,2009,68116.84300513366
cod,2010,56528.490863970925
cod,2011,47719.90498218417
cod,2012,42512.82135731191
cod,2013,40284.62643433282
cod,2014,39768.447554822764
cod,2015,39371.63359773588
cod,2016,39273.78274990596
cod,2017,38636.52020429961
cog,2000,1911.354851648615
cog,2001,2065.298315339609
cog,2002,2120.06264669322
cog,2003,2036.289817496011
cog,2004,1830.5614243308098
cog,2005,1554.7521521315768
cog,2006,1289.740499143372
cog,2007,1078.5595826999897
cog,2008,934.1449640538422
cog,2009,846.6319656966737
cog,2010,786.2490318746211
cog,2011,738.9518013435023
cog,2012,709.3831438459272
cog,2013,720.8751463169914
cog,2014,694.1205320041888
cog,2015,661.9666452389507
cog,2016,622.0723726992597
cog,2017,583.1402075964314
cok,2000,0.0
cok,2001,0.0
cok,2002,0.0
cok,2003,0.0
cok,2004,0.0
cok,2005,0.0
cok,2006,0.0
cok,2007,0.0
cok,2008,0.0
cok,2009,0.0
cok,2010,0.0
cok,2011,0.0
cok,2012,0.0
cok,2013,0.0
cok,2014,0.0
cok,2015,0.0
cok,2016,0.0
cok,2017,0.0
col,2000,28.0
col,2001,38.0
col,2002,36.0
col,2003,26.0
col,2004,28.0
col,2005,19.0
col,2006,17.0
col,2007,15.0
col,2008,12.0
col,2009,6.0
col,2010,9.0
col,2011,5.0
col,2012,5.0
col,2013,2.0
col,2014,3.0
col,2015,0.0
col,2016,0.0
col,2017,0.0
com,2000,31.0
com,2001,30.0
com,2002,30.0
com,2003,30.0
com,2004,30.0
com,2005,29.0
com,2006,29.0
com,2007,29.0
com,2008,29.0
com,2009,28.0
com,2010,29.0
com,2011,18.0
com,2012,45.0
com,2013,49.0
com,2014,1.0
com,2015,0.0
com,2016,0.0
com,2017,1.0
cpv,2000,0.0
cpv,2001,0.0
cpv,2002,0.0
cpv,2003,0.0
cpv,2004,0.0
cpv,2005,0.0
cpv,2006,1.0
cpv,2007,0.0
cpv,2008,0.0
cpv,2009,0.0
cpv,2010,0.0
cpv,2011,0.0
cpv,2012,0.0
cpv,2013,0.0
cpv,2014,0.0
cpv,2015,0.0
cpv,2016,0.0
cpv,2017,0.0
cri,2000,0.0
cri,2001,0.0
cri,2002,0.0
cri,2003,0.0
cri,2004,0.0
cri,2005,0.0
cri,2006,0.0
cri,2007,0.0
cri,2008,0.0
cri,2009,0.0
cri,2010,0.0
cri,2011,0.0
cri,2012,0.0
cri,2013,0.0
cri,2014,0.0
cri,2015,0.0
cri,2016,0.0
cri,2017,0.0
cub,2000,0.0
cub,2001,0.0
cub,2002,0.0
cub,2003,0.0
cub,2004,0.0
cub,2005,0.0
cub,2006,0.0
cub,2007,0.0
cub,2008,0.0
cub,2009,0.0
cub,2010,0.0
cub,2011,0.0
cub,2012,0.0
cub,2013,0.0
cub,2014,0.0
cub,2015,0.0
cub,2016,0.0
cub,2017,0.0
cyp,2000,0.0
cyp,2001,0.0
cyp,2002,0.0
cyp,2003,0.0
cyp,2004,0.0
cyp,2005,0.0
cyp,2006,0.0
cyp,2007,0.0
cyp,2008,0.0
cyp,2009,0.0
cyp,2010,0.0
cyp,2011,0.0
cyp,2012,0.0
cyp,2013,0.0
cyp,2014,0.0
cyp,2015,0.0
cyp,2016,0.0
cyp,2017,0.0
cze,2000,0.0
cze,2001,0.0
cze,2002,0.0
cze,2003,0.0
cze,2004,0.0
cze,2005,0.0
cze,2006,0.0
cze,2007,0.0
cze,2008,0.0
cze,2009,0.0
cze,2010,0.0
cze,2011,0.0
cze,2012,0.0
cze,2013,0.0
cze,2014,0.0
cze,2015,0.0
cze,2016,0.0
cze,2017,0.0
deu,2000,0.0
deu,2001,0.0
deu,2002,0.0
deu,2003,0.0
deu,2004,0.0
deu,2005,0.0
deu,2006,0.0
deu,2007,0.0
deu,2008,0.0
deu,2009,0.0
deu,2010,0.0
deu,2011,0.0
deu,2012,0.0
deu,2013,0.0
deu,2014,0.0
deu,2015,0.0
deu,2016,0.0
deu,2017,0.0
dji,2000,2.0
dji,2001,2.0
dji,2002,3.0
dji,2003,4.0
dji,2004,4.0
dji,2005,4.0
dji,2006,2.0
dji,2007,1.0
dji,2008,1.0
dji,2009,0.0
dji,2010,0.0
dji,2011,0.0
dji,2012,0.0
dji,2013,0.0
dji,2014,0.0
dji,2015,0.0
dji,2016,0.0
dji,2017,0.0
dma,2000,0.0
dma,2001,0.0
dma,2002,0.0
dma,2003,0.0
dma,2004,0.0
dma,2005,0.0
dma,2006,0.0
dma,2007,0.0
dma,2008,0.0
dma,2009,0.0
dma,2010,0.0
dma,2011,0.0
dma,2012,0.0
dma,2013,0.0
dma,2014,0.0
dma,2015,0.0
dma,2016,0.0
dma,2017,0.0
dnk,2000,0.0
dnk,2001,0.0
dnk,2002,0.0
dnk,2003,0.0
dnk,2004,0.0
dnk,2005,0.0
dnk,2006,0.0
dnk,2007,0.0
dnk,2008,0.0
dnk,2009,0.0
dnk,2010,0.6112103615887463
dnk,2011,1.1318710399791598
dnk,2012,0.0
dnk,2013,0.0
dnk,2014,0.0
dnk,2015,0.0
dnk,2016,0.0
dnk,2017,0.0
dom,2000,0.0
dom,2001,0.0
dom,2002,0.0
dom,2003,1.0
dom,2004,1.0
dom,2005,2.0
dom,2006,2.0
dom,2007,1.0
dom,2008,1.0
dom,2009,1.0
dom,2010,2.0
dom,2011,1.0
dom,2012,0.0
dom,2013,0.0
dom,2014,0.0
dom,2015,0.0
dom,2016,0.0
dom,2017,0.0
dza,2000,0.0
dza,2001,0.0
dza,2002,0.0
dza,2003,0.0
dza,2004,0.0
dza,2005,0.0
dza,2006,0.0
dza,2007,0.0
dza,2008,0.0
dza,2009,0.0
dza,2010,0.0
dza,2011,0.0
dza,2012,0.0
dza,2013,0.0
dza,2014,0.0
dza,2015,0.0
dza,2016,0.0
dza,2017,0.0
ecu,2000,15.0
ecu,2001,19.0
ecu,2002,14.0
ecu,2003,10.0
ecu,2004,8.0
ecu,2005,4.0
ecu,2006,2.0
ecu,2007,1.0
ecu,2008,1.0
ecu,2009,1.0
ecu,2010,0.0
ecu,2011,0.0
ecu,2012,0.0
ecu,2013,0.0
ecu,2014,0.0
ecu,2015,0.0
ecu,2016,0.0
ecu,2017,0.0
egy,2000,0.0
egy,2001,0.0
egy,2002,0.0
egy,2003,0.0
egy,2004,0.0
egy,2005,0.0
egy,2006,0.0
egy,2007,0.0
egy,2008,0.0
egy,2009,0.0
egy,2010,0.0
egy,2011,0.0
egy,2012,0.0
egy,2013,0.0
egy,2014,0.0
egy,2015,0.0
egy,2016,0.0
egy,2017,0.0
eri,2000,27.0
eri,2001,41.0
eri,2002,18.0
eri,2003,27.0
eri,2004,7.0
eri,2005,14.0
eri,2006,8.0
eri,2007,14.0
eri,2008,8.0
eri,2009,9.0
eri,2010,40.0
eri,2011,35.0
eri,2012,20.0
eri,2013,21.0
eri,2014,59.0
eri,2015,31.0
eri,2016,50.0
eri,2017,57.0
esp,2000,0.0
esp,2001,0.0
esp,2002,0.0
esp,2003,0.0
esp,2004,0.0
esp,2005,0.0
esp,2006,0.0
esp,2007,0.0
esp,2008,0.0
esp,2009,0.0
esp,2010,0.0
esp,2011,0.0
esp,2012,1.3565187375411767
esp,2013,0.0
esp,2014,0.0
esp,2015,0.0
esp,2016,0.0
esp,2017,0.0
est,2000,0.0
est,2001,0.0
est,2002,0.0
est,2003,0.0
est,2004,0.0
est,2005,0.0
est,2006,0.0
est,2007,0.0
est,2008,0.0
est,2009,0.0
est,2010,0.0
est,2011,0.0
est,2012,0.0
est,2013,0.0
est,2014,0.0
est,2015,0.0
est,2016,0.0
est,2017,0.0
eth,2000,4799.0
eth,2001,5661.0
eth,2002,5890.0
eth,2003,7505.0
eth,2004,10260.0
eth,2005,7064.0
eth,2006,5857.0
eth,2007,4426.0
eth,2008,3034.0
eth,2009,4890.0
eth,2010,5135.0
eth,2011,2542.0
eth,2012,2647.0
eth,2013,2895.0
eth,2014,1870.0
eth,2015,1894.0
eth,2016,1535.0
eth,2017,1425.0
fin,2000,0.0
fin,2001,0.0
fin,2002,0.0
fin,2003,0.0
fin,2004,0.0
fin,2005,0.0
fin,2006,0.0
fin,2007,0.0
fin,2008,0.0
fin,2009,0.0
fin,2010,0.0
fin,2011,0.0
fin,2012,0.0
fin,2013,0.0
fin,2014,0.0
fin,2015,0.0
fin,2016,0.0
fin,2017,0.0
fji,2000,0.0
fji,2001,0.0
fji,2002,0.0
fji,2003,0.0
fji,2004,0.0
fji,2005,0.0
fji,2006,0.0
fji,2007,0.0
fji,2008,0.0
fji,2009,0.0
fji,2010,0.0
fji,2011,0.0
fji,2012,0.0
fji,2013,0.0
fji,2014,0.0
fji,2015,0.0
fji,2016,0.0
fji,2017,0.0
fra,2000,0.0
fra,2001,0.0
fra,2002,0.0
fra,2003,0.0
fra,2004,0.0
fra,2005,0.0
fra,2006,0.0
fra,2007,0.0
fra,2008,0.0
fra,2009,0.0
fra,2010,0.0
fra,2011,0.0
fra,2012,0.0
fra,2013,0.0
fra,2014,0.0
fra,2015,0.0
fra,2016,0.0
fra,2017,0.0
fsm,2000,0.0
fsm,2001,0.0
fsm,2002,0.0
fsm,2003,0.0
fsm,2004,0.0
fsm,2005,0.0
fsm,2006,0.0
fsm,2007,0.0
fsm,2008,0.0
fsm,2009,0.0
fsm,2010,0.0
fsm,2011,0.0
fsm,2012,0.0
fsm,2013,0.0
fsm,2014,0.0
fsm,2015,0.0
fsm,2016,0.0
fsm,2017,0.0
gab,2000,348.8959568320944
gab,2001,327.13794424770265
gab,2002,288.3275486430087
gab,2003,239.34455265936344
gab,2004,192.46270865201538
gab,2005,156.54115220315984
gab,2006,135.51522183482675
gab,2007,126.50658390185613
gab,2008,127.99811836824225
gab,2009,137.416025778527
gab,2010,152.58397547208023
gab,2011,168.6337919264399
gab,2012,181.01545163950072
gab,2013,188.88259537311754
gab,2014,191.5282464758734
gab,2015,191.25407410633088
gab,2016,187.62173033499027
gab,2017,183.02299540653124
gbr,2000,0.0
gbr,2001,0.0
gbr,2002,0.0
gbr,2003,0.0
gbr,2004,0.0
gbr,2005,0.0
gbr,2006,0.0
gbr,2007,0.0
gbr,2008,0.0
gbr,2009,0.0
gbr,2010,0.0
gbr,2011,0.0
gbr,2012,0.0
gbr,2013,0.0
gbr,2014,0.0
gbr,2015,0.0
gbr,2016,0.0
gbr,2017,0.0
geo,2000,0.0
geo,2001,0.0
geo,2002,0.0
geo,2003,0.0
geo,2004,0.0
geo,2005,0.0
geo,2006,0.0
geo,2007,0.0
geo,2008,0.0
geo,2009,0.0
geo,2010,0.0
geo,2011,0.0
geo,2012,0.0
geo,2013,0.0
geo,2014,0.0
geo,2015,0.0
geo,2016,0.0
geo,2017,0.0
gha,2000,12411.437230771286
gha,2001,11897.252502642277
gha,2002,11251.803659122956
gha,2003,10293.386987152837
gha,2004,9516.922557311049
gha,2005,8856.478275402964
gha,2006,8617.964963036124
gha,2007,8526.329090232879
gha,2008,8549.163638751132
gha,2009,8802.672377659379
gha,2010,8675.564054482798
gha,2011,8225.059923088364
gha,2012,7510.2672757618
gha,2013,6629.668774511926
gha,2014,5403.296929769995
gha,2015,4361.086009936531
gha,2016,3667.9973677701005
gha,2017,3194.2894389001544
gin,2000,11582.45462674973
gin,2001,11826.684944294113
gin,2002,11877.343058470058
gin,2003,11712.050242438538
gin,2004,11409.218462606166
gin,2005,11129.225188316424
gin,2006,10984.223714061964
gin,2007,11134.123649941494
gin,2008,11226.555834845165
gin,2009,11811.68188692135
gin,2010,11837.227814172258
gin,2011,11396.269330530795
gin,2012,10471.300553901085
gin,2013,9146.839766861041
gin,2014,8269.921834439934
gin,2015,7355.6834329545645
gin,2016,6746.319916191234
gin,2017,6314.006116803843
gmb,2000,465.2158575310265
gmb,2001,414.1091045899152
gmb,2002,379.4826463246654
gmb,2003,336.8931376735916
gmb,2004,301.07430914358144
gmb,2005,274.5356255320872
gmb,2006,255.4621795167833
gmb,2007,242.77418116198095
gmb,2008,235.6063900771966
gmb,2009,230.06135902458414
gmb,2010,241.06386606946623
gmb,2011,240.6433256218451
gmb,2012,233.81369344148558
gmb,2013,229.02144323168704
gmb,2014,224.00987563391396
gmb,2015,217.36990347185179
gmb,2016,211.48251215712796
gmb,2017,204.99905950483387
gnb,2000,876.2578824013183
gnb,2001,736.2474206682492
gnb,2002,597.0754770306223
gnb,2003,480.1565340326785
gnb,2004,394.8185150305028
gnb,2005,340.8037640209307
gnb,2006,307.8763679841
gnb,2007,290.6624203107993
gnb,2008,285.00149597348
gnb,2009,285.294691705363
gnb,2010,281.9254099570957
gnb,2011,272.4261425068186
gnb,2012,257.78433204716924
gnb,2013,244.56230161876215
gnb,2014,235.9623565638005
gnb,2015,226.70470054661982
gnb,2016,238.31052629348227
gnb,2017,230.81122772373334
gnq,2000,762.8817319763025
gnq,2001,796.1313688686972
gnq,2002,849.5872239377588
gnq,2003,918.1124018118479
gnq,2004,994.3911283921983
gnq,2005,1028.7080143102773
gnq,2006,1019.229120472122
gnq,2007,987.116317435479
gnq,2008,955.886063548026
gnq,2009,949.0412128337989
gnq,2010,985.8599784741115
gnq,2011,1015.3045705616064
gnq,2012,1000.2397274077728
gnq,2013,947.0260655750985
gnq,2014,845.7517625760502
gnq,2015,730.8068863251792
gnq,2016,649.5598454312133
gnq,2017,587.5348249171636
grc,2000,0.0
grc,2001,0.0
grc,2002,0.0
grc,2003,0.0
grc,2004,0.0
grc,2005,0.0
grc,2006,0.0
grc,2007,0.0
grc,2008,0.0
grc,2009,0.0
grc,2010,0.0
grc,2011,0.0
grc,2012,0.0
grc,2013,0.0
grc,2014,0.0
grc,2015,0.0
grc,2016,0.0
grc,2017,0.0
grd,2000,0.0
grd,2001,0.0
grd,2002,0.0
grd,2003,0.0
grd,2004,0.0
grd,2005,0.0
grd,2006,0.0
grd,2007,0.0
grd,2008,0.0
grd,2009,0.0
grd,2010,0.0
grd,2011,0.0
grd,2012,0.0
grd,2013,0.0
grd,2014,0.0
grd,2015,0.0
grd,2016,0.0
grd,2017,0.0
gtm,2000,6.0
gtm,2001,4.0
gtm,2002,5.0
gtm,2003,4.0
gtm,2004,3.0
gtm,2005,4.0
gtm,2006,3.0
gtm,2007,1.0
gtm,2008,0.0
gtm,2009,0.0
gtm,2010,0.0
gtm,2011,0.0
gtm,2012,0.0
gtm,2013,0.0
gtm,2014,0.0
gtm,2015,0.0
gtm,2016,0.0
gtm,2017,0.0
guy,2000,13.0
guy,2001,14.0
guy,2002,11.0
guy,2003,15.0
guy,2004,14.0
guy,2005,21.0
guy,2006,10.0
guy,2007,4.0
guy,2008,6.0
guy,2009,8.0
guy,2010,16.0
guy,2011,23.0
guy,2012,23.0
guy,2013,28.0
guy,2014,7.0
guy,2015,5.0
guy,2016,7.0
guy,2017,8.0
hnd,2000,5.0
hnd,2001,3.0
hnd,2002,2.0
hnd,2003,2.0
hnd,2004,2.0
hnd,2005,2.0
hnd,2006,1.0
hnd,2007,1.0
hnd,2008,1.0
hnd,2009,1.0
hnd,2010,1.0
hnd,2011,1.0
hnd,2012,1.0
hnd,2013,1.0
hnd,2014,0.0
hnd,2015,1.0
hnd,2016,1.0
hnd,2017,0.0
hrv,2000,0.0
hrv,2001,0.0
hrv,2002,0.0
hrv,2003,0.0
hrv,2004,0.0
hrv,2005,0.0
hrv,2006,0.0
hrv,2007,0.0
hrv,2008,0.0
hrv,2009,0.0
hrv,2010,0.0
hrv,2011,0.0
hrv,2012,0.0
hrv,2013,0.0
hrv,2014,0.0
hrv,2015,0.0
hrv,2016,0.0
hrv,2017,0.0
hti,2000,43.0
hti,2001,44.0
hti,2002,45.0
hti,2003,45.0
hti,2004,46.0
hti,2005,47.0
hti,2006,48.0
hti,2007,43.0
hti,2008,54.0
hti,2009,50.0
hti,2010,51.0
hti,2011,48.0
hti,2012,35.0
hti,2013,28.0
hti,2014,18.0
hti,2015,18.0
hti,2016,20.0
hti,2017,18.0
hun,2000,0.0
hun,2001,0.0
hun,2002,0.0
hun,2003,0.0
hun,2004,0.0
hun,2005,0.0
hun,2006,0.0
hun,2007,0.0
hun,2008,0.0
hun,2009,0.0
hun,2010,0.0
hun,2011,0.0
hun,2012,0.0
hun,2013,0.0
hun,2014,0.0
hun,2015,0.0
hun,2016,0.0
hun,2017,0.0
idn,2000,554.0
idn,2001,562.0
idn,2002,569.0
idn,2003,577.0
idn,2004,429.0
idn,2005,732.0
idn,2006,622.0
idn,2007,610.0
idn,2008,618.0
idn,2009,627.0
idn,2010,1041.0
idn,2011,929.0
idn,2012,921.0
idn,2013,758.0
idn,2014,557.0
idn,2015,465.0
idn,2016,517.0
idn,2017,622.0
ind,2000,4077.0
ind,2001,4392.0
ind,2002,3996.0
ind,2003,4454.0
ind,2004,4813.0
ind,2005,5180.0
ind,2006,3999.0
ind,2007,3706.0
ind,2008,3739.0
ind,2009,3615.0
ind,2010,3721.0
ind,2011,3229.0
ind,2012,2688.0
ind,2013,1988.0
ind,2014,1478.0
ind,2015,1525.0
ind,2016,1618.0
ind,2017,1341.0
irl,2000,0.0
irl,2001,0.0
irl,2002,0.0
irl,2003,0.0
irl,2004,0.0
irl,2005,0.0
irl,2006,0.0
irl,2007,0.0
irl,2008,0.0
irl,2009,0.0
irl,2010,0.0
irl,2011,0.0
irl,2012,0.0
irl,2013,0.0
irl,2014,0.0
irl,2015,0.0
irl,2016,0.0
irl,2017,0.0
irn,2000,0.0
irn,2001,0.0
irn,2002,0.0
irn,2003,1.0
irn,2004,0.0
irn,2005,0.0
irn,2006,0.0
irn,2007,0.0
irn,2008,0.0
irn,2009,0.0
irn,2010,0.0
irn,2011,0.0
irn,2012,0.0
irn,2013,0.0
irn,2014,0.0
irn,2015,0.0
irn,2016,0.0
irn,2017,0.0
irq,2000,0.0
irq,2001,0.0
irq,2002,0.0
irq,2003,0.0
irq,2004,0.0
irq,2005,0.0
irq,2006,0.0
irq,2007,0.0
irq,2008,0.0
irq,2009,0.0
irq,2010,0.0
irq,2011,0.0
irq,2012,0.0
irq,2013,0.0
irq,2014,0.0
irq,2015,0.0
irq,2016,0.0
irq,2017,0.0
isl,2000,0.0
isl,2001,0.0
isl,2002,0.0
isl,2003,0.0
isl,2004,0.0
isl,2005,0.0
isl,2006,0.0
isl,2007,0.0
isl,2008,0.0
isl,2009,0.0
isl,2010,0.0
isl,2011,0.0
isl,2012,0.0
isl,2013,0.0
isl,2014,0.0
isl,2015,0.0
isl,2016,0.0
isl,2017,0.0
isr,2000,0.0
isr,2001,0.0
isr,2002,0.0
isr,2003,0.0
isr,2004,1.634932333794123
isr,2005,0.0
isr,2006,0.0
isr,2007,0.0
isr,2008,0.0
isr,2009,0.0
isr,2010,0.0
isr,2011,0.0
isr,2012,0.0
isr,2013,0.0
isr,2014,0.0
isr,2015,0.0
isr,2016,0.0
isr,2017,0.0
ita,2000,0.0
ita,2001,0.0
ita,2002,0.0
ita,2003,0.0
ita,2004,0.0
ita,2005,0.0
ita,2006,0.0
ita,2007,0.0
ita,2008,0.0
ita,2009,0.0
ita,2010,0.0
ita,2011,0.0
ita,2012,0.0
ita,2013,1.3725672985058037
ita,2014,0.0
ita,2015,0.0
ita,2016,0.4233648553422653
ita,2017,0.41314155627860266
jam,2000,0.0
jam,2001,0.0
jam,2002,0.0
jam,2003,0.0
jam,2004,0.0
jam,2005,0.0
jam,2006,0.0
jam,2007,0.0
jam,2008,0.0
jam,2009,0.0
jam,2010,0.0
jam,2011,0.0
jam,2012,0.0
jam,2013,0.0
jam,2014,0.0
jam,2015,0.0
jam,2016,0.0
jam,2017,0.0
jor,2000,0.0
jor,2001,0.0
jor,2002,0.0
jor,2003,0.0
jor,2004,0.0
jor,2005,0.0
jor,2006,0.0
jor,2007,0.0
jor,2008,0.0
jor,2009,0.0
jor,2010,0.0
jor,2011,0.0
jor,2012,0.0
jor,2013,0.0
jor,2014,0.0
jor,2015,0.0
jor,2016,0.0
jor,2017,0.0
jpn,2000,0.0
jpn,2001,0.0
jpn,2002,0.0
jpn,2003,0.0
jpn,2004,0.0
jpn,2005,0.0
jpn,2006,0.0
jpn,2007,0.0
jpn,2008,0.0
jpn,2009,0.0
jpn,2010,0.0
jpn,2011,0.0
jpn,2012,0.0
jpn,2013,0.0
jpn,2014,0.0
jpn,2015,0.0
jpn,2016,0.0
jpn,2017,0.0
kaz,2000,0.0
kaz,2001,0.0
kaz,2002,0.0
kaz,2003,0.0
kaz,2004,0.0
kaz,2005,0.0
kaz,2006,0.0
kaz,2007,0.0
kaz,2008,0.0
kaz,2009,0.0
kaz,2010,0.0
kaz,2011,0.0
kaz,2012,0.0
kaz,2013,0.0
kaz,2014,0.0
kaz,2015,0.0
kaz,2016,0.0
kaz,2017,0.0
ken,2000,8708.980128454381
ken,2001,8703.658509696228
ken,2002,8395.902365823133
ken,2003,7637.808585537592
ken,2004,6615.652941642625
ken,2005,5428.663761813469
ken,2006,4635.1152877518725
ken,2007,4183.5779610224445
ken,2008,3823.713446899194
ken,2009,3606.629975209156
ken,2010,3504.254926682845
ken,2011,3747.7219928200316
ken,2012,3682.5250869416673
ken,2013,3578.6713129784516
ken,2014,3481.501570871516
ken,2015,3340.6623972794177
ken,2016,3194.902034450888
ken,2017,3006.999769297217
kgz,2000,0.0
kgz,2001,0.0
kgz,2002,0.0
kgz,2003,0.0
kgz,2004,0.0
kgz,2005,0.0
kgz,2006,0.0
kgz,2007,0.0
kgz,2008,0.0
kgz,2009,0.0
kgz,2010,0.0
kgz,2011,0.0
kgz,2012,0.0
kgz,2013,0.0
kgz,2014,0.0
kgz,2015,0.0
kgz,2016,0.0
kgz,2017,0.0
khm,2000,727.0
khm,2001,323.0
khm,2002,249.0
khm,2003,330.0
khm,2004,220.0
khm,2005,119.0
khm,2006,166.0
khm,2007,71.0
khm,2008,140.0
khm,2009,250.0
khm,2010,172.0
khm,2011,171.0
khm,2012,96.0
khm,2013,56.0
khm,2014,100.0
khm,2015,94.0
khm,2016,49.0
khm,2017,83.0
kir,2000,0.0
kir,2001,0.0
kir,2002,0.0
kir,2003,0.0
kir,2004,0.0
kir,2005,0.0
kir,2006,0.0
kir,2007,0.0
kir,2008,0.0
kir,2009,0.0
kir,2010,0.0
kir,2011,0.0
kir,2012,0.0
kir,2013,0.0
kir,2014,0.0
kir,2015,0.0
kir,2016,0.0
kir,2017,0.0
kna,2000,0.0
kna,2001,0.0
kna,2002,0.0
kna,2003,0.0
kna,2004,0.0
kna,2005,0.0
kna,2006,0.0
kna,2007,0.0
kna,2008,0.0
kna,2009,0.0
kna,2010,0.0
kna,2011,0.0
kna,2012,0.0
kna,2013,0.0
kna,2014,0.0
kna,2015,0.0
kna,2016,0.0
kna,2017,0.0
kor,2000,0.0
kor,2001,0.0
kor,2002,0.0
kor,2003,0.0
kor,2004,0.0
kor,2005,0.0
kor,2006,0.0
kor,2007,0.0
kor,2008,0.0
kor,2009,0.0
kor,2010,0.0
kor,2011,0.0
kor,2012,0.0
kor,2013,0.0
kor,2014,0.0
kor,2015,0.0
kor,2016,0.0
kor,2017,0.0
kwt,2000,0.0
kwt,2001,0.0
kwt,2002,0.0
kwt,2003,0.0
kwt,2004,0.0
kwt,2005,0.0
kwt,2006,0.0
kwt,2007,0.0
kwt,2008,0.0
kwt,2009,0.0
kwt,2010,0.0
kwt,2011,0.0
kwt,2012,0.0
kwt,2013,0.0
kwt,2014,0.0
kwt,2015,0.0
kwt,2016,0.0
kwt,2017,0.0
lao,2000,123.0
lao,2001,52.0
lao,2002,39.0
lao,2003,35.0
lao,2004,29.0
lao,2005,23.0
lao,2006,30.0
lao,2007,25.0
lao,2008,25.0
lao,2009,18.0
lao,2010,24.0
lao,2011,20.0
lao,2012,54.0
lao,2013,36.0
lao,2014,39.0
lao,2015,24.0
lao,2016,7.0
lao,2017,7.0
lbn,2000,0.0
lbn,2001,0.0
lbn,2002,0.0
lbn,2003,0.0
lbn,2004,0.0
lbn,2005,0.0
lbn,2006,0.0
lbn,2007,0.0
lbn,2008,0.0
lbn,2009,0.0
lbn,2010,0.0
lbn,2011,0.0
lbn,2012,0.0
lbn,2013,0.0
lbn,2014,0.0
lbn,2015,0.0
lbn,2016,0.0
lbn,2017,0.0
lbr,2000,2695.5661786014493
lbr,2001,2744.7574449393537
lbr,2002,2738.8441626726803
lbr,2003,2661.7257718049054
lbr,2004,2540.1033242679364
lbr,2005,2416.602094427946
lbr,2006,2338.3223066631585
lbr,2007,2295.4564986928763
lbr,2008,2254.045332783364
lbr,2009,2135.566976323418
lbr,2010,1932.7706362516951
lbr,2011,1696.990444336147
lbr,2012,1473.6232684202707
lbr,2013,1305.738055455636
lbr,2014,1251.485866401307
lbr,2015,1210.5700660010966
lbr,2016,1241.1062304743855
lbr,2017,1230.1263758365894
lby,2000,0.0
lby,2001,0.0
lby,2002,0.0
lby,2003,0.0
lby,2004,0.0
lby,2005,0.0
lby,2006,0.0
lby,2007,0.0
lby,2008,0.0
lby,2009,0.0
lby,2010,0.0
lby,2011,0.0
lby,2012,0.0
lby,2013,0.0
lby,2014,0.0
lby,2015,0.0
lby,2016,0.0
lby,2017,0.0
lca,2000,0.0
lca,2001,0.0
lca,2002,0.0
lca,2003,0.0
lca,2004,0.0
lca,2005,0.0
lca,2006,0.0
lca,2007,0.0
lca,2008,0.0
lca,2009,0.0
lca,2010,0.0
lca,2011,0.0
lca,2012,0.0
lca,2013,0.0
lca,2014,0.0
lca,2015,0.0
lca,2016,0.0
lca,2017,0.0
lka,2000,17.0
lka,2001,11.0
lka,2002,6.0
lka,2003,0.0
lka,2004,0.0
lka,2005,0.0
lka,2006,0.0
lka,2007,0.0
lka,2008,0.0
lka,2009,0.0
lka,2010,0.0
lka,2011,0.0
lka,2012,0.0
lka,2013,0.0
lka,2014,0.0
lka,2015,0.0
lka,2016,0.0
lka,2017,0.0
lso,2000,0.0
lso,2001,0.0
lso,2002,0.0
lso,2003,0.0
lso,2004,0.0
lso,2005,0.0
lso,2006,0.0
lso,2007,0.0
lso,2008,0.0
lso,2009,0.0
lso,2010,0.0
lso,2011,0.0
lso,2012,0.0
lso,2013,0.0
lso,2014,0.0
lso,2015,0.0
lso,2016,0.0
lso,2017,0.0
ltu,2000,0.0
ltu,2001,0.0
ltu,2002,0.0
ltu,2003,0.0
ltu,2004,0.0
ltu,2005,0.0
ltu,2006,0.0
ltu,2007,0.0
ltu,2008,0.0
ltu,2009,0.0
ltu,2010,0.0
ltu,2011,0.0
ltu,2012,0.0
ltu,2013,0.0
ltu,2014,0.0
ltu,2015,0.0
ltu,2016,0.0
ltu,2017,0.0
lux,2000,0.0
lux,2001,0.0
lux,2002,0.0
lux,2003,0.0
lux,2004,0.0
lux,2005,0.0
lux,2006,0.0
lux,2007,0.0
lux,2008,0.0
lux,2009,0.0
lux,2010,0.0
lux,2011,0.0
lux,2012,0.0
lux,2013,0.0
lux,2014,0.0
lux,2015,0.0
lux,2016,0.0
lux,2017,0.0
lva,2000,0.0
lva,2001,0.0
lva,2002,0.0
lva,2003,0.0
lva,2004,0.0
lva,2005,0.0
lva,2006,0.0
lva,2007,0.0
lva,2008,0.0
lva,2009,0.0
lva,2010,0.0
lva,2011,0.0
lva,2012,0.0
lva,2013,0.0
lva,2014,0.0
lva,2015,0.0
lva,2016,0.0
lva,2017,0.0
mar,2000,0.0
mar,2001,0.0
mar,2002,0.0
mar,2003,0.0
mar,2004,0.0
mar,2005,0.0
mar,2006,0.0
mar,2007,0.0
mar,2008,0.0
mar,2009,0.0
mar,2010,0.0
mar,2011,0.0
mar,2012,0.0
mar,2013,0.0
mar,2014,0.0
mar,2015,0.0
mar,2016,0.0
mar,2017,0.0
mco,2000,0.0
mco,2001,0.0
mco,2002,0.0
mco,2003,0.0
mco,2004,0.0
mco,2005,0.0
mco,2006,0.0
mco,2007,0.0
mco,2008,0.0
mco,2009,0.0
mco,2010,0.0
mco,2011,0.0
mco,2012,0.0
mco,2013,0.0
mco,2014,0.0
mco,2015,0.0
mco,2016,0.0
mco,2017,0.0
mda,2000,0.0
mda,2001,0.0
mda,2002,0.0
mda,2003,0.0
mda,2004,0.0
mda,2005,0.0
mda,2006,0.0
mda,2007,0.0
mda,2008,0.0
mda,2009,0.0
mda,2010,0.0
mda,2011,0.0
mda,2012,0.0
mda,2013,0.0
mda,2014,0.0
mda,2015,0.0
mda,2016,0.0
mda,2017,0.0
mdg,2000,785.0
mdg,2001,1027.0
mdg,2002,769.0
mdg,2003,1095.0
mdg,2004,686.0
mdg,2005,512.0
mdg,2006,519.0
mdg,2007,317.0
mdg,2008,340.0
mdg,2009,741.0
mdg,2010,754.0
mdg,2011,653.0
mdg,2012,1802.0
mdg,2013,1768.0
mdg,2014,1120.0
mdg,2015,3273.0
mdg,2016,1560.0
mdg,2017,2398.0
mdv,2000,0.0
mdv,2001,0.0
mdv,2002,0.0
mdv,2003,0.0
mdv,2004,0.0
mdv,2005,0.0
mdv,2006,0.0
mdv,2007,0.0
mdv,2008,0.0
mdv,2009,0.0
mdv,2010,0.0
mdv,2011,0.0
mdv,2012,0.0
mdv,2013,0.0
mdv,2014,0.0
mdv,2015,0.0
mdv,2016,0.0
mdv,2017,0.0
mex,2000,0.0
mex,2001,0.0
mex,2002,0.0
mex,2003,0.0
mex,2004,0.0
mex,2005,0.0
mex,2006,0.0
mex,2007,0.0
mex,2008,0.0
mex,2009,0.0
mex,2010,0.0
mex,2011,0.0
mex,2012,0.0
mex,2013,0.0
mex,2014,0.0
mex,2015,0.0
mex,2016,0.0
mex,2017,0.0
mhl,2000,0.0
mhl,2001,0.0
mhl,2002,0.0
mhl,2003,0.0
mhl,2004,0.0
mhl,2005,0.0
mhl,2006,0.0
mhl,2007,0.0
mhl,2008,0.0
mhl,2009,0.0
mhl,2010,0.0
mhl,2011,0.0
mhl,2012,0.0
mhl,2013,0.0
mhl,2014,0.0
mhl,2015,0.0
mhl,2016,0.0
mhl,2017,0.0
mkd,2000,0.0
mkd,2001,0.0
mkd,2002,0.0
mkd,2003,0.0
mkd,2004,0.0
mkd,2005,0.0
mkd,2006,0.0
mkd,2007,0.0
mkd,2008,0.0
mkd,2009,0.0
mkd,2010,0.0
mkd,2011,0.0
mkd,2012,0.0
mkd,2013,0.0
mkd,2014,0.0
mkd,2015,0.0
mkd,2016,0.0
mkd,2017,0.0
mli,2000,19710.37079046936
mli,2001,20288.287081039587
mli,2002,20897.969474470483
mli,2003,20714.4470022559
mli,2004,20570.738632472414
mli,2005,19810.236475118232
mli,2006,18581.55894059839
mli,2007,17795.194588499875
mli,2008,16517.26066415958
mli,2009,16517.78069311637
mli,2010,16938.430653420404
mli,2011,18598.161395455783
mli,2012,18963.179966397598
mli,2013,18905.410994037564
mli,2014,17339.221621037417
mli,2015,15239.990749754343
mli,2016,13035.105948301354
mli,2017,11457.542900817172
mlt,2000,0.0
mlt,2001,0.0
mlt,2002,0.0
mlt,2003,0.0
mlt,2004,0.0
mlt,2005,0.0
mlt,2006,0.0
mlt,2007,0.0
mlt,2008,0.0
mlt,2009,0.0
mlt,2010,0.0
mlt,2011,0.0
mlt,2012,0.0
mlt,2013,0.0
mlt,2014,0.0
mlt,2015,0.0
mlt,2016,0.0
mlt,2017,0.0
mmr,2000,743.0
mmr,2001,752.0
mmr,2002,760.0
mmr,2003,768.0
mmr,2004,775.0
mmr,2005,782.0
mmr,2006,526.0
mmr,2007,684.0
mmr,2008,890.0
mmr,2009,824.0
mmr,2010,1112.0
mmr,2011,651.0
mmr,2012,1041.0
mmr,2013,332.0
mmr,2014,217.0
mmr,2015,177.0
mmr,2016,102.0
mmr,2017,49.0
mne,2000,0.0
mne,2001,0.0
mne,2002,0.0
mne,2003,0.0
mne,2004,0.0
mne,2005,0.0
mne,2006,0.0
mne,2007,0.0
mne,2008,0.0
mne,2009,0.0
mne,2010,0.0
mne,2011,0.0
mne,2012,0.0
mne,2013,0.0
mne,2014,0.0
mne,2015,0.0
mne,2016,0.0
mne,2017,0.0
mng,2000,0.0
mng,2001,0.0
mng,2002,0.0
mng,2003,0.0
mng,2004,0.0
mng,2005,0.0
mng,2006,0.0
mng,2007,0.0
mng,2008,0.0
mng,2009,0.0
mng,2010,0.0
mng,2011,0.0
mng,2012,0.0
mng,2013,0.0
mng,2014,0.0
mng,2015,0.0
mng,2016,0.0
mng,2017,0.0
moz,2000,34865.01652581491
moz,2001,33602.77752306214
moz,2002,31607.308133991926
moz,2003,28963.32039242801
moz,2004,25769.03711875674
moz,2005,22349.22222568433
moz,2006,19263.117482649777
moz,2007,16790.784899681137
moz,2008,15055.074631070993
moz,2009,14193.21726877429
moz,2010,13801.377592281922
moz,2011,13626.558120982381
moz,2012,13377.910785084425
moz,2013,13252.07500361526
moz,2014,12601.848771876203
moz,2015,11659.273074679515
moz,2016,10816.97713832073
moz,2017,10131.100925699491
mrt,2000,413.88318789068074
mrt,2001,435.71610891112425
mrt,2002,455.9204097110954
mrt,2003,471.94300425535937
mrt,2004,481.6352547896721
mrt,2005,483.56322743847335
mrt,2006,477.4611501946901
mrt,2007,471.3145341524066
mrt,2008,467.92847439883315
mrt,2009,470.9374690504248
mrt,2010,473.72513944503737
mrt,2011,474.76358334120624
mrt,2012,475.4396978330359
mrt,2013,473.5412026194467
mrt,2014,507.0422941319423
mrt,2015,510.9303130511103
mrt,2016,505.25731955652196
mrt,2017,499.5186227180655
mus,2000,0.0
mus,2001,0.0
mus,2002,0.0
mus,2003,0.0
mus,2004,0.0
mus,2005,0.0
mus,2006,0.0
mus,2007,0.0
mus,2008,0.0
mus,2009,0.0
mus,2010,0.0
mus,2011,0.0
mus,2012,0.0
mus,2013,0.0
mus,2014,0.0
mus,2015,0.0
mus,2016,0.0
mus,2017,0.0
mwi,2000,24395.67130090426
mwi,2001,22485.249690241733
mwi,2002,19706.629275425177
mwi,2003,16338.421086520382
mwi,2004,13020.422874849377
mwi,2005,10335.53033392728
mwi,2006,8904.107561377563
mwi,2007,7942.477347800648
mwi,2008,7387.699961954567
mwi,2009,7062.285113744938
mwi,2010,6191.679007895685
mwi,2011,5670.368912135758
mwi,2012,5301.5829536113415
mwi,2013,4538.841151675459
mwi,2014,4006.626576252763
mwi,2015,3543.9385326764723
mwi,2016,3223.789998471816
mwi,2017,3007.170104153978
mys,2000,7.0
mys,2001,10.0
mys,2002,8.0
mys,2003,4.0
mys,2004,7.0
mys,2005,7.0
mys,2006,4.0
mys,2007,3.0
mys,2008,4.0
mys,2009,5.0
mys,2010,2.0
mys,2011,2.0
mys,2012,2.0
mys,2013,2.0
mys,2014,0.0
mys,2015,0.0
mys,2016,0.0
mys,2017,2.0
nam,2000,92.0
nam,2001,125.0
nam,2002,81.0
nam,2003,80.0
nam,2004,136.0
nam,2005,69.0
nam,2006,67.0
nam,2007,21.0
nam,2008,7.0
nam,2009,3.0
nam,2010,1.0
nam,2011,2.0
nam,2012,3.0
nam,2013,4.0
nam,2014,16.0
nam,2015,12.0
nam,2016,27.0
nam,2017,68.0
ner,2000,15855.919580797548
ner,2001,16578.044746634656
ner,2002,17133.657507759523
ner,2003,17380.562012716153
ner,2004,17313.42198452581
ner,2005,16943.187287024666
ner,2006,16707.208339989684
ner,2007,17566.775910135624
ner,2008,17709.47568559793
ner,2009,18874.406015088876
ner,2010,20387.222457398337
ner,2011,20842.028695075787
ner,2012,20568.188189850942
ner,2013,19650.59033865694
ner,2014,18436.43544888222
ner,2015,17117.79852928293
ner,2016,16510.15211912829
ner,2017,15372.94375843896
nga,2000,188736.93630358134
nga,2001,190896.89470405717
nga,2002,193677.76575085564
nga,2003,192681.7141670472
nga,2004,194025.69582429732
nga,2005,192465.9689142782
nga,2006,189615.29971626008
nga,2007,178657.5132939355
nga,2008,161712.34639384696
nga,2009,147298.31298514595
nga,2010,137343.54275325718
nga,2011,126887.51744070287
nga,2012,115382.9490205929
nga,2013,106296.46969375566
nga,2014,97393.2006592478
nga,2015,87748.39688445776
nga,2016,79364.29463340122
nga,2017,70336.26665272946
nic,2000,3.0
nic,2001,1.0
nic,2002,1.0
nic,2003,1.0
nic,2004,1.0
nic,2005,1.0
nic,2006,0.0
nic,2007,0.0
nic,2008,0.0
nic,2009,0.0
nic,2010,0.0
nic,2011,0.0
nic,2012,0.0
nic,2013,0.0
nic,2014,0.0
nic,2015,0.0
nic,2016,1.0
nic,2017,2.0
niu,2000,0.0
niu,2001,0.0
niu,2002,0.0
niu,2003,0.0
niu,2004,0.0
niu,2005,0.0
niu,2006,0.0
niu,2007,0.0
niu,2008,0.0
niu,2009,0.0
niu,2010,0.0
niu,2011,0.0
niu,2012,0.0
niu,2013,0.0
niu,2014,0.0
niu,2015,0.0
niu,2016,0.0
niu,2017,0.0
nld,2000,0.0
nld,2001,0.0
nld,2002,0.0
nld,2003,0.0
nld,2004,0.0
nld,2005,0.0
nld,2006,0.0
nld,2007,0.0
nld,2008,0.0
nld,2009,0.0
nld,2010,0.0
nld,2011,0.0
nld,2012,0.0
nld,2013,0.0
nld,2014,0.0
nld,2015,0.0
nld,2016,0.0
nld,2017,0.0
nor,2000,0.0
nor,2001,0.0
nor,2002,0.0
nor,2003,0.0
nor,2004,0.0
nor,2005,0.0
nor,2006,0.0
nor,2007,0.0
nor,2008,0.0
nor,2009,0.0
nor,2010,0.0
nor,2011,0.0
nor,2012,0.0
nor,2013,0.0
nor,2014,0.0
nor,2015,0.0
nor,2016,0.0
nor,2017,0.0
npl,2000,6.0
npl,2001,6.0
npl,2002,15.0
npl,2003,11.0
npl,2004,5.0
npl,2005,6.0
npl,2006,7.0
npl,2007,9.0
npl,2008,6.0
npl,2009,4.0
npl,2010,6.0
npl,2011,2.0
npl,2012,1.0
npl,2013,1.0
npl,2014,0.0
npl,2015,0.0
npl,2016,0.0
npl,2017,0.0
nru,2000,0.0
nru,2001,0.0
nru,2002,0.0
nru,2003,0.0
nru,2004,0.0
nru,2005,0.0
nru,2006,0.0
nru,2007,0.0
nru,2008,0.0
nru,2009,0.0
nru,2010,0.0
nru,2011,0.0
nru,2012,0.0
nru,2013,0.0
nru,2014,0.0
nru,2015,0.0
nru,2016,0.0
nru,2017,0.0
nzl,2000,0.0
nzl,2001,0.0
nzl,2002,0.0
nzl,2003,0.0
nzl,2004,0.0
nzl,2005,0.0
nzl,2006,0.0
nzl,2007,0.0
nzl,2008,0.0
nzl,2009,0.0
nzl,2010,0.0
nzl,2011,0.0
nzl,2012,0.0
nzl,2013,0.0
nzl,2014,0.0
nzl,2015,0.0
nzl,2016,0.0
nzl,2017,0.0
omn,2000,0.0
omn,2001,0.0
omn,2002,0.0
omn,2003,0.0
omn,2004,0.0
omn,2005,0.0
omn,2006,0.0
omn,2007,0.0
omn,2008,0.0
omn,2009,0.0
omn,2010,0.0
omn,2011,0.0
omn,2012,0.0
omn,2013,0.0
omn,2014,0.0
omn,2015,0.0
omn,2016,0.0
omn,2017,0.0
pak,2000,230.0
pak,2001,264.0
pak,2002,230.0
pak,2003,228.0
pak,2004,146.0
pak,2005,211.0
pak,2006,201.0
pak,2007,200.0
pak,2008,154.0
pak,2009,229.0
pak,2010,374.0
pak,2011,421.0
pak,2012,395.0
pak,2013,239.0
pak,2014,224.0
pak,2015,177.0
pak,2016,231.0
pak,2017,183.0
pan,2000,0.0
pan,2001,0.0
pan,2002,0.0
pan,2003,0.0
pan,2004,0.0
pan,2005,0.0
pan,2006,0.0
pan,2007,0.0
pan,2008,0.0
pan,2009,0.0
pan,2010,0.0
pan,2011,0.0
pan,2012,0.0
pan,2013,0.0
pan,2014,0.0
pan,2015,0.0
pan,2016,0.0
pan,2017,0.0
per,2000,4.0
per,2001,5.0
per,2002,2.0
per,2003,2.0
per,2004,1.0
per,2005,0.0
per,2006,1.0
per,2007,0.0
per,2008,0.0
per,2009,0.0
per,2010,0.0
per,2011,0.0
per,2012,1.0
per,2013,0.0
per,2014,0.0
per,2015,1.0
per,2016,1.0
per,2017,2.0
phl,2000,70.0
phl,2001,66.0
phl,2002,71.0
phl,2003,92.0
phl,2004,100.0
phl,2005,70.0
phl,2006,54.0
phl,2007,50.0
phl,2008,32.0
phl,2009,26.0
phl,2010,25.0
phl,2011,10.0
phl,2012,8.0
phl,2013,8.0
phl,2014,6.0
phl,2015,13.0
phl,2016,8.0
phl,2017,7.0
plw,2000,0.0
plw,2001,0.0
plw,2002,0.0
plw,2003,0.0
plw,2004,0.0
plw,2005,0.0
plw,2006,0.0
plw,2007,0.0
plw,2008,0.0
plw,2009,0.0
plw,2010,0.0
plw,2011,0.0
plw,2012,0.0
plw,2013,0.0
plw,2014,0.0
plw,2015,0.0
plw,2016,0.0
plw,2017,0.0
png,2000,2058.0
png,2001,1996.0
png,2002,1584.0
png,2003,1755.0
png,2004,2465.0
png,2005,1744.0
png,2006,1872.0
png,2007,1576.0
png,2008,1444.0
png,2009,2274.0
png,2010,1310.0
png,2011,1091.0
png,2012,1594.0
png,2013,2415.0
png,2014,2113.0
png,2015,974.0
png,2016,1575.0
png,2017,1517.0
pol,2000,0.0
pol,2001,0.0
pol,2002,0.0
pol,2003,0.0
pol,2004,0.0
pol,2005,0.0
pol,2006,0.0
pol,2007,0.0
pol,2008,0.0
pol,2009,0.0
pol,2010,0.0
pol,2011,0.0
pol,2012,0.0
pol,2013,0.0
pol,2014,0.0
pol,2015,0.0
pol,2016,0.0
pol,2017,0.0
prk,2000,0.0
prk,2001,0.0
prk,2002,0.0
prk,2003,0.0
prk,2004,0.0
prk,2005,0.0
prk,2006,0.0
prk,2007,0.0
prk,2008,0.0
prk,2009,0.0
prk,2010,0.0
prk,2011,0.0
prk,2012,0.0
prk,2013,0.0
prk,2014,0.0
prk,2015,0.0
prk,2016,0.0
prk,2017,0.0
prt,2000,1.6092292586073307
prt,2001,0.0
prt,2002,0.0
prt,2003,0.0
prt,2004,0.0
prt,2005,0.0
prt,2006,0.0
prt,2007,0.0
prt,2008,0.0
prt,2009,0.0
prt,2010,0.0
prt,2011,0.0
prt,2012,0.0
prt,2013,0.0
prt,2014,0.0
prt,2015,0.0
prt,2016,0.0
prt,2017,0.0
pry,2000,0.0
pry,2001,0.0
pry,2002,0.0
pry,2003,0.0
pry,2004,0.0
pry,2005,0.0
pry,2006,0.0
pry,2007,0.0
pry,2008,0.0
pry,2009,0.0
pry,2010,0.0
pry,2011,0.0
pry,2012,0.0
pry,2013,0.0
pry,2014,0.0
pry,2015,0.0
pry,2016,0.0
pry,2017,0.0
qat,2000,0.0
qat,2001,0.0
qat,2002,0.0
qat,2003,0.0
qat,2004,0.0
qat,2005,0.0
qat,2006,0.0
qat,2007,0.0
qat,2008,0.0
qat,2009,0.0
qat,2010,0.0
qat,2011,0.0
qat,2012,0.0
qat,2013,0.0
qat,2014,0.0
qat,2015,0.0
qat,2016,0.0
qat,2017,0.0
rou,2000,0.0
rou,2001,0.0
rou,2002,0.0
rou,2003,0.0
rou,2004,0.0
rou,2005,0.0
rou,2006,0.0
rou,2007,0.0
rou,2008,0.0
rou,2009,0.0
rou,2010,0.0
rou,2011,0.0
rou,2012,0.0
rou,2013,0.0
rou,2014,0.0
rou,2015,0.0
rou,2016,0.0
rou,2017,0.0
rus,2000,0.0
rus,2001,0.0
rus,2002,0.0
rus,2003,0.0
rus,2004,0.0
rus,2005,0.0
rus,2006,0.0
rus,2007,0.0
rus,2008,0.0
rus,2009,0.0
rus,2010,0.0
rus,2011,0.0
rus,2012,0.0
rus,2013,0.0
rus,2014,0.0
rus,2015,0.0
rus,2016,0.0
rus,2017,0.0
rwa,2000,3234.2678252498604
rwa,2001,3127.78061882904
rwa,2002,2738.3028762831755
rwa,2003,2434.0242053749334
rwa,2004,2047.72744790218
rwa,2005,1721.9145703630372
rwa,2006,1483.1079575812687
rwa,2007,1310.4137267680342
rwa,2008,1177.5969616481616
rwa,2009,1064.4450706159296
rwa,2010,1025.7698994074651
rwa,2011,932.9636722828997
rwa,2012,864.2686861166621
rwa,2013,795.674368412666
rwa,2014,736.3425775926395
rwa,2015,690.8489352140689
rwa,2016,652.0533827359413
rwa,2017,616.7002509824931
sau,2000,0.0
sau,2001,0.0
sau,2002,0.0
sau,2003,0.0
sau,2004,0.0
sau,2005,0.0
sau,2006,0.0
sau,2007,0.0
sau,2008,0.0
sau,2009,0.0
sau,2010,0.0
sau,2011,0.0
sau,2012,0.0
sau,2013,0.0
sau,2014,0.0
sau,2015,0.0
sau,2016,0.0
sau,2017,0.0
sdn,2000,2138.0
sdn,2001,2063.0
sdn,2002,1987.0
sdn,2003,1883.0
sdn,2004,1912.0
sdn,2005,1983.0
sdn,2006,1373.0
sdn,2007,1221.0
sdn,2008,1076.0
sdn,2009,995.0
sdn,2010,954.0
sdn,2011,885.0
sdn,2012,927.0
sdn,2013,1010.0
sdn,2014,1059.0
sdn,2015,1078.0
sdn,2016,1085.0
sdn,2017,1085.0
sen,2000,3404.6825386645105
sen,2001,3229.7969275702985
sen,2002,2876.515412881419
sen,2003,2514.2428121982275
sen,2004,2217.772189450952
sen,2005,2008.5505071099165
sen,2006,1870.4424548297998
sen,2007,1760.2566808073036
sen,2008,1664.0913501609818
sen,2009,1569.167259219493
sen,2010,1470.4343151055104
sen,2011,1373.6929561678642
sen,2012,1270.8482988960304
sen,2013,1176.5976414589925
sen,2014,1195.7055766425758
sen,2015,1161.9475183173836
sen,2016,1118.4330552624403
sen,2017,1070.7793839467806
sgp,2000,0.0
sgp,2001,0.0
sgp,2002,0.0
sgp,2003,0.0
sgp,2004,0.0
sgp,2005,0.0
sgp,2006,0.0
sgp,2007,0.0
sgp,2008,0.0
sgp,2009,0.0
sgp,2010,0.0
sgp,2011,0.0
sgp,2012,0.0
sgp,2013,0.0
sgp,2014,0.0
sgp,2015,0.0
sgp,2016,0.0
sgp,2017,0.0
slb,2000,29.0
slb,2001,35.0
slb,2002,34.0
slb,2003,26.0
slb,2004,36.0
slb,2005,31.0
slb,2006,29.0
slb,2007,14.0
slb,2008,9.0
slb,2009,8.0
slb,2010,12.0
slb,2011,8.0
slb,2012,7.0
slb,2013,9.0
slb,2014,4.0
slb,2015,7.0
slb,2016,19.0
slb,2017,22.0
sle,2000,10419.348018092795
sle,2001,11258.979309316323
sle,2002,12144.092815996111
sle,2003,12971.823819732357
sle,2004,13775.190834639143
sle,2005,14507.50160733423
sle,2006,15135.026113582398
sle,2007,15695.972984026843
sle,2008,15866.37948424349
sle,2009,15290.242129602018
sle,2010,13979.933495388252
sle,2011,12596.671902384645
sle,2012,10626.797057676087
sle,2013,8846.402087897191
sle,2014,7627.026542790994
sle,2015,6949.47010926817
sle,2016,6562.992022505172
sle,2017,6363.301436724659
slv,2000,0.0
slv,2001,0.0
slv,2002,0.0
slv,2003,0.0
slv,2004,0.0
slv,2005,0.0
slv,2006,0.0
slv,2007,0.0
slv,2008,0.0
slv,2009,0.0
slv,2010,0.0
slv,2011,0.0
slv,2012,0.0
slv,2013,0.0
slv,2014,0.0
slv,2015,0.0
slv,2016,0.0
slv,2017,0.0
smr,2000,0.0
smr,2001,0.0
smr,2002,0.0
smr,2003,0.0
smr,2004,0.0
smr,2005,0.0
smr,2006,0.0
smr,2007,0.0
smr,2008,0.0
smr,2009,0.0
smr,2010,0.0
smr,2011,0.0
smr,2012,0.0
smr,2013,0.0
smr,2014,0.0
smr,2015,0.0
smr,2016,0.0
smr,2017,0.0
som,2000,1316.0
som,2001,1371.0
som,2002,1425.0
som,2003,1387.0
som,2004,1417.0
som,2005,1769.0
som,2006,1509.0
som,2007,1201.0
som,2008,646.0
som,2009,349.0
som,2010,259.0
som,2011,211.0
som,2012,218.0
som,2013,264.0
som,2014,319.0
som,2015,394.0
som,2016,405.0
som,2017,415.0
srb,2000,0.0
srb,2001,0.0
srb,2002,0.0
srb,2003,0.0
srb,2004,0.0
srb,2005,0.0
srb,2006,0.0
srb,2007,0.0
srb,2008,0.0
srb,2009,0.0
srb,2010,0.0
srb,2011,0.0
srb,2012,0.0
srb,2013,0.0
srb,2014,0.0
srb,2015,0.0
srb,2016,0.0
srb,2017,0.0
ssd,2000,5939.706853367903
ssd,2001,5764.823011834798
ssd,2002,5408.397306368749
ssd,2003,5035.070439427849
ssd,2004,4665.5473800262025
ssd,2005,4200.669124092612
ssd,2006,3862.954462359448
ssd,2007,3544.418725580864
ssd,2008,3312.0584247598617
ssd,2009,2966.710466716967
ssd,2010,2651.724676215541
ssd,2011,2401.655170836859
ssd,2012,2175.415726989344
ssd,2013,2150.325172618932
ssd,2014,2303.509253750608
ssd,2015,2460.421795534881
ssd,2016,2620.7100513607106
ssd,2017,2777.99120517603
stp,2000,90.0
stp,2001,88.0
stp,2002,93.0
stp,2003,92.0
stp,2004,93.0
stp,2005,51.0
stp,2006,9.0
stp,2007,1.0
stp,2008,5.0
stp,2009,8.0
stp,2010,4.0
stp,2011,6.0
stp,2012,2.0
stp,2013,3.0
stp,2014,0.0
stp,2015,0.0
stp,2016,0.0
stp,2017,0.0
sur,2000,6.0
sur,2001,6.0
sur,2002,3.0
sur,2003,4.0
sur,2004,1.0
sur,2005,0.0
sur,2006,0.0
sur,2007,0.0
sur,2008,0.0
sur,2009,0.0
sur,2010,0.0
sur,2011,0.0
sur,2012,0.0
sur,2013,0.0
sur,2014,0.0
sur,2015,0.0
sur,2016,0.0
sur,2017,0.0
svk,2000,0.0
svk,2001,0.0
svk,2002,0.0
svk,2003,0.0
svk,2004,0.0
svk,2005,0.0
svk,2006,0.0
svk,2007,0.0
svk,2008,0.0
svk,2009,0.0
svk,2010,0.0
svk,2011,0.0
svk,2012,0.0
svk,2013,0.0
svk,2014,0.0
svk,2015,0.0
svk,2016,0.0
svk,2017,0.0
svn,2000,0.0
svn,2001,0.0
svn,2002,0.0
svn,2003,0.0
svn,2004,0.0
svn,2005,0.0
svn,2006,0.0
svn,2007,0.0
svn,2008,0.0
svn,2009,0.0
svn,2010,0.0
svn,2011,0.0
svn,2012,0.0
svn,2013,0.0
svn,2014,0.0
svn,2015,0.0
svn,2016,0.0
svn,2017,0.0
swe,2000,0.0
swe,2001,0.0
swe,2002,0.0
swe,2003,0.0
swe,2004,0.0
swe,2005,1.1343454471069563
swe,2006,0.0
swe,2007,0.0
swe,2008,0.0
swe,2009,0.0
swe,2010,0.0
swe,2011,0.0
swe,2012,0.0
swe,2013,0.0
swe,2014,0.0
swe,2015,0.0
swe,2016,0.0
swe,2017,0.0
swz,2000,0.0
swz,2001,0.0
swz,2002,0.0
swz,2003,0.0
swz,2004,0.0
swz,2005,0.0
swz,2006,0.0
swz,2007,0.0
swz,2008,0.0
swz,2009,0.0
swz,2010,0.0
swz,2011,0.0
swz,2012,0.0
swz,2013,0.0
swz,2014,0.0
swz,2015,0.0
swz,2016,0.0
swz,2017,0.0
syc,2000,0.0
syc,2001,0.0
syc,2002,0.0
syc,2003,0.0
syc,2004,0.0
syc,2005,0.0
syc,2006,0.0
syc,2007,0.0
syc,2008,0.0
syc,2009,0.0
syc,2010,0.0
syc,2011,0.0
syc,2012,0.0
syc,2013,0.0
syc,2014,0.0
syc,2015,0.0
syc,2016,0.0
syc,2017,0.0
syr,2000,0.0
syr,2001,0.0
syr,2002,0.0
syr,2003,0.0
syr,2004,0.0
syr,2005,0.0
syr,2006,0.0
syr,2007,0.0
syr,2008,0.0
syr,2009,0.0
syr,2010,0.0
syr,2011,0.0
syr,2012,0.0
syr,2013,0.0
syr,2014,0.0
syr,2015,0.0
syr,2016,0.0
syr,2017,0.0
tcd,2000,5780.780941888578
tcd,2001,5959.341464090781
tcd,2002,6553.77317273092
tcd,2003,6719.692398214524
tcd,2004,7209.7406132658125
tcd,2005,7894.4522693046465
tcd,2006,9157.456695592253
tcd,2007,10070.132258053722
tcd,2008,11600.052431206643
tcd,2009,11997.161908170421
tcd,2010,11808.280696987329
tcd,2011,10859.06463974
tcd,2012,9558.793409120026
tcd,2013,8547.451169712058
tcd,2014,7595.357995256008
tcd,2015,6982.891634355926
tcd,2016,6606.2039049054065
tcd,2017,6364.016911190166
tgo,2000,5590.538354871584
tgo,2001,5513.237778243998
tgo,2002,5526.474863566134
tgo,2003,5637.834234325356
tgo,2004,5776.374997955607
tgo,2005,5847.274915342708
tgo,2006,5761.121750013357
tgo,2007,5466.689528866586
tgo,2008,5049.112351660541
tgo,2009,4618.355009096212
tgo,2010,4225.222368344766
tgo,2011,3951.965844540586
tgo,2012,3791.533687557018
tgo,2013,3780.532881093888
tgo,2014,4000.516149897539
tgo,2015,4311.351046727001
tgo,2016,4399.992923010998
tgo,2017,4334.794098303602
tha,2000,145.0
tha,2001,97.0
tha,2002,82.0
tha,2003,46.0
tha,2004,52.0
tha,2005,36.0
tha,2006,25.0
tha,2007,21.0
tha,2008,22.0
tha,2009,15.0
tha,2010,17.0
tha,2011,9.0
tha,2012,8.0
tha,2013,10.0
tha,2014,8.0
tha,2015,7.0
tha,2016,6.0
tha,2017,2.0
tjk,2000,0.0
tjk,2001,0.0
tjk,2002,0.0
tjk,2003,0.0
tjk,2004,0.0
tjk,2005,0.0
tjk,2006,0.0
tjk,2007,0.0
tjk,2008,0.0
tjk,2009,0.0
tjk,2010,0.0
tjk,2011,0.0
tjk,2012,0.0
tjk,2013,0.0
tjk,2014,0.0
tjk,2015,0.0
tjk,2016,0.0
tjk,2017,0.0
tkm,2000,0.0
tkm,2001,0.0
tkm,2002,0.0
tkm,2003,0.0
tkm,2004,0.0
tkm,2005,0.0
tkm,2006,0.0
tkm,2007,0.0
tkm,2008,0.0
tkm,2009,0.0
tkm,2010,0.0
tkm,2011,0.0
tkm,2012,0.0
tkm,2013,0.0
tkm,2014,0.0
tkm,2015,0.0
tkm,2016,0.0
tkm,2017,0.0
tls,2000,62.0
tls,2001,63.0
tls,2002,49.0
tls,2003,25.0
tls,2004,149.0
tls,2005,89.0
tls,2006,97.0
tls,2007,86.0
tls,2008,114.0
tls,2009,73.0
tls,2010,73.0
tls,2011,19.0
tls,2012,2.0
tls,2013,0.0
tls,2014,0.0
tls,2015,0.0
tls,2016,0.0
tls,2017,0.0
ton,2000,0.0
ton,2001,0.0
ton,2002,0.0
ton,2003,0.0
ton,2004,0.0
ton,2005,0.0
ton,2006,0.0
ton,2007,0.0
ton,2008,0.0
ton,2009,0.0
ton,2010,0.0
ton,2011,0.0
ton,2012,0.0
ton,2013,0.0
ton,2014,0.0
ton,2015,0.0
ton,2016,0.0
ton,2017,0.0
tto,2000,0.0
tto,2001,0.0
tto,2002,0.0
tto,2003,0.0
tto,2004,0.0
tto,2005,0.0
tto,2006,0.0
tto,2007,0.0
tto,2008,0.0
tto,2009,0.0
tto,2010,0.0
tto,2011,0.0
tto,2012,0.0
tto,2013,0.0
tto,2014,0.0
tto,2015,0.0
tto,2016,0.0
tto,2017,0.0
tun,2000,0.0
tun,2001,0.0
tun,2002,0.0
tun,2003,0.0
tun,2004,0.0
tun,2005,0.0
tun,2006,0.0
tun,2007,0.0
tun,2008,0.0
tun,2009,0.0
tun,2010,0.0
tun,2011,0.0
tun,2012,0.0
tun,2013,0.0
tun,2014,0.0
tun,2015,0.0
tun,2016,0.0
tun,2017,0.0
tur,2000,0.0
tur,2001,0.0
tur,2002,0.0
tur,2003,0.0
tur,2004,0.0
tur,2005,0.0
tur,2006,0.0
tur,2007,0.0
tur,2008,0.0
tur,2009,0.0
tur,2010,0.0
tur,2011,0.0
tur,2012,0.0
tur,2013,0.0
tur,2014,0.0
tur,2015,0.0
tur,2016,0.0
tur,2017,0.0
tuv,2000,0.0
tuv,2001,0.0
tuv,2002,0.0
tuv,2003,0.0
tuv,2004,0.0
tuv,2005,0.0
tuv,2006,0.0
tuv,2007,0.0
tuv,2008,0.0
tuv,2009,0.0
tuv,2010,0.0
tuv,2011,0.0
tuv,2012,0.0
tuv,2013,0.0
tuv,2014,0.0
tuv,2015,0.0
tuv,2016,0.0
tuv,2017,0.0
tza,2000,21997.43489006684
tza,2001,20589.144563319758
tza,2002,18538.857134299433
tza,2003,17162.415167494437
tza,2004,15188.399622725965
tza,2005,13302.908477536548
tza,2006,11677.677216925971
tza,2007,10273.574745553087
tza,2008,9316.462736018644
tza,2009,8676.636229985093
tza,2010,8135.510811758022
tza,2011,7597.370434891082
tza,2012,7191.918549930228
tza,2013,7648.329577451514
tza,2014,7567.815806519393
tza,2015,7466.223823640418
tza,2016,7338.763943861543
tza,2017,7201.004972832501
uga,2000,41884.14963469713
uga,2001,39101.17181099101
uga,2002,36515.06071046166
uga,2003,33764.75901999362
uga,2004,33154.45365255001
uga,2005,31843.8914308573
uga,2006,29400.36636664347
uga,2007,26981.111109948553
uga,2008,24405.697121049863
uga,2009,20892.266690712895
uga,2010,17253.26724347932
uga,2011,13938.69401964599
uga,2012,11212.015676901634
uga,2013,9487.148243571184
uga,2014,9073.631590953377
uga,2015,8713.129084662229
uga,2016,8834.195491605784
uga,2017,8948.677807667595
ukr,2000,0.0
ukr,2001,0.0
ukr,2002,0.0
ukr,2003,0.0
ukr,2004,0.0
ukr,2005,0.0
ukr,2006,0.0
ukr,2007,0.0
ukr,2008,0.0
ukr,2009,0.0
ukr,2010,0.0
ukr,2011,0.0
ukr,2012,0.0
ukr,2013,0.0
ukr,2014,0.0
ukr,2015,0.0
ukr,2016,0.0
ukr,2017,0.0
ury,2000,0.0
ury,2001,0.0
ury,2002,0.0
ury,2003,0.0
ury,2004,0.0
ury,2005,0.0
ury,2006,0.0
ury,2007,0.0
ury,2008,0.0
ury,2009,0.0
ury,2010,0.0
ury,2011,0.0
ury,2012,0.0
ury,2013,0.0
ury,2014,0.0
ury,2015,0.0
ury,2016,0.0
ury,2017,0.0
usa,2000,0.0
usa,2001,0.0
usa,2002,0.0
usa,2003,0.0
usa,2004,0.0
usa,2005,0.0
usa,2006,1.5905073895243897
usa,2007,0.0
usa,2008,0.0
usa,2009,1.6327007599441048
usa,2010,0.0
usa,2011,1.7131249472721275
usa,2012,0.0
usa,2013,0.0
usa,2014,1.6236762526281439
usa,2015,0.0
usa,2016,0.0
usa,2017,0.5561695235848836
uzb,2000,0.0
uzb,2001,0.0
uzb,2002,0.0
uzb,2003,0.0
uzb,2004,0.0
uzb,2005,0.0
uzb,2006,0.0
uzb,2007,0.0
uzb,2008,0.0
uzb,2009,0.0
uzb,2010,0.0
uzb,2011,0.0
uzb,2012,0.0
uzb,2013,0.0
uzb,2014,0.0
uzb,2015,0.0
uzb,2016,0.0
uzb,2017,0.0
vct,2000,0.0
vct,2001,0.0
vct,2002,0.0
vct,2003,0.0
vct,2004,0.0
vct,2005,0.0
vct,2006,0.0
vct,2007,0.0
vct,2008,0.0
vct,2009,0.0
vct,2010,0.0
vct,2011,0.0
vct,2012,0.0
vct,2013,0.0
vct,2014,0.0
vct,2015,0.0
vct,2016,0.0
vct,2017,0.0
ven,2000,6.0
ven,2001,3.0
ven,2002,4.0
ven,2003,6.0
ven,2004,7.0
ven,2005,8.0
ven,2006,8.0
ven,2007,9.0
ven,2008,6.0
ven,2009,8.0
ven,2010,11.0
ven,2011,11.0
ven,2012,14.0
ven,2013,25.0
ven,2014,27.0
ven,2015,37.0
ven,2016,65.0
ven,2017,107.0
vnm,2000,99.0
vnm,2001,90.0
vnm,2002,64.0
vnm,2003,46.0
vnm,2004,27.0
vnm,2005,18.0
vnm,2006,21.0
vnm,2007,12.0
vnm,2008,8.0
vnm,2009,10.0
vnm,2010,10.0
vnm,2011,8.0
vnm,2012,9.0
vnm,2013,7.0
vnm,2014,6.0
vnm,2015,3.0
vnm,2016,1.0
vnm,2017,2.0
vut,2000,13.0
vut,2001,8.0
vut,2002,23.0
vut,2003,32.0
vut,2004,20.0
vut,2005,12.0
vut,2006,10.0
vut,2007,13.0
vut,2008,13.0
vut,2009,7.0
vut,2010,6.0
vut,2011,4.0
vut,2012,3.0
vut,2013,1.0
vut,2014,0.0
vut,2015,0.0
vut,2016,0.0
vut,2017,0.0
wsm,2000,0.0
wsm,2001,0.0
wsm,2002,0.0
wsm,2003,0.0
wsm,2004,0.0
wsm,2005,0.0
wsm,2006,0.0
wsm,2007,0.0
wsm,2008,0.0
wsm,2009,0.0
wsm,2010,0.0
wsm,2011,0.0
wsm,2012,0.0
wsm,2013,0.0
wsm,2014,0.0
wsm,2015,0.0
wsm,2016,0.0
wsm,2017,0.0
yem,2000,390.0
yem,2001,443.0
yem,2002,503.0
yem,2003,440.0
yem,2004,338.0
yem,2005,353.0
yem,2006,441.0
yem,2007,641.0
yem,2008,372.0
yem,2009,509.0
yem,2010,922.0
yem,2011,585.0
yem,2012,637.0
yem,2013,506.0
yem,2014,938.0
yem,2015,786.0
yem,2016,465.0
yem,2017,537.0
zaf,2000,98.0
zaf,2001,18.0
zaf,2002,21.0
zaf,2003,32.0
zaf,2004,19.0
zaf,2005,14.0
zaf,2006,19.0
zaf,2007,8.0
zaf,2008,9.0
zaf,2009,10.0
zaf,2010,18.0
zaf,2011,12.0
zaf,2012,16.0
zaf,2013,23.0
zaf,2014,39.0
zaf,2015,24.0
zaf,2016,7.0
zaf,2017,62.0
zmb,2000,7187.1358118646485
zmb,2001,7147.061402608803
zmb,2002,6767.962014989813
zmb,2003,6125.7574754577945
zmb,2004,5347.534258671246
zmb,2005,4500.894374992891
zmb,2006,3802.686422846935
zmb,2007,3326.631852110364
zmb,2008,3038.37450749941
zmb,2009,2898.7017018248166
zmb,2010,2860.4105404465176
zmb,2011,2893.499493830507
zmb,2012,2955.433119656803
zmb,2013,3011.374182932145
zmb,2014,3295.8283974159867
zmb,2015,3242.98953024357
zmb,2016,3175.101357194509
zmb,2017,3070.764374216657
zwe,2000,987.0
zwe,2001,999.0
zwe,2002,1010.0
zwe,2003,1021.0
zwe,2004,1032.0
zwe,2005,1046.0
zwe,2006,1060.0
zwe,2007,2037.0
zwe,2008,624.0
zwe,2009,813.0
zwe,2010,1061.0
zwe,2011,598.0
zwe,2012,464.0
zwe,2013,751.0
zwe,2014,1024.0
zwe,2015,1000.0
zwe,2016,601.0
zwe,2017,1184.0
